<?xml version="1.0" encoding="UTF-8"?>
<kml xmlns="http://www.opengis.net/kml/2.2">
<Document><name>50 states or less</name>
<description>Where we have been throughout the trip</description>
<Style id="linecolor">
<LineStyle><color>FFba923c</color><width>4</width>
</LineStyle>
</Style>

<Placemark><name>Day 1</name>
<description>Leaving Home and heading to Applied to finish the brakes.</description>
<styleUrl>#linecolor</styleUrl>
<LineString>
<tessellate>1</tessellate>
<altitudeMode>clampToGround</altitudeMode>
<coordinates>
-122.286887,37.823582,0 
-122.288818,37.823074,0 
-122.289419,37.819209,0 
-122.290878,37.817582,0 
-122.294312,37.819412,0 
-122.296457,37.816836,0 
-122.302809,37.812089,0 
-122.303925,37.812022,0 
-122.305126,37.809445,0 
-122.303925,37.804969,0 
-122.300749,37.802867,0 
-122.296028,37.802121,0 
-122.292166,37.80246,0 
-122.287016,37.802528,0 
-122.27294,37.797645,0 
-122.264528,37.793711,0 
-122.261181,37.791066,0 
-122.258005,37.789709,0 
-122.248564,37.787539,0 
-122.237062,37.777092,0 
-122.227793,37.773089,0 
-122.2223,37.770918,0 
-122.213974,37.761012,0 
-122.187195,37.72891,0 
-122.170029,37.713702,0 
-122.13089,37.685451,0 
-122.111664,37.674038,0 
-122.078705,37.621846,0 
-122.050552,37.583766,0 
-122.045059,37.570705,0 
-122.02858,37.556554,0 
-122.01622,37.540766,0 
-121.989441,37.523342,0 
-121.947556,37.491749,0 
-121.939981,37.485603,0 
-121.938887,37.483168,0 
-121.932106,37.485364,0 
-121.932042,37.484785,0 
-121.932986,37.484309,0 
-121.934552,37.483577,0 
-121.934681,37.482368,0 
-121.933887,37.481091,0 
-121.933908,37.480239,0 
-121.932364,37.476987,0 
-121.930454,37.473053,0 
-121.927814,37.473819,0 
</coordinates>
</LineString>
</Placemark>

<Placemark><name>Day 6</name>
<description>Brakes are all done and we're on our first real day on the road.</description>
<styleUrl>#linecolor</styleUrl>
<LineString>
<tessellate>1</tessellate>
<altitudeMode>clampToGround</altitudeMode>
<coordinates>
-121.931076,37.478945,0 
-121.935196,37.482759,0 
-121.934853,37.484394,0 
-121.927986,37.486846,0 
-121.929703,37.48957,0 
-121.923523,37.495563,0 
-121.932793,37.504006,0 
-121.939659,37.514083,0 
-121.945839,37.524975,0 
-121.945839,37.526881,0 
-121.944809,37.527698,0 
-121.943436,37.52906,0 
-121.938629,37.532054,0 
-121.926613,37.538861,0 
-121.924896,37.540222,0 
-121.920776,37.543761,0 
-121.919403,37.548933,0 
-121.91597,37.554921,0 
-121.91185,37.559548,0 
-121.90567,37.561453,0 
-121.899147,37.566351,0 
-121.889191,37.572066,0 
-121.885414,37.574243,0 
-121.879578,37.576147,0 
-121.875114,37.580229,0 
-121.870651,37.589479,0 
-121.870308,37.592199,0 
-121.872368,37.595192,0 
-121.873398,37.597912,0 
-121.872368,37.600904,0 
-121.872025,37.603352,0 
-121.874771,37.612056,0 
-121.879921,37.62239,0 
-121.879921,37.627556,0 
-121.883354,37.63381,0 
-121.884384,37.640335,0 
-121.905327,37.66045,0 
-121.908417,37.664255,0 
-121.916656,37.685179,0 
-121.921806,37.699034,0 
-121.919403,37.701207,0 
-121.915283,37.701479,0 
-121.81572,37.700392,0 
-121.79821,37.701479,0 
-121.786194,37.698491,0 
-121.761131,37.702566,0 
-121.754265,37.702566,0 
-121.740875,37.701751,0 
-121.703796,37.717232,0 
-121.679077,37.722121,0 
-121.674271,37.721578,0 
-121.667747,37.718047,0 
-121.657448,37.720763,0 
-121.640968,37.725379,0 
-121.637535,37.726737,0 
-121.632729,37.730267,0 
-121.629295,37.733254,0 
-121.610069,37.734612,0 
-121.596336,37.738141,0 
-121.57608,37.741942,0 
-121.569557,37.742214,0 
-121.558571,37.739499,0 
-121.537628,37.721849,0 
-121.500549,37.698491,0 
-121.424675,37.652568,0 
-121.38279,37.627556,0 
-121.369057,37.618311,0 
-121.338844,37.594104,0 
-121.218338,37.499376,0 
-121.214561,37.496925,0 
-121.178856,37.461778,0 
-121.16581,37.444608,0 
-121.160316,37.435885,0 
-121.147957,37.410528,0 
-121.129074,37.383798,0 
-121.083412,37.225134,0 
-121.076889,37.197792,0 
-121.05423,37.163053,0 
-121.023331,37.116252,0 
-121.016121,37.106396,0 
-121.016464,37.101467,0 
-121.035004,37.101741,0 
-121.035004,37.102836,0 
</coordinates>
</LineString>
</Placemark>

<Placemark><name>Day 7</name>
<description>Heading to see the air museum and the bulldozer building</description>
<styleUrl>#linecolor</styleUrl>
<LineString>
<tessellate>1</tessellate>
<altitudeMode>clampToGround</altitudeMode>
<coordinates>
-121.03466,37.101741,0 
-121.03466,37.100098,0 
-121.015778,37.10092,0 
-121.014404,37.151561,0 
-121.012344,37.218026,0 
-121.013031,37.246728,0 
-121.012001,37.252194,0 
-121.005135,37.253014,0 
-120.997581,37.25438,0 
-120.998611,37.259572,0 
-120.997238,37.260392,0 
-120.969429,37.260392,0 
-120.965309,37.262304,0 
-120.94883,37.285526,0 
-120.934753,37.305191,0 
-120.93029,37.310106,0 
-120.914497,37.313929,0 
-120.851669,37.313383,0 
-120.850296,37.362244,0 
-120.854416,37.366064,0 
-120.854416,37.369066,0 
-120.850983,37.371521,0 
-120.849609,37.458236,0 
-120.849953,37.472951,0 
-120.857162,37.475403,0 
-120.840683,37.471043,0 
-120.82695,37.464504,0 
-120.816994,37.461233,0 
-120.805321,37.456873,0 
-120.793304,37.446516,0 
-120.775452,37.43016,0 
-120.761032,37.417618,0 
-120.752106,37.409437,0 
-120.745239,37.402619,0 
-120.735626,37.390345,0 
-120.72258,37.388163,0 
-120.7061,37.382162,0 
-120.688934,37.375614,0 
-120.678291,37.372886,0 
-120.656662,37.363336,0 
-120.648766,37.362517,0 
-120.638809,37.356513,0 
-120.630226,37.354603,0 
-120.620613,37.348872,0 
-120.60379,37.34123,0 
-120.599327,37.339865,0 
-120.595551,37.343686,0 
-120.595207,37.351055,0 
-120.595551,37.357332,0 
-120.595551,37.361153,0 
-120.595207,37.373977,0 
-120.595551,37.378888,0 
-120.583878,37.367156,0 
-120.575638,37.361971,0 
-120.576668,37.334678,0 
-120.576668,37.30246,0 
-120.59761,37.30246,0 
-120.61512,37.30246,0 
-120.649109,37.30246,0 
-120.671425,37.300821,0 
-120.696831,37.299183,0 
-120.723953,37.300275,0 
-120.753822,37.301641,0 
-120.779915,37.307103,0 
-120.785408,37.309287,0 
-120.796051,37.30956,0 
-120.808411,37.313656,0 
-120.812874,37.312837,0 
-120.831757,37.312837,0 
-120.842056,37.313656,0 
-120.849953,37.312837,0 
</coordinates>
</LineString>
</Placemark>

<Placemark><name>Day 9</name>
<description>Last day of fog. Heading out of the central valley</description>
<styleUrl>#linecolor</styleUrl>
<LineString>
<tessellate>1</tessellate>
<altitudeMode>clampToGround</altitudeMode>
<coordinates>
-121.034317,37.102836,0 
-121.035004,37.100646,0 
-121.011658,37.100646,0 
-120.967026,37.054081,0 
-120.964279,37.057369,0 
-120.957413,37.056273,0 
-120.872955,37.056821,0 
-120.786438,37.055725,0 
-120.730133,37.055177,0 
-120.652542,37.054081,0 
-120.621643,37.047505,0 
-120.598297,37.048053,0 
-120.585937,37.049149,0 
-120.552979,37.054629,0 
-120.539932,37.065588,0 
-120.514526,37.074354,0 
-120.49324,37.084215,0 
-120.38269,37.084215,0 
-120.29686,37.083119,0 
-120.211029,37.084762,0 
-120.160217,37.045861,0 
-120.103226,36.999811,0 
-120.0737,36.971838,0 
-120.064774,36.958122,0 
-120.046234,36.947148,0 
-119.991989,36.896096,0 
-119.949417,36.854351,0 
-119.945297,36.849406,0 
-119.924698,36.838416,0 
-119.897919,36.816431,0 
-119.868393,36.79389,0 
-119.847794,36.781242,0 
-119.826508,36.751539,0 
-119.812775,36.740535,0 
-119.796295,36.729529,0 
-119.757156,36.690997,0 
-119.714584,36.652996,0 
-119.665833,36.609465,0 
-119.570389,36.525088,0 
-119.544983,36.504669,0 
-119.523697,36.49363,0 
-119.509277,36.482589,0 
-119.490738,36.454979,0 
-119.474945,36.433989,0 
-119.429626,36.364351,0 
-119.428253,36.352186,0 
-119.409714,36.330062,0 
-119.386368,36.301292,0 
-119.341736,36.234304,0 
-119.32869,36.216579,0 
-119.328003,36.1922,0 
-119.329376,36.170585,0 
-119.332123,36.158944,0 
-119.32663,36.137875,0 
-119.32457,36.116245,0 
-119.323883,36.099602,0 
-119.319763,36.082402,0 
-119.312897,36.062422,0 
-119.31015,36.049654,0 
-119.307404,36.031887,0 
-119.301224,36.005229,0 
-119.290924,35.966892,0 
-119.287491,35.94188,0 
-119.281998,35.928537,0 
-119.281311,35.915191,0 
-119.271698,35.887381,0 
-119.270325,35.874585,0 
-119.270325,35.865126,0 
-119.259338,35.835072,0 
-119.258652,35.82004,0 
-119.254532,35.801108,0 
-119.251099,35.791083,0 
-119.250412,35.789412,0 
-119.254532,35.7766,0 
-119.239426,35.732579,0 
-119.228439,35.685187,0 
-119.220886,35.652833,0 
-119.220886,35.643905,0 
-119.211273,35.60986,0 
-119.210587,35.600369,0 
-119.20578,35.591436,0 
-119.202347,35.581384,0 
-119.19754,35.558485,0 
-119.188614,35.528315,0 
-119.173508,35.507077,0 
-119.148788,35.48807,0 
-119.108276,35.458433,0 
-119.090424,35.445009,0 
-119.079437,35.437736,0 
-119.071198,35.429344,0 
-119.062958,35.423749,0 
-119.060211,35.417034,0 
-119.048538,35.406401,0 
-119.044418,35.396327,0 
-119.043732,35.373934,0 
-119.039612,35.364976,0 
-119.038925,35.353776,0 
-119.016953,35.351536,0 
-118.975067,35.352096,0 
-118.930435,35.352096,0 
-118.909149,35.353216,0 
-118.891983,35.348736,0 
-118.88546,35.346776,0 
-118.87825,35.344535,0 
-118.878593,35.338374,0 
-118.881683,35.339214,0 
</coordinates>
</LineString>
</Placemark>

<Placemark><name>Day 9</name>
<description>Our first mountain grade and into the sun</description>
<styleUrl>#linecolor</styleUrl>
<LineString>
<tessellate>1</tessellate>
<altitudeMode>clampToGround</altitudeMode>
<coordinates>
-118.880997,35.341455,0 
-118.878937,35.341455,0 
-118.877907,35.344535,0 
-118.877907,35.345375,0 
-118.866234,35.342855,0 
-118.860741,35.342295,0 
-118.848724,35.338654,0 
-118.804092,35.327451,0 
-118.793793,35.321288,0 
-118.772507,35.302798,0 
-118.753967,35.29215,0 
-118.723755,35.279819,0 
-118.712769,35.276456,0 
-118.696976,35.267486,0 
-118.67775,35.269168,0 
-118.65715,35.263001,0 
-118.635178,35.263001,0 
-118.623505,35.262441,0 
-118.615265,35.258516,0 
-118.609772,35.256834,0 
-118.605652,35.252909,0 
-118.599472,35.248423,0 
-118.593979,35.247862,0 
-118.588486,35.242815,0 
-118.585739,35.240572,0 
-118.578186,35.23945,0 
-118.57338,35.233842,0 
-118.566513,35.228794,0 
-118.566513,35.223185,0 
-118.562393,35.221502,0 
-118.556213,35.219819,0 
-118.549347,35.214771,0 
-118.537674,35.209161,0 
-118.523941,35.201867,0 
-118.514328,35.195695,0 
-118.503342,35.187839,0 
-118.499222,35.183911,0 
-118.486176,35.179421,0 
-118.480682,35.174931,0 
-118.475876,35.170441,0 
-118.473129,35.160898,0 
-118.472443,35.15753,0 
-118.469696,35.151354,0 
-118.469696,35.144056,0 
-118.466949,35.139564,0 
-118.45871,35.139564,0 
-118.449097,35.139564,0 
-118.43605,35.139002,0 
-118.428497,35.135633,0 
-118.415451,35.132825,0 
-118.407898,35.122155,0 
-118.396225,35.119347,0 
-118.387299,35.116539,0 
-118.381462,35.115977,0 
-118.367729,35.114573,0 
-118.357086,35.111203,0 
-118.349533,35.110079,0 
-118.323784,35.109798,0 
-118.317947,35.106428,0 
-118.310738,35.103338,0 
-118.309021,35.100249,0 
-118.306274,35.098002,0 
-118.303185,35.097721,0 
-118.290482,35.099687,0 
-118.272972,35.104743,0 
-118.261299,35.105866,0 
-118.255119,35.105866,0 
-118.245163,35.109237,0 
-118.222504,35.119066,0 
-118.205338,35.117381,0 
-118.185768,35.115134,0 
-118.178902,35.114011,0 
-118.186111,35.106147,0 
-118.182335,35.083394,0 
-118.177185,35.063163,0 
-118.170319,35.035338,0 
-118.162079,35.011721,0 
-118.159676,34.993441,0 
-118.159676,34.978533,0 
-118.162079,34.953212,0 
-118.162422,34.936889,0 
-118.163795,34.923379,0 
-118.164825,34.901982,0 
-118.166542,34.884523,0 
-118.167915,34.87889,0 
-118.172379,34.87213,0 
-118.172035,34.852411,0 
-118.171005,34.836068,0 
-118.171692,34.816058,0 
-118.171349,34.805911,0 
-118.170662,34.779408,0 
-118.170319,34.743869,0 
-118.170319,34.698155,0 
-118.170319,34.690251,0 
-118.166885,34.684605,0 
-118.155212,34.673029,0 
-118.153152,34.66597,0 
-118.153152,34.654674,0 
-118.152809,34.628688,0 
-118.152809,34.613996,0 
-118.151779,34.609758,0 
-118.148003,34.606085,0 
-118.142509,34.601846,0 
-118.134613,34.595628,0 
-118.13427,34.59252,0 
-118.133583,34.571037,0 
-118.13221,34.557466,0 
-118.131523,34.549266,0 
-118.13015,34.546439,0 
-118.124313,34.541348,0 
-118.116417,34.533995,0 
-118.11367,34.531167,0 
-118.11367,34.528339,0 
-118.112297,34.525227,0 
-118.11058,34.520701,0 
-118.110237,34.515327,0 
-118.110237,34.512498,0 
-118.114014,34.506557,0 
-118.119164,34.503444,0 
-118.125343,34.49439,0 
-118.129807,34.491278,0 
-118.13736,34.489297,0 
-118.142853,34.485901,0 
-118.154182,34.485052,0 
-118.158646,34.486184,0 
-118.168945,34.491561,0 
-118.173065,34.493541,0 
-118.179588,34.491844,0 
-118.186111,34.493541,0 
-118.201561,34.490995,0 
-118.206024,34.491561,0 
-118.22216,34.498635,0 
-118.232117,34.501747,0 
-118.24688,34.504859,0 
-118.250656,34.504859,0 
-118.254433,34.502596,0 
-118.258553,34.499766,0 
-118.262329,34.498069,0 
-118.270569,34.497786,0 
-118.276749,34.495239,0 
-118.283958,34.491561,0 
-118.285332,34.491844,0 
-118.288422,34.492409,0 
-118.293571,34.493258,0 
-118.296318,34.493258,0 
-118.300781,34.491844,0 
-118.302155,34.490146,0 
-118.305931,34.491419,0 
-118.30842,34.49248,0 
-118.311424,34.492692,0 
-118.315544,34.490995,0 
-118.318634,34.490146,0 
-118.320694,34.489297,0 
-118.323441,34.488731,0 
-118.3255,34.488448,0 
-118.324471,34.483354,0 
-118.323784,34.475996,0 
-118.132553,34.557891,0 
-118.130665,34.557891,0 
-118.12397,34.557891,0 
-118.114014,34.557891,0 
-118.101311,34.558032,0 
-118.097878,34.558739,0 
-118.094444,34.558173,0 
-118.092899,34.558173,0 
-118.085175,34.558173,0 
-118.058567,34.558315,0 
-118.045177,34.558173,0 
-118.045349,34.557608,0 
-118.045349,34.555629,0 
-118.044834,34.553791,0 
-118.043289,34.552518,0 
-118.035908,34.546721,0 
-118.025436,34.53951,0 
-118.013592,34.530318,0 
-118.009129,34.52353,0 
-118.006039,34.52155,0 
-118.00415,34.520984,0 
-117.998142,34.520984,0 
-117.974281,34.521126,0 
-117.940292,34.520984,0 
-117.937374,34.520419,0 
-117.934113,34.517731,0 
-117.925358,34.50783,0 
-117.922783,34.506274,0 
-117.921753,34.506274,0 
-117.818413,34.505991,0 
-117.816353,34.505849,0 
-117.813263,34.503586,0 
-117.807083,34.498917,0 
-117.80571,34.498776,0 
-117.714386,34.498635,0 
-117.663918,34.499483,0 
-117.653275,34.498917,0 
-117.639885,34.498635,0 
-117.630615,34.500898,0 
-117.619972,34.504859,0 
-117.614136,34.505991,0 
-117.572594,34.506557,0 
-117.418785,34.50684,0 
-117.399902,34.507122,0 
-117.324715,34.507122,0 
-117.320938,34.508537,0 
-117.317505,34.511649,0 
-117.311325,34.518155,0 
-117.303085,34.525227,0 
-117.294846,34.534844,0 
-117.292786,34.536541,0 
-117.289009,34.533995,0 
-117.287292,34.533147,0 
-117.283516,34.535692,0 
-117.278023,34.538238,0 
-117.27356,34.539934,0 
-117.26944,34.540217,0 
-117.26635,34.540783,0 
-117.25605,34.538238,0 
-117.24781,34.536541,0 
-117.242317,34.536541,0 
-117.237511,34.535409,0 
-117.234421,34.53343,0 
-117.222061,34.527207,0 
-117.212105,34.51957,0 
-117.192879,34.501464,0 
-117.188759,34.500332,0 
-117.172279,34.500898,0 
-117.15477,34.500615,0 
-117.150993,34.49722,0 
-117.14241,34.490429,0 
-117.137947,34.487033,0 
-117.133827,34.479958,0 
-117.124214,34.473449,0 
-117.094345,34.471467,0 
-117.090569,34.469203,0 
-117.073402,34.457597,0 
-117.067566,34.453634,0 
-117.058296,34.452218,0 
-117.052116,34.45052,0 
-117.006798,34.45052,0 
-117.004051,34.450237,0 
-116.988258,34.444857,0 
-116.982765,34.444008,0 
-116.976585,34.444008,0 
-116.945,34.444574,0 
-116.898994,34.444291,0 
-116.858826,34.442876,0 
-116.808357,34.432965,0 
-116.775742,34.42362,0 
-116.758575,34.419372,0 
-116.745529,34.419089,0 
-116.730423,34.41569,0 
-116.725273,34.412858,0 
-116.708794,34.400961,0 
-116.70433,34.398695,0 
-116.692314,34.399828,0 
-116.685104,34.398128,0 
-116.679955,34.394445,0 
-116.654549,34.371212,0 
-116.650772,34.370645,0 
-116.574211,34.368661,0 
-116.543312,34.368661,0 
-116.536789,34.366111,0 
-116.533699,34.36271,0 
-116.530952,34.357325,0 
-116.524429,34.349105,0 
-116.523056,34.347971,0 
-116.516533,34.346554,0 
-116.51413,34.346554,0 
-116.489067,34.334364,0 
-116.457825,34.289843,0 
-116.449928,34.277929,0 
-116.448212,34.270552,0 
-116.444778,34.265161,0 
-116.440315,34.260054,0 
-116.438255,34.256933,0 
-116.439972,34.251825,0 
-116.439285,34.214925,0 
-116.439285,34.210383,0 
-116.441002,34.205556,0 
-116.444092,34.202716,0 
-116.445465,34.201013,0 
-116.445465,34.198457,0 
-116.442032,34.195617,0 
-116.434479,34.18937,0 
-116.429329,34.182838,0 
-116.425209,34.172613,0 
-116.419716,34.154716,0 
-116.418686,34.148465,0 
-116.413879,34.143351,0 
-116.412506,34.139373,0 
-116.412506,34.135394,0 
-116.413879,34.128858,0 
-116.414223,34.125163,0 
-116.414566,34.122321,0 
-116.415596,34.118626,0 
-116.415596,34.115216,0 
-116.415596,34.112089,0 
-116.417313,34.108962,0 
-116.418343,34.106119,0 
-116.419373,34.103561,0 
-116.418343,34.101002,0 
-116.415253,34.097591,0 
-116.393623,34.097306,0 
-116.391563,34.095316,0 
-116.38813,34.092758,0 
-116.386585,34.090199,0 
-116.386757,34.08309,0 
-116.386585,34.079962,0 
-116.387615,34.07982,0 
-116.387787,34.076266,0 
-116.387787,34.07328,0 
-116.388817,34.071005,0 
-116.389847,34.069156,0 
-116.391563,34.069156,0 
-116.39225,34.069156,0 
</coordinates>
</LineString>
</Placemark>


<Placemark><name>Day 10</name>
<description>Into Joshua Tree</description>
<styleUrl>#linecolor</styleUrl>
<LineString>
<tessellate>1</tessellate>
<altitudeMode>clampToGround</altitudeMode>
<coordinates>
-116.392593,34.070151,0 
-116.390533,34.068587,0 
-116.388817,34.069725,0 
-116.388474,34.072711,0 
-116.387615,34.076123,0 
-116.387615,34.079678,0 
-116.386585,34.07982,0 
-116.386757,34.090767,0 
-116.387615,34.092047,0 
-116.388302,34.101144,0 
-116.390533,34.103703,0 
-116.390018,34.112231,0 
-116.39019,34.11621,0 
-116.38916,34.120616,0 
-116.38813,34.12289,0 
-116.3871,34.1236,0 
-116.386757,34.131274,0 
-116.386757,34.133831,0 
-116.383667,34.134968,0 
-116.369762,34.134542,0 
-116.315174,34.134826,0 
-116.315002,34.120474,0 
-116.314659,34.116352,0 
-116.311741,34.114363,0 
-116.309338,34.113652,0 
-116.307449,34.111805,0 
-116.305046,34.106688,0 
-116.303844,34.103561,0 
-116.303673,34.101287,0 
-116.302471,34.099865,0 
-116.301098,34.097591,0 
-116.298866,34.096027,0 
-116.29715,34.094748,0 
-116.294746,34.094179,0 
-116.292171,34.093468,0 
-116.291828,34.0929,0 
-116.289425,34.0929,0 
-116.288395,34.093468,0 
-116.286678,34.093895,0 
-116.281528,34.093753,0 
-116.27861,34.093468,0 
-116.276207,34.092615,0 
-116.273289,34.092758,0 
-116.270885,34.093326,0 
-116.268482,34.093468,0 
-116.265221,34.093895,0 
-116.264277,34.093255,0 
-116.260843,34.09162,0 
-116.259727,34.091194,0 
-116.258783,34.089061,0 
-116.256895,34.085223,0 
-116.255865,34.083659,0 
-116.255007,34.08245,0 
-116.252947,34.081384,0 
-116.252089,34.081668,0 
-116.250973,34.081171,0 
-116.249599,34.080886,0 
-116.245394,34.081455,0 
-116.242819,34.081029,0 
-116.241531,34.079678,0 
-116.241274,34.078469,0 
-116.239214,34.076266,0 
-116.237841,34.074417,0 
-116.237411,34.073137,0 
-116.236467,34.071715,0 
-116.235523,34.070791,0 
-116.23518,34.07008,0 
-116.233292,34.068587,0 
-116.231146,34.06681,0 
-116.230202,34.065885,0 
-116.229,34.064606,0 
-116.228743,34.062828,0 
-116.227112,34.061193,0 
-116.225052,34.059699,0 
-116.224022,34.05785,0 
-116.222477,34.056713,0 
-116.219645,34.055717,0 
-116.2181,34.054864,0 
-116.217327,34.054295,0 
-116.216726,34.054011,0 
-116.215611,34.054295,0 
-116.214237,34.054295,0 
-116.21192,34.053726,0 
-116.209774,34.052731,0 
-116.207371,34.051237,0 
-116.204624,34.049317,0 
-116.202221,34.047753,0 
-116.201363,34.046828,0 
-116.200676,34.045832,0 
-116.199303,34.044837,0 
-116.198616,34.043912,0 
-116.197243,34.041565,0 
-116.196642,34.040925,0 
-116.195698,34.039289,0 
-116.19441,34.038934,0 
-116.19132,34.039574,0 
-116.186342,34.040427,0 
-116.185141,34.039929,0 
-116.183424,34.038009,0 
-116.18248,34.036871,0 
-116.18248,34.035164,0 
-116.181107,34.030114,0 
-116.179991,34.029616,0 
-116.179304,34.02926,0 
-116.179218,34.028122,0 
-116.179647,34.02677,0 
-116.180248,34.025134,0 
-116.180935,34.022716,0 
-116.181021,34.021862,0 
-116.181965,34.021222,0 
-116.18248,34.020439,0 
-116.183424,34.019301,0 
-116.185055,34.01923,0 
-116.186686,34.01923,0 
-116.187716,34.01923,0 
-116.188745,34.01923,0 
-116.189432,34.019159,0 
-116.189518,34.018732,0 
-116.189518,34.018376,0 
-116.187973,34.017807,0 
-116.186686,34.017736,0 
-116.185656,34.015317,0 
-116.184969,34.014179,0 
-116.182995,34.011831,0 
-116.182137,34.011546,0 
-116.180592,34.010764,0 
-116.179304,34.00991,0 
-116.177845,34.008629,0 
-116.17527,34.006566,0 
-116.172781,34.008416,0 
-116.172094,34.008416,0 
-116.171494,34.00927,0 
-116.167974,34.011262,0 
-116.165657,34.013183,0 
-116.164541,34.014819,0 
-116.162653,34.013894,0 
-116.162395,34.014036,0 
-116.161623,34.014819,0 
-116.160078,34.016526,0 
-116.158104,34.019514,0 
-116.156301,34.021293,0 
-116.155787,34.02172,0 
-116.153812,34.021506,0 
-116.150551,34.021079,0 
-116.148834,34.021079,0 
-116.142654,34.024067,0 
</coordinates>
</LineString>
</Placemark>

<Placemark><name>Day 11</name>
<description>To the Salton Sea</description>
<styleUrl>#linecolor</styleUrl>
<LineString>
<tessellate>1</tessellate>
<altitudeMode>clampToGround</altitudeMode>
<coordinates>
-116.392765,34.070436,0 
-116.390877,34.068872,0 
-116.388474,34.07072,0 
-116.387787,34.079109,0 
-116.386585,34.079678,0 
-116.386929,34.090625,0 
-116.386929,34.091762,0 
-116.387959,34.092331,0 
-116.390533,34.094748,0 
-116.391907,34.096596,0 
-116.394653,34.097733,0 
-116.408558,34.097733,0 
-116.415081,34.097733,0 
-116.419716,34.103134,0 
-116.418343,34.106261,0 
-116.418343,34.107683,0 
-116.417141,34.109957,0 
-116.416111,34.111662,0 
-116.416283,34.118058,0 
-116.416283,34.119195,0 
-116.415081,34.120474,0 
-116.414051,34.122179,0 
-116.414051,34.123458,0 
-116.422291,34.120758,0 
-116.439629,34.1209,0 
-116.459198,34.116637,0 
-116.475677,34.110952,0 
-116.477394,34.109531,0 
-116.493874,34.102992,0 
-116.507607,34.096738,0 
-116.533356,34.081668,0 
-116.551895,34.069156,0 
-116.568031,34.058348,0 
-116.580734,34.046686,0 
-116.586227,34.041281,0 
-116.590347,34.03616,0 
-116.591377,34.032746,0 
-116.588974,34.0299,0 
-116.586571,34.029616,0 
-116.584854,34.023925,0 
-116.584511,34.021364,0 
-116.582451,34.019657,0 
-116.581421,34.017096,0 
-116.577644,34.014819,0 
-116.574898,34.013112,0 
-116.574898,34.009696,0 
-116.576271,34.00685,0 
-116.583138,33.984933,0 
-116.589317,33.964434,0 
-116.595497,33.943075,0 
-116.59996,33.926269,0 
-116.601677,33.917723,0 
-116.600647,33.914019,0 
-116.559105,33.904901,0 
-116.552582,33.904901,0 
-116.544685,33.904331,0 
-116.536446,33.902051,0 
-116.524086,33.896352,0 
-116.51104,33.885807,0 
-116.501427,33.876972,0 
-116.489754,33.86842,0 
-116.462631,33.852455,0 
-116.454048,33.846752,0 
-116.428299,33.831638,0 
-116.404953,33.817663,0 
-116.40152,33.814525,0 
-116.392593,33.80882,0 
-116.38916,33.806538,0 
-116.38401,33.803685,0 
-116.353111,33.785425,0 
-116.326675,33.769444,0 
-116.316376,33.763736,0 
-116.302986,33.760882,0 
-116.293716,33.757457,0 
-116.279984,33.752604,0 
-116.268311,33.748322,0 
-116.260757,33.745182,0 
-116.250458,33.739472,0 
-116.245308,33.73833,0 
-116.232605,33.739472,0 
-116.219902,33.738616,0 
-116.216812,33.73833,0 
-116.203423,33.727481,0 
-116.200676,33.725767,0 
-116.203766,33.723769,0 
-116.207542,33.718629,0 
-116.207886,33.714916,0 
-116.205139,33.714345,0 
-116.196213,33.705491,0 
-116.182137,33.687496,0 
-116.181793,33.671783,0 
-116.180763,33.632058,0 
-116.18145,33.572008,0 
-116.178703,33.567145,0 
-116.175957,33.569433,0 
-116.160164,33.569147,0 
-116.07914,33.570291,0 
-116.06781,33.55799,0 
-116.06163,33.555129,0 
-116.034508,33.542539,0 
-116.021118,33.537102,0 
-116.003265,33.535385,0 
-115.990219,33.534813,0 
-115.978546,33.533382,0 
-115.95417,33.53281,0 
-115.946274,33.530234,0 
-115.937691,33.523651,0 
-115.932198,33.517927,0 
-115.929794,33.516782,0 
-115.921211,33.512488,0 
-115.916405,33.509053,0 
-115.910568,33.502183,0 
-115.902672,33.494166,0 
-115.893059,33.482427,0 
-115.886192,33.473836,0 
-115.868683,33.462953,0 
-115.85804,33.456365,0 
-115.848427,33.450349,0 
-115.841904,33.443761,0 
-115.835381,33.433447,0 
-115.829201,33.423992,0 
-115.815125,33.410236,0 
-115.802422,33.399919,0 
-115.797272,33.395332,0 
-115.792465,33.388453,0 
-115.788345,33.382433,0 
-115.781136,33.375839,0 
-115.774956,33.371538,0 
-115.766029,33.364657,0 
-115.75779,33.359495,0 
-115.747833,33.355767,0 
-115.740967,33.355767,0 
-115.734444,33.357488,0 
-115.722771,33.36437,0 
-115.712471,33.371252,0 
-115.704575,33.376699,0 
-115.699081,33.377272,0 
-115.694017,33.37695,0 
-115.692601,33.380641,0 
-115.692172,33.381859,0 
-115.691185,33.383042,0 
-115.686378,33.388166,0 
-115.683975,33.390746,0 
-115.682988,33.394329,0 
-115.682945,33.397912,0 
-115.682473,33.414392,0 
-115.682302,33.422917,0 
-115.683975,33.422845,0 
</coordinates>
</LineString>
</Placemark>

<Placemark><name>Day 13</name>
<description>Salvation Mountain and out of California</description>
<styleUrl>#linecolor</styleUrl>
<LineString>
<tessellate>1</tessellate>
<altitudeMode>clampToGround</altitudeMode>
<coordinates>
-115.683889,33.42392,0 
-115.682173,33.42435,0 
-115.682516,33.412959,0 
-115.682859,33.398056,0 
-115.683031,33.393039,0 
-115.683632,33.391391,0 
-115.68758,33.386805,0 
-115.6917,33.382576,0 
-115.69273,33.380641,0 
-115.694103,33.376842,0 
-115.692902,33.376484,0 
-115.641232,33.358707,0 
-115.638657,33.357345,0 
-115.635996,33.355337,0 
-115.634193,33.353473,0 
-115.625095,33.342288,0 
-115.614882,33.329955,0 
-115.601406,33.312957,0 
-115.579262,33.285409,0 
-115.563898,33.266824,0 
-115.562439,33.265532,0 
-115.560379,33.263953,0 
-115.557976,33.262877,0 
-115.536089,33.253044,0 
-115.52742,33.249096,0 
-115.520554,33.24522,0 
-115.51918,33.24321,0 
-115.518923,33.241631,0 
-115.519094,33.240267,0 
-115.508795,33.240339,0 
-115.506563,33.240267,0 
-115.505533,33.240626,0 
-115.503817,33.241487,0 
-115.502872,33.241631,0 
-115.501156,33.241846,0 
-115.494118,33.241846,0 
-115.483818,33.241918,0 
-115.482702,33.24199,0 
-115.480986,33.242708,0 
-115.480149,33.242995,0 
-115.478926,33.243659,0 
-115.478175,33.244556,0 
-115.477488,33.246243,0 
-115.476394,33.248809,0 
-115.475149,33.251878,0 
-115.474141,33.254336,0 
-115.473905,33.254533,0
-115.519009,33.240051,0 
-115.519094,33.229067,0 
-115.519094,33.215281,0 
-115.519009,33.162056,0 
-115.519094,33.142079,0 
-115.518408,33.139923,0 
-115.516863,33.137839,0 
-115.514803,33.135826,0 
-115.514116,33.133239,0 
-115.514202,33.125692,0 
-115.514116,33.120444,0 
-115.514803,33.118503,0 
-115.514717,33.104053,0 
-115.514717,33.095137,0 
-115.514717,33.090894,0 
-115.515232,33.088737,0 
-115.518408,33.085645,0 
-115.524502,33.080611,0 
-115.526218,33.077159,0 
-115.526218,33.074929,0 
-115.52639,33.05335,0 
-115.526562,33.049033,0 
-115.527334,33.044501,0 
-115.526905,33.041047,0 
-115.526218,32.990668,0 
-115.527935,32.988076,0 
-115.52948,32.986204,0 
-115.52948,32.981452,0 
-115.529995,32.979292,0 
-115.53051,32.978572,0 
-115.501328,32.978284,0 
-115.501499,32.975404,0 
-115.504074,32.969788,0 
-115.507336,32.963307,0 
-115.508881,32.949623,0 
-115.509052,32.910865,0 
-115.509052,32.854932,0 
-115.507851,32.848442,0 
-115.503387,32.839933,0 
-115.500126,32.831568,0 
-115.500298,32.817431,0 
-115.500469,32.799829,0 
-115.500469,32.789295,0 
-115.501671,32.784388,0 
-115.501328,32.775151,0 
-115.501156,32.773564,0 
-115.383739,32.773275,0 
-115.286922,32.772842,0 
-115.282116,32.772265,0 
-115.279198,32.770244,0 
-115.272846,32.765914,0 
-115.270786,32.764903,0 
-115.256023,32.76216,0 
-115.247784,32.760139,0 
-115.092602,32.711622,0 
-115.0811,32.7083,0 
-115.078182,32.707867,0 
-115.026684,32.707867,0 
-114.958019,32.708444,0 
-114.94154,32.708589,0 
-114.925404,32.712055,0 
-114.922657,32.713789,0 
-114.914761,32.722454,0 
-114.908581,32.72953,0 
-114.891415,32.736895,0 
-114.887123,32.738483,0 
-114.878712,32.744836,0 
-114.875965,32.746424,0 
-114.860172,32.754509,0 
-114.855194,32.756964,0 
-114.840431,32.760717,0 
-114.835968,32.760284,0 
-114.795456,32.753499,0 
-114.754429,32.746858,0 
-114.754601,32.748157,0 
-114.764729,32.749312,0 
-114.754944,32.748879,0 
-114.753571,32.746858,0 
-114.739494,32.746713,0 
-114.73074,32.744836,0 
-114.720268,32.743681,0 
-114.714088,32.742815,0 
-114.709454,32.743826,0 
-114.701042,32.747002,0 
-114.694862,32.746569,0 
-114.684563,32.74166,0 
-114.660358,32.737328,0 
-114.652462,32.737328,0 
-114.648685,32.736895,0 
-114.636841,32.734007,0 
-114.627056,32.73213,0 
-114.6171,32.728231,0 
-114.614182,32.72361,0 
-114.612637,32.719421,0 
-114.610577,32.708011,0 
-114.608688,32.700355,0 
-114.605255,32.695299,0 
-114.601479,32.692843,0 
-114.597874,32.691977,0 
-114.592896,32.691254,0 
-114.581051,32.689087,0 
-114.566288,32.685909,0 
-114.55101,32.679985,0 
-114.543457,32.677384,0 
-114.537449,32.67565,0 
-114.527149,32.676951,0 
-114.520111,32.677529,0 
-114.5117,32.678685,0 
-114.508438,32.678685,0 
-114.502602,32.677673,0 
-114.490757,32.673483,0 
-114.484234,32.671171,0 
-114.477882,32.670737,0 
-114.444237,32.670737,0 
-114.441662,32.67146,0 
-114.434967,32.671171,0 
-114.43531,32.672616,0 
</coordinates>
</LineString>
</Placemark>

<Placemark><name>Day 14</name>
<description>Checking out Yuma</description>
<styleUrl>#linecolor</styleUrl>
<LineString>
<tessellate>1</tessellate>
<altitudeMode>clampToGround</altitudeMode>
<coordinates>
-114.402695,32.669654,0 
-114.402738,32.669058,0 
-114.40587,32.670051,0 
-114.407051,32.670611,0 
-114.409776,32.671767,0 
-114.409797,32.670304,0 
-114.414282,32.670665,0 
-114.440632,32.671171,0 
-114.443378,32.672833,0 
-114.444151,32.672833,0 
-114.444323,32.684536,0 
-114.444323,32.691471,0 
-114.444494,32.694071,0 
-114.444923,32.69501,0 
-114.44561,32.696455,0 
-114.445782,32.69985,0 
-114.442091,32.700067,0 
-114.430418,32.71025,0 
-114.425097,32.7161,0 
-114.421406,32.722526,0 
-114.421234,32.726714,0 
-114.42235,32.730397,0 
-114.42441,32.735379,0 
-114.425611,32.738916,0 
-114.42544,32.740721,0 
-114.424067,32.744981,0 
-114.421749,32.751405,0 
-114.420462,32.753643,0 
-114.419947,32.755015,0 
-114.416428,32.757758,0 
-114.414368,32.759851,0 
-114.421062,32.75884,0 
-114.413424,32.760284,0 
-114.409904,32.763171,0 
-114.410763,32.764903,0 
-114.409389,32.76346,0 
-114.402609,32.767501,0 
-114.399605,32.76844,0 
-114.394112,32.769594,0 
-114.390593,32.770533,0 
-114.38673,32.774791,0 
-114.382439,32.780997,0 
-114.381495,32.784172,0 
-114.381323,32.788645,0 
-114.381495,32.793696,0 
-114.380722,32.800117,0 
-114.38055,32.802282,0 
-114.37995,32.808125,0 
-114.379606,32.81267,0 
-114.379005,32.815123,0 
-114.379005,32.818152,0 
-114.378405,32.821254,0 
-114.377289,32.822913,0 
</coordinates>
</LineString>
</Placemark>

<Placemark><name>Day 16</name>
<description>Tucson Ho!</description>
<styleUrl>#linecolor</styleUrl>
<LineString>
<tessellate>1</tessellate>
<altitudeMode>clampToGround</altitudeMode>
<coordinates>
-114.403038,32.669003,0 
-114.40836,32.669581,0 
-114.409733,32.669581,0 
-114.40218,32.668136,0 
-114.398746,32.667847,0 
-114.39085,32.666402,0 
-114.371452,32.661489,0 
-114.359779,32.6612,0 
-114.35051,32.660911,0 
-114.342785,32.659465,0 
-114.334888,32.660333,0 
-114.332485,32.660622,0 
-114.328537,32.660044,0 
-114.326134,32.660044,0 
-114.323044,32.660044,0 
-114.318581,32.660766,0 
-114.315491,32.664379,0 
-114.314461,32.669292,0 
-114.313259,32.671315,0 
-114.310856,32.673916,0 
-114.307251,32.67435,0 
-114.304676,32.673194,0 
-114.300385,32.671171,0 
-114.29369,32.66987,0 
-114.282875,32.667125,0 
-114.219532,32.651227,0 
-114.210262,32.649059,0 
-114.204597,32.64877,0 
-114.198933,32.649348,0 
-114.195671,32.649348,0 
-114.141941,32.661922,0 
-114.098682,32.671749,0 
-114.090271,32.673049,0 
-114.056797,32.67565,0 
-114.046669,32.676373,0 
-114.040318,32.677673,0 
-114.014568,32.683164,0 
-113.988304,32.688076,0 
-113.957062,32.692843,0 
-113.801365,32.716677,0 
-113.761711,32.722454,0 
-113.756561,32.724476,0 
-113.75124,32.725776,0 
-113.742657,32.725776,0 
-113.73991,32.727364,0 
-113.732014,32.728953,0 
-113.717422,32.73083,0 
-113.710213,32.732419,0 
-113.557949,32.790161,0 
-113.552799,32.79449,0 
-113.545761,32.799252,0 
-113.538723,32.801705,0 
-113.508339,32.812959,0 
-113.494778,32.817719,0 
-113.479671,32.820028,0 
-113.443794,32.824644,0 
-113.404655,32.829548,0 
-113.279858,32.845991,0 
-113.275051,32.846712,0 
-113.262863,32.850894,0 
-113.246899,32.855797,0 
-113.21291,32.858248,0 
-113.170853,32.862574,0 
-113.152142,32.867044,0 
-113.120213,32.876127,0 
-113.097553,32.88247,0 
-113.058243,32.891408,0 
-113.03215,32.895155,0 
-113.006744,32.901065,0 
-112.976875,32.908703,0 
-112.964172,32.910865,0 
-112.9422,32.913459,0 
-112.926922,32.915477,0 
-112.892418,32.920664,0 
-112.888813,32.921673,0 
-112.854996,32.92614,0 
-112.841949,32.928157,0 
-112.836456,32.927869,0 
-112.821007,32.930318,0 
-112.800751,32.932768,0 
-112.756462,32.939827,0 
-112.751827,32.9417,0 
-112.748394,32.942852,0 
-112.744617,32.942564,0 
-112.741013,32.942276,0 
-112.727623,32.938098,0 
-112.703934,32.932623,0 
-112.667885,32.924555,0 
-112.645226,32.920232,0 
-112.587204,32.907262,0 
-112.577591,32.905533,0 
-112.538452,32.907262,0 
-112.51339,32.899768,0 
-112.466698,32.883912,0 
-112.450218,32.876992,0 
-112.440948,32.872667,0 
-112.405586,32.862863,0 
-112.355461,32.851038,0 
-112.340698,32.85075,0 
-112.313576,32.849308,0 
-112.266541,32.843539,0 
-112.253494,32.841808,0 
-112.208519,32.836616,0 
-112.166977,32.834885,0 
-112.134018,32.834308,0 
-112.092476,32.833731,0 
-111.963043,32.82825,0 
-111.822281,32.82825,0 
-111.740227,32.827962,0 
-111.73233,32.831135,0 
-111.723404,32.834885,0 
-111.716537,32.834597,0 
-111.710701,32.833443,0 
-111.687355,32.819306,0 
-111.656113,32.800262,0 
-111.565132,32.743104,0 
-111.550026,32.735018,0 
-111.525993,32.728086,0 
-111.513634,32.721443,0 
-111.492348,32.711333,0 
-111.460075,32.691399,0 
-111.409607,32.659899,0 
-111.396904,32.649493,0 
-111.381111,32.639086,0 
-111.366005,32.624051,0 
-111.337852,32.59137,0 
-111.30043,32.546234,0 
-111.271248,32.51063,0 
-111.264038,32.496732,0 
-111.253052,32.488334,0 
-111.199493,32.450679,0 
-111.142159,32.408661,0 
-111.122932,32.395037,0 
-111.10714,32.375612,0 
-111.0886,32.357343,0 
-111.065254,32.33588,0 
-111.050835,32.322245,0 
-111.036415,32.302224,0 
-111.029549,32.294098,0 
-111.010323,32.27291,0 
-111.012726,32.27291,0 
-111.012039,32.269426,0 
</coordinates>
</LineString>
</Placemark>

<Placemark><name>Day 19</name>
<description>To the GMC Rally</description>
<styleUrl>#linecolor</styleUrl>
<LineString>
<tessellate>1</tessellate>
<altitudeMode>clampToGround</altitudeMode>
<coordinates>
-111.011353,32.269426,0 
-111.009293,32.271749,0 
-111.014099,32.276103,0 
-111.023026,32.286842,0 
-111.032639,32.297,0 
-111.035042,32.299322,0 
-111.041565,32.308608,0 
-111.047745,32.318763,0 
-111.053925,32.325436,0 
-111.060448,32.331528,0 
-111.073151,32.344002,0 
-111.084137,32.353863,0 
-111.092377,32.361983,0 
-111.097183,32.365173,0 
-111.10302,32.371553,0 
-111.112633,32.382571,0 
-111.119156,32.391268,0 
-111.135979,32.404893,0 
-111.164131,32.425181,0 
-111.198807,32.448941,0 
-111.223526,32.467481,0 
-111.247902,32.484859,0 
-111.260262,32.493257,0 
-111.264725,32.49818,0 
-111.269188,32.507735,0 
-111.271591,32.511499,0 
-111.299744,32.546234,0 
-111.32618,32.577196,0 
-111.351929,32.608435,0 
-111.373215,32.632436,0 
-111.382828,32.640531,0 
-111.406517,32.65643,0 
-111.417503,32.664524,0 
-111.456642,32.689087,0 
-111.492004,32.710756,0 
-111.500244,32.7148,0 
-111.504707,32.716244,0 
-111.514664,32.723176,0 
-111.520844,32.726065,0 
-111.530113,32.729242,0 
-111.544876,32.732996,0 
-111.558952,32.73935,0 
-111.606674,32.769378,0 
-111.63208,32.784965,0 
-111.656113,32.799973,0 
-111.669159,32.808053,0 
-111.679459,32.81469,0 
-111.683578,32.819883,0 
-111.685638,32.82825,0 
-111.685982,32.839789,0 
-111.687355,32.857383,0 
-111.687355,32.872667,0 
-111.686668,32.879875,0 
-111.567192,32.879875,0 
-111.567879,32.874109,0 
-111.570282,32.874109,0 
</coordinates>
</LineString>
</Placemark>


<Placemark><name>Day 20</name>
<description>Towards the Apache Trail</description>
<styleUrl>#linecolor</styleUrl>
<LineString>
<tessellate>1</tessellate>
<altitudeMode>clampToGround</altitudeMode>
<coordinates>
-111.569595,32.874397,0 
-111.568222,32.874397,0 
-111.567535,32.879875,0 
-111.51535,32.879875,0 
-111.51535,32.941268,0 
-111.51535,32.946454,0 
-111.51947,32.949047,0 
-111.521873,32.952504,0 
-111.523247,32.954809,0 
-111.524277,32.957113,0 
-111.524277,32.969788,0 
-111.523933,32.973532,0 
-111.523933,32.995419,0 
-111.532173,32.995131,0 
-111.524277,32.995131,0 
-111.523933,33.002905,0 
-111.489944,33.002617,0 
-111.473465,33.002329,0 
-111.458702,33.002617,0 
-111.445999,33.005784,0 
-111.43364,33.0078,0 
-111.424026,33.009815,0 
-111.411667,33.012982,0 
-111.386604,33.019891,0 
-111.387634,33.031693,0 
-111.378708,33.031693,0 
-111.379051,33.062198,0 
-111.378708,33.065938,0 
-111.377335,33.069103,0 
-111.375618,33.073994,0 
-111.374245,33.080323,0 
-111.373215,33.092117,0 
-111.372871,33.098732,0 
-111.370468,33.104772,0 
-111.367035,33.111386,0 
-111.362915,33.11685,0 
-111.359482,33.128639,0 
-111.345062,33.224616,0 
-111.341286,33.248737,0 
-111.340256,33.251608,0 
-111.338539,33.255341,0 
-111.346092,33.263092,0 
-111.357422,33.271991,0 
-111.373901,33.284333,0 
-111.391754,33.29696,0 
-111.413383,33.312742,0 
-111.42437,33.321635,0 
-111.442909,33.337986,0 
-111.458359,33.351466,0 
-111.473122,33.361789,0 
-111.478615,33.367524,0 
-111.493721,33.382433,0 
-111.498871,33.385873,0 
-111.503334,33.386733,0 
-111.517754,33.38702,0 
-111.528397,33.38702,0 
-111.528826,33.401119,0 
-111.529555,33.401065,0 
-111.529963,33.401334,0 
-111.530156,33.401101,0 
-111.530113,33.401011,0 
</coordinates>
</LineString>
</Placemark>


<Placemark><name>Day 22</name>
<description>The Apache Trail</description>
<styleUrl>#linecolor</styleUrl>
<LineString>
<tessellate>1</tessellate>
<altitudeMode>clampToGround</altitudeMode>
<coordinates>
-111.530113,33.401065,0 
-111.528912,33.401352,0 
-111.52874,33.431728,0 
-111.509686,33.44505,0 
-111.508484,33.445336,0 
-111.506424,33.445623,0 
-111.503677,33.446625,0 
-111.498871,33.450206,0 
-111.494408,33.452928,0 
-111.492348,33.454217,0 
-111.491146,33.455792,0 
-111.489944,33.456365,0 
-111.487541,33.45794,0 
-111.486683,33.459945,0 
-111.485825,33.461234,0 
-111.484795,33.462809,0 
-111.483593,33.463669,0 
-111.481361,33.465101,0 
-111.479988,33.466246,0 
-111.478615,33.467822,0 
-111.478271,33.469683,0 
-111.477757,33.470829,0 
-111.475525,33.473263,0 
-111.47501,33.476986,0 
-111.474495,33.478847,0 
-111.472607,33.481138,0 
-111.469517,33.484431,0 
-111.467628,33.489156,0 
-111.466942,33.492019,0 
-111.466427,33.493307,0 
-111.466084,33.494882,0 
-111.46368,33.497172,0 
-111.462307,33.500751,0 
-111.461105,33.502326,0 
-111.460075,33.502326,0 
-111.459217,33.502612,0 
-111.458874,33.503328,0 
-111.458874,33.503757,0 
-111.457844,33.504043,0 
-111.458702,33.505188,0 
-111.458702,33.506477,0 
-111.458359,33.507479,0 
-111.457672,33.507908,0 
-111.456985,33.507908,0 
-111.456127,33.508481,0 
-111.456127,33.509053,0 
-111.455784,33.509482,0 
-111.455612,33.510341,0 
-111.455784,33.511773,0 
-111.456642,33.512774,0 
-111.456814,33.514206,0 
-111.457157,33.514635,0 
-111.457157,33.515637,0 
-111.457329,33.516209,0 
-111.458015,33.517497,0 
-111.458015,33.518499,0 
-111.456985,33.519215,0 
-111.455784,33.519787,0 
-111.455097,33.519787,0 
-111.454067,33.519644,0 
-111.453724,33.518929,0 
-111.453209,33.518356,0 
-111.452522,33.518642,0 
-111.451321,33.519501,0 
-111.450977,33.520217,0 
-111.450291,33.522077,0 
-111.451321,33.52222,0 
-111.451321,33.523651,0 
-111.453037,33.524224,0 
-111.454067,33.524939,0 
-111.454067,33.525941,0 
-111.453896,33.526656,0 
-111.453896,33.527515,0 
-111.454067,33.528374,0 
-111.454067,33.529089,0 
-111.454411,33.530377,0 
-111.454411,33.531092,0 
-111.454411,33.531808,0 
-111.454582,33.532237,0 
-111.454926,33.534384,0 
-111.454926,33.534956,0 
-111.454582,33.535385,0 
-111.453896,33.535958,0 
-111.454239,33.536816,0 
-111.454239,33.537245,0 
-111.453381,33.537961,0 
-111.453381,33.53839,0 
-111.453381,33.538819,0 
-111.452866,33.539248,0 
-111.452007,33.541109,0 
-111.450291,33.541252,0 
-111.449261,33.541681,0 
-111.449604,33.542682,0 
-111.450119,33.543541,0 
-111.449776,33.544256,0 
-111.448917,33.544828,0 
-111.448059,33.544972,0 
-111.446857,33.544685,0 
-111.445999,33.543827,0 
-111.445141,33.543398,0 
-111.444283,33.543255,0 
-111.443768,33.542396,0 
-111.443081,33.542253,0 
-111.442738,33.540822,0 
-111.444454,33.540393,0 
-111.444626,33.539964,0 
-111.443424,33.538962,0 
-111.442738,33.538676,0 
-111.440163,33.53839,0 
-111.439648,33.538104,0 
-111.439476,33.538533,0 
-111.437588,33.538247,0 
-111.435699,33.537245,0 
-111.434841,33.537675,0 
-111.434841,33.538247,0 
-111.433811,33.537675,0 
-111.432438,33.535958,0 
-111.430378,33.53467,0 
-111.428318,33.533382,0 
-111.426601,33.532667,0 
-111.424026,33.533239,0 
-111.422138,33.534813,0 
-111.420937,33.534956,0 
-111.419735,33.534384,0 
-111.416473,33.53238,0 
-111.414757,33.53052,0 
-111.413383,33.530234,0 
-111.412525,33.529518,0 
-111.411667,33.529375,0 
-111.40892,33.529948,0 
-111.408062,33.530234,0 
-111.407032,33.529948,0 
-111.405315,33.529805,0 
-111.404457,33.529805,0 
-111.401711,33.52866,0 
-111.400337,33.52866,0 
-111.399651,33.528087,0 
-111.395702,33.525655,0 
-111.393986,33.526513,0 
-111.392612,33.5268,0 
-111.391582,33.526227,0 
-111.389866,33.526656,0 
-111.388664,33.527372,0 
-111.387463,33.527944,0 
-111.386433,33.528803,0 
-111.385059,33.530377,0 
-111.383343,33.530663,0 
-111.382656,33.530663,0 
-111.381283,33.531092,0 
-111.380939,33.531522,0 
-111.380253,33.531379,0 
-111.378708,33.53281,0 
-111.378365,33.533382,0 
-111.37888,33.534527,0 
-111.37888,33.535099,0 
-111.378193,33.535814,0 
-111.376648,33.53653,0 
-111.374931,33.536101,0 
-111.37373,33.534527,0 
-111.372356,33.533525,0 
-111.369953,33.533525,0 
-111.368237,33.53281,0 
-111.365833,33.53238,0 
-111.36446,33.53238,0 
-111.361885,33.533525,0 
-111.35931,33.53281,0 
-111.356564,33.533239,0 
-111.353645,33.533239,0 
-111.350555,33.533525,0 
-111.347637,33.534527,0 
-111.346779,33.536387,0 
-111.345234,33.539105,0 
-111.345062,33.539964,0 
-111.345921,33.539964,0 
-111.346436,33.539964,0 
-111.346607,33.540679,0 
-111.344376,33.541109,0 
-111.343346,33.541109,0 
-111.342316,33.542682,0 
-111.343346,33.543684,0 
-111.340084,33.543684,0 
-111.336479,33.544542,0 
-111.335278,33.542825,0 
-111.334076,33.542825,0 
-111.333389,33.54211,0 
-111.332016,33.542825,0 
-111.330471,33.542396,0 
-111.329784,33.542396,0 
-111.329613,33.541538,0 
-111.328239,33.541824,0 
-111.327553,33.539821,0 
-111.326523,33.538819,0 
-111.324978,33.537102,0 
-111.32412,33.535528,0 
-111.322575,33.532523,0 
-111.321545,33.531379,0 
-111.321373,33.529948,0 
-111.32,33.528946,0 
-111.319485,33.5268,0 
-111.318283,33.525798,0 
-111.317596,33.526943,0 
-111.316566,33.5268,0 
-111.316566,33.527515,0 
-111.31691,33.528517,0 
-111.315708,33.528946,0 
-111.31588,33.529948,0 
-111.314678,33.530377,0 
-111.314507,33.530806,0 
-111.313648,33.531665,0 
-111.31382,33.53281,0 
-111.312447,33.533954,0 
-111.311417,33.532953,0 
-111.310902,33.534956,0 
-111.310215,33.535671,0 
-111.31073,33.536387,0 
-111.309528,33.537245,0 
-111.308842,33.535814,0 
-111.308155,33.535528,0 
-111.308842,33.53467,0 
-111.308498,33.53424,0 
-111.309013,33.533668,0 
-111.30867,33.533239,0 
-111.30867,33.53238,0 
-111.30867,33.531379,0 
-111.30764,33.528803,0 
-111.308155,33.52637,0 
-111.307468,33.524796,0 
-111.306953,33.524796,0 
-111.306953,33.525941,0 
-111.30661,33.526943,0 
-111.305752,33.529375,0 
-111.30455,33.533096,0 
-111.302834,33.534956,0 
-111.301804,33.535242,0 
-111.300602,33.535958,0 
-111.296997,33.537102,0 
-111.296654,33.537675,0 
-111.294937,33.537245,0 
-111.29425,33.537245,0 
-111.290302,33.53839,0 
-111.286869,33.538247,0 
-111.285839,33.538819,0 
-111.281204,33.538533,0 
-111.279488,33.537102,0 
-111.276913,33.53839,0 
-111.275711,33.537818,0 
-111.273479,33.539392,0 
-111.271591,33.539392,0 
-111.269703,33.539392,0 
-111.268158,33.539248,0 
-111.265755,33.540536,0 
-111.263695,33.540965,0 
-111.26215,33.541681,0 
-111.26009,33.542253,0 
-111.257858,33.546402,0 
-111.254597,33.549836,0 
-111.254082,33.550837,0 
-111.253052,33.551982,0 
-111.252708,33.553269,0 
-111.250648,33.554271,0 
-111.248932,33.557418,0 
-111.247044,33.558276,0 
-111.24567,33.559707,0 
-111.24361,33.560279,0 
</coordinates>
</LineString>
</Placemark>

<Placemark><name>Day 24</name>
<description>Back to Tucson</description>
<styleUrl>#linecolor</styleUrl>
<LineString>
<tessellate>1</tessellate>
<altitudeMode>clampToGround</altitudeMode>
<coordinates>
-111.531143,33.428003,0 
-111.529083,33.428863,0 
-111.529083,33.402785,0 
-111.511917,33.392466,0 
-111.510887,33.391606,0 
-111.509514,33.391606,0 
-111.500416,33.386303,0 
-111.494923,33.382863,0 
-111.482391,33.371108,0 
-111.472263,33.361073,0 
-111.458015,33.351179,0 
-111.428661,33.325365,0 
-111.420422,33.317906,0 
-111.373901,33.283759,0 
-111.349697,33.26625,0 
-111.346092,33.262949,0 
-111.342659,33.25936,0 
-111.342316,33.258068,0 
-111.339226,33.255197,0 
-111.338882,33.254192,0 
-111.340256,33.251896,0 
-111.341286,33.249886,0 
-111.345234,33.223611,0 
-111.34901,33.197759,0 
-111.354504,33.164427,0 
-111.356392,33.150775,0 
-111.357594,33.141863,0 
-111.358795,33.135539,0 
-111.359997,33.127345,0 
-111.360512,33.123176,0 
-111.362228,33.119438,0 
-111.364803,33.11383,0 
-111.369095,33.108079,0 
-111.371841,33.102471,0 
-111.3727,33.098588,0 
-111.373043,33.094418,0 
-111.374245,33.081618,0 
-111.375103,33.07759,0 
-111.378365,33.065435,0 
-111.378965,33.063349,0 
-111.379051,33.061407,0 
-111.378965,33.037881,0 
-111.379137,33.028311,0 
-111.379137,33.022122,0 
-111.378965,33.016077,0 
-111.378794,33.014853,0 
-111.377592,33.011471,0 
-111.376305,33.009383,0 
-111.367035,32.996139,0 
-111.363602,32.990668,0 
-111.361713,32.988076,0 
-111.341457,32.966763,0 
-111.317596,32.9417,0 
-111.260262,32.881461,0 
-111.237259,32.857383,0 
-111.219578,32.839068,0 
-111.198807,32.817142,0 
-111.183357,32.800839,0 
-111.175117,32.792758,0 
-111.161213,32.773708,0 
-111.157093,32.769089,0 
-111.133575,32.750467,0 
-111.129971,32.747579,0 
-111.112976,32.72722,0 
-111.108513,32.721732,0 
-111.096668,32.705989,0 
-111.094952,32.704111,0 
-111.092892,32.702378,0 
-111.089802,32.698477,0 
-111.08757,32.695588,0 
-111.076584,32.686776,0 
-111.074524,32.684609,0 
-111.068172,32.675506,0 
-111.066284,32.674205,0 
-111.064224,32.673049,0 
-111.059074,32.671026,0 
-111.057358,32.669292,0 
-111.052036,32.66409,0 
-111.048603,32.661489,0 
-111.04414,32.658743,0 
-111.035557,32.654263,0 
-111.029034,32.649059,0 
-111.026974,32.648626,0 
-111.020794,32.646313,0 
-111.019936,32.645446,0 
-111.007061,32.633737,0 
-111.005859,32.632002,0 
-111.004486,32.629978,0 
-111.002426,32.628388,0 
-110.998306,32.623617,0 
-110.996246,32.622171,0 
-110.991783,32.619135,0 
-110.988178,32.616099,0 
-110.988007,32.614075,0 
-110.987492,32.611906,0 
-110.986118,32.607134,0 
-110.968781,32.590503,0 
-110.965862,32.588767,0 
-110.953503,32.581535,0 
-110.951614,32.579655,0 
-110.950413,32.578063,0 
-110.94389,32.56895,0 
-110.939598,32.564031,0 
-110.936508,32.55998,0 
-110.935478,32.558389,0 
-110.934448,32.557376,0 
-110.933075,32.556797,0 
-110.932903,32.555061,0 
-110.930672,32.550431,0 
-110.9305,32.548839,0 
-110.9305,32.545945,0 
-110.931015,32.542906,0 
-110.930843,32.536828,0 
-110.927753,32.524382,0 
-110.925865,32.513381,0 
-110.925865,32.510196,0 
-110.925694,32.506577,0 
-110.926208,32.497311,0 
-110.926037,32.494705,0 
-110.925436,32.493475,0 
-110.92329,32.486959,0 
-110.922346,32.483918,0 
-110.921659,32.481022,0 
-110.921659,32.479863,0 
-110.92226,32.477329,0 
-110.927839,32.460964,0 
-110.929813,32.457343,0 
-110.931187,32.455315,0 
-110.932474,32.453359,0 
-110.933504,32.451114,0 
-110.933847,32.448217,0 
-110.933847,32.445464,0 
-110.934105,32.438148,0 
-110.934191,32.431411,0 
-110.934191,32.42931,0 
-110.935049,32.426413,0 
-110.935907,32.424312,0 
-110.936852,32.421848,0 
-110.937109,32.420327,0 
-110.93771,32.41569,0 
-110.938568,32.413154,0 
-110.939598,32.411704,0 
-110.940971,32.409965,0 
-110.942945,32.408878,0 
-110.948868,32.405328,0 
-110.952215,32.402791,0 
-110.955219,32.40011,0 
-110.960369,32.395544,0 
-110.962343,32.39308,0 
-110.963802,32.390906,0 
-110.964403,32.388877,0 
-110.964403,32.387355,0 
-110.96406,32.384818,0 
-110.963888,32.382861,0 
-110.96406,32.380469,0 
-110.964403,32.378802,0 
-110.965176,32.376772,0 
-110.969467,32.366333,0 
-110.972729,32.358286,0 
-110.974188,32.354951,0 
-110.974789,32.352268,0 
-110.977106,32.341464,0 
-110.977535,32.336895,0 
-110.977449,32.334719,0 
-110.97702,32.332254,0 
-110.976248,32.328917,0 
-110.975218,32.324566,0 
-110.974789,32.322898,0 
-110.974531,32.321737,0 
-110.974531,32.320214,0 
-110.975046,32.318618,0 
-110.976162,32.316442,0 
-110.977535,32.314193,0 
-110.978308,32.312452,0 
-110.978565,32.310929,0 
-110.978737,32.30839,0 
-110.978222,32.297363,0 
-110.97805,32.279368,0 
-110.986547,32.279441,0 
-110.990667,32.279659,0 
-110.990753,32.281763,0 
</coordinates>
</LineString>
</Placemark>

<Placemark><name>Day 26</name>
<description>Leaving Tucson</description>
<styleUrl>#linecolor</styleUrl>
<LineString>
<tessellate>1</tessellate>
<altitudeMode>clampToGround</altitudeMode>
<coordinates>
-110.997963,32.281328,0 
-110.997963,32.279441,0 
-110.994701,32.279151,0 
-110.995045,32.272329,0 
-111.011009,32.27262,0 
-111.008606,32.268846,0 
-111.008263,32.266814,0 
-111.005173,32.261007,0 
-111.000366,32.258975,0 
-110.991783,32.249394,0 
-110.986633,32.242715,0 
-110.98217,32.229357,0 
-110.979767,32.216287,0 
-110.97908,32.203796,0 
-110.978394,32.197695,0 
-110.97393,32.189851,0 
-110.969124,32.187526,0 
-110.957108,32.184039,0 
-110.938911,32.174159,0 
-110.908012,32.157303,0 
-110.895996,32.149746,0 
-110.89119,32.141025,0 
-110.886383,32.133466,0 
-110.88089,32.128524,0 
-110.839348,32.102644,0 
-110.803642,32.080538,0 
-110.7724,32.061046,0 
-110.740471,32.040677,0 
-110.714378,32.023796,0 
-110.687599,32.005456,0 
-110.672493,32.000215,0 
-110.65876,31.996721,0 
-110.652924,31.996721,0 
-110.629921,31.998759,0 
-110.620651,31.997012,0 
-110.600395,31.990898,0 
-110.592155,31.988859,0 
-110.564003,31.985948,0 
-110.520058,31.97925,0 
-110.515594,31.977794,0 
-110.497742,31.97459,0 
-110.477829,31.971386,0 
-110.469246,31.968474,0 
-110.452423,31.963814,0 
-110.435257,31.963522,0 
-110.365219,31.96294,0 
-110.357666,31.962066,0 
-110.352859,31.962649,0 
-110.33226,31.968474,0 
-110.312004,31.978085,0 
-110.295181,31.978667,0 
-110.287285,31.974881,0 
-110.279045,31.969056,0 
-110.271835,31.966435,0 
-110.262222,31.965561,0 
-110.252266,31.966435,0 
-110.242996,31.970513,0 
-110.231667,31.975755,0 
-110.195961,31.985656,0 
-110.159569,31.999342,0 
-110.120773,32.013607,0 
-110.111504,32.021467,0 
-110.102921,32.033983,0 
-110.099831,32.037766,0 
-110.093307,32.042132,0 
-110.060692,32.076466,0 
-110.053139,32.081411,0 
-110.043526,32.086356,0 
-110.038033,32.09101,0 
-110.010567,32.128233,0 
-110.003357,32.138118,0 
-109.993057,32.149746,0 
-109.971428,32.163407,0 
-109.950142,32.175903,0 
-109.908257,32.201181,0 
-109.883881,32.215706,0 
-109.881821,32.218029,0 
-109.863625,32.240683,0 
-109.844055,32.266523,0 
-109.841309,32.264201,0 
-109.831696,32.26362,0 
</coordinates>
</LineString>
</Placemark>

<Placemark><name>Day 27</name>
<description>Into Chiricahua National Monument</description>
<styleUrl>#linecolor</styleUrl>
<LineString>
<tessellate>1</tessellate>
<altitudeMode>clampToGround</altitudeMode>
<coordinates>
-109.833755,32.264201,0 
-109.831009,32.263911,0 
-109.826546,32.261298,0 
-109.831009,32.252878,0 
-109.819679,32.24678,0 
-109.783287,32.215415,0 
-109.762344,32.197405,0 
-109.760628,32.196533,0 
-109.757881,32.195371,0 
-109.711876,32.19508,0 
-109.708099,32.19479,0 
-109.661407,32.182005,0 
-109.659691,32.181424,0 
-109.656601,32.182296,0 
-109.650421,32.18433,0 
-109.646645,32.184039,0 
-109.624329,32.177065,0 
-109.618149,32.175903,0 
-109.611969,32.174741,0 
-109.605446,32.174741,0 
-109.601669,32.172997,0 
-109.5924,32.168929,0 
-109.585876,32.167475,0 
-109.58004,32.166022,0 
-109.574203,32.163988,0 
-109.5718,32.1605,0 
-109.566307,32.158756,0 
-109.56459,32.155559,0 
-109.56562,32.143932,0 
-109.56459,32.140444,0 
-109.560127,32.134048,0 
-109.555664,32.124453,0 
-109.553261,32.116893,0 
-109.548111,32.109042,0 
-109.543991,32.102353,0 
-109.537811,32.096536,0 
-109.523048,32.082575,0 
-109.500046,32.059009,0 
-109.48082,32.039803,0 
-109.474297,32.034565,0 
-109.471207,32.032527,0 
-109.442024,32.02234,0 
-109.440308,32.021758,0 
-109.440308,32.01972,0 
-109.431038,32.007785,0 
-109.417992,32.006911,0 
-109.397564,32.007057,0 
-109.389496,32.007348,0 
-109.385719,32.009677,0 
-109.373016,32.007494,0 
-109.368382,32.008658,0 
-109.364262,32.008222,0 
-109.361858,32.008076,0 
-109.356537,32.008658,0 
-109.355507,32.008658,0 
</coordinates>
</LineString>
</Placemark>

<Placemark><name>Day 28</name>
<description>Into New Mexico</description>
<styleUrl>#linecolor</styleUrl>
<LineString>
<tessellate>1</tessellate>
<altitudeMode>clampToGround</altitudeMode>
<coordinates>
-109.358597,32.008367,0 
-109.363747,32.008076,0 
-109.366493,32.008658,0 
-109.368553,32.008367,0 
-109.371643,32.008076,0 
-109.375076,32.007785,0 
-109.384003,32.009532,0 
-109.386406,32.00924,0 
-109.389496,32.00662,0 
-109.439621,32.00662,0 
-109.440308,32.020885,0 
-109.440651,32.022049,0 
-109.443054,32.022922,0 
-109.46949,32.031363,0 
-109.474297,32.034565,0 
-109.477043,32.03602,0 
-109.506912,32.065992,0 
-109.542961,32.10119,0 
-109.549484,32.111368,0 
-109.552574,32.11573,0 
-109.555321,32.120383,0 
-109.558411,32.131141,0 
-109.564934,32.141897,0 
-109.565277,32.149455,0 
-109.564247,32.156141,0 
-109.568024,32.159628,0 
-109.574203,32.162244,0 
-109.580383,32.166022,0 
-109.587593,32.167185,0 
-109.597549,32.170963,0 
-109.604416,32.17445,0 
-109.617462,32.175612,0 
-109.627419,32.178228,0 
-109.645958,32.183749,0 
-109.651451,32.183749,0 
-109.658318,32.181715,0 
-109.664154,32.182296,0 
-109.709129,32.19508,0 
-109.758224,32.195371,0 
-109.762344,32.197405,0 
-109.821053,32.247071,0 
-109.832039,32.252297,0 
-109.792557,32.310349,0 
-109.79187,32.311509,0 
-109.747238,32.346322,0 
-109.742432,32.348352,0 
-109.690933,32.357633,0 
-109.678574,32.359373,0 
-109.628792,32.362563,0 
-109.620552,32.362273,0 
-109.611626,32.355603,0 
-109.604073,32.349222,0 
-109.580727,32.343712,0 
-109.559097,32.33907,0 
-109.528885,32.333849,0 
-109.517212,32.331528,0 
-109.501419,32.330078,0 
-109.486313,32.327467,0 
-109.446831,32.317312,0 
-109.443741,32.317312,0 
-109.430695,32.314701,0 
-109.294052,32.28394,0 
-109.256973,32.274942,0 
-109.241524,32.267975,0 
-109.225388,32.262169,0 
-109.204445,32.258104,0 
-109.200668,32.257523,0 
-109.179039,32.257233,0 
-109.073982,32.233132,0 
-109.048233,32.227614,0 
-109.033127,32.222967,0 
-109.027634,32.222096,0 
-108.992615,32.227033,0 
-108.974075,32.226452,0 
-108.970985,32.228195,0 
-108.828506,32.309768,0 
-108.753319,32.353573,0 
-108.748512,32.355023,0 
-108.742676,32.353283,0 
-108.712463,32.342841,0 
-108.70903,32.349803,0 
-108.708,32.377932,0 
-108.708344,32.382281,0 
-108.673668,32.42634,0 
-108.670235,32.428948,0 
-108.591957,32.47704,0 
-108.584061,32.481674,0 
-108.569984,32.487755,0 
-108.554535,32.488334,0 
-108.552818,32.488624,0 
-108.546982,32.490941,0 
-108.537025,32.494126,0 
-108.525696,32.494705,0 
-108.519859,32.494705,0 
-108.514023,32.492968,0 
-108.50441,32.493257,0 
-108.49102,32.49152,0 
-108.486557,32.490651,0 
-108.482437,32.491809,0 
-108.465271,32.501076,0 
-108.452568,32.515842,0 
-108.448448,32.525684,0 
-108.426476,32.545945,0 
-108.423386,32.546813,0 
-108.378067,32.550865,0 
-108.370514,32.552601,0 
-108.360214,32.561861,0 
-108.359871,32.563308,0 
-108.359184,32.569384,0 
-108.357811,32.571988,0 
-108.346138,32.587899,0 
-108.344765,32.590792,0 
-108.344078,32.593974,0 
-108.342018,32.611327,0 
-108.342361,32.61393,0 
-108.345108,32.628388,0 
-108.343391,32.641399,0 
-108.342361,32.644,0 
-108.342018,32.650938,0 
-108.339272,32.654696,0 
-108.338242,32.657587,0 
-108.340302,32.661344,0 
-108.338242,32.672327,0 
-108.337898,32.673483,0 
-108.335152,32.675795,0 
-108.327599,32.680418,0 
-108.319359,32.683886,0 
-108.317986,32.684464,0 
-108.309402,32.698333,0 
-108.297729,32.708156,0 
-108.2967,32.710178,0 
-108.296356,32.713066,0 
-108.297386,32.719421,0 
-108.296356,32.725198,0 
-108.2967,32.735307,0 
-108.29464,32.743681,0 
-108.292236,32.745991,0 
-108.2864,32.749456,0 
-108.28228,32.751766,0 
-108.275757,32.759273,0 
-108.275414,32.764181,0 
-108.27404,32.766202,0 
-108.27507,32.767646,0 
-108.27404,32.77544,0 
-108.273354,32.77977,0 
-108.273354,32.781213,0 
-108.271637,32.782079,0 
-108.260307,32.785831,0 
-108.252411,32.787563,0 
-108.247948,32.787563,0 
-108.242455,32.787275,0 
-108.205376,32.782945,0 
-108.1919,32.780997,0 
-108.191986,32.77977,0 
-108.191814,32.77912,0 
-108.190699,32.778976,0 
-108.190184,32.778976,0 
-108.190184,32.778399,0 
</coordinates>
</LineString>
</Placemark>


<Placemark><name>Day 29</name>
<description>To the Gila Cliff Dwellings</description>
<styleUrl>#linecolor</styleUrl>
<LineString>
<tessellate>1</tessellate>
<altitudeMode>clampToGround</altitudeMode>
<coordinates>
-108.190269,32.77876,0 
-108.191471,32.780925,0 
-108.207092,32.783378,0 
-108.225117,32.78511,0 
-108.24091,32.786697,0 
-108.251038,32.787563,0 
-108.253441,32.787275,0 
-108.260651,32.785254,0 
-108.264084,32.783955,0 
-108.265629,32.783522,0 
-108.265114,32.784388,0 
-108.264256,32.78511,0 
-108.262367,32.785976,0 
-108.261337,32.786264,0 
-108.257732,32.788285,0 
-108.256874,32.790594,0 
-108.255157,32.796222,0 
-108.252411,32.803869,0 
-108.252068,32.807043,0 
-108.247776,32.811227,0 
-108.246918,32.811372,0 
-108.243656,32.814546,0 
-108.243484,32.815988,0 
-108.243999,32.820172,0 
-108.243656,32.823201,0 
-108.242455,32.825509,0 
-108.239708,32.828106,0 
-108.237133,32.830125,0 
-108.23473,32.830558,0 
-108.232498,32.833154,0 
-108.228722,32.839645,0 
-108.226833,32.84426,0 
-108.228378,32.84801,0 
-108.228378,32.849885,0 
-108.226662,32.853057,0 
-108.225288,32.856951,0 
-108.224258,32.857672,0 
-108.223057,32.858681,0 
-108.221684,32.861277,0 
-108.22134,32.864305,0 
-108.219109,32.865458,0 
-108.21722,32.867044,0 
-108.216705,32.868774,0 
-108.216534,32.871081,0 
-108.216528,32.871514,0 
-108.217408,32.872298,0 
-108.218218,32.87328,0 
-108.218803,32.87364,0 
-108.219634,32.874086,0 
-108.221254,32.877429,0 
-108.222279,32.878974,0 
-108.224087,32.880452,0 
-108.22517,32.88125,0 
-108.226179,32.882232,0 
-108.226238,32.88302,0 
-108.226705,32.883795,0 
-108.226833,32.884489,0 
-108.227091,32.885146,0 
-108.227043,32.885538,0 
-108.227214,32.885777,0 
-108.227311,32.886061,0 
-108.226946,32.886579,0 
-108.227075,32.887038,0 
-108.227305,32.887016,0 
-108.22825,32.886678,0 
-108.228652,32.886755,0 
-108.228732,32.887214,0 
-108.228893,32.887516,0 
-108.229322,32.888309,0 
-108.229221,32.888408,0 
-108.22928,32.88857,0 
-108.229666,32.888624,0 
-108.230181,32.889065,0 
-108.230846,32.889408,0 
-108.231554,32.889574,0 
-108.232262,32.889529,0 
-108.232412,32.889966,0 
-108.232445,32.890318,0 
-108.232396,32.890692,0 
-108.232327,32.891047,0 
-108.23252,32.891219,0 
-108.233185,32.891264,0 
-108.233587,32.891201,0 
-108.234086,32.891196,0 
-108.234445,32.891435,0 
-108.234805,32.89184,0 
-108.235331,32.892556,0 
-108.235534,32.892813,0 
-108.235851,32.892984,0 
-108.236275,32.893138,0 
-108.236151,32.89352,0 
-108.235357,32.894412,0 
-108.235186,32.894962,0 
-108.235154,32.895498,0 
-108.235465,32.895709,0 
-108.236312,32.895601,0 
-108.236704,32.895592,0 
-108.237986,32.895935,0 
-108.238699,32.89607,0 
-108.239365,32.896381,0 
-108.240148,32.896872,0 
-108.241065,32.897223,0 
-108.24173,32.897155,0 
-108.242229,32.897191,0 
-108.242728,32.897281,0 
-108.243785,32.89748,0 
-108.244048,32.897615,0 
-108.244048,32.897822,0 
-108.243951,32.897998,0 
-108.243715,32.898061,0 
-108.242884,32.897858,0 
-108.242476,32.897908,0 
-108.24217,32.898092,0 
-108.242025,32.898178,0 
-108.24187,32.898205,0 
-108.241543,32.898218,0 
-108.241258,32.898232,0 
-108.241001,32.898317,0 
-108.240362,32.899038,0 
-108.240169,32.899281,0 
-108.240067,32.899525,0 
-108.239874,32.900299,0 
-108.239649,32.900993,0 
-108.239322,32.901592,0 
-108.238726,32.90234,0 
-108.238184,32.902821,0 
-108.237873,32.903056,0 
-108.237262,32.903344,0 
-108.237122,32.903934,0 
-108.236929,32.904164,0 
-108.235647,32.904898,0 
-108.234145,32.905668,0 
-108.233126,32.906217,0 
-108.231881,32.906906,0 
-108.231248,32.907614,0 
-108.23061,32.908451,0 
-108.230342,32.908906,0 
-108.230073,32.909667,0 
-108.22995,32.910271,0 
-108.229601,32.910721,0 
-108.228153,32.912041,0 
-108.22516,32.914576,0 
-108.224119,32.915378,0 
-108.221287,32.917629,0 
-108.220171,32.918872,0 
-108.219763,32.919448,0 
-108.217682,32.921439,0 
-108.215793,32.922997,0 
-108.214957,32.923933,0 
-108.21471,32.924807,0 
-108.214592,32.925392,0 
-108.214291,32.925653,0 
-108.212993,32.926014,0 
-108.212028,32.926428,0 
-108.211255,32.92731,0 
-108.210847,32.928643,0 
-108.209774,32.930048,0 
-108.207371,32.932389,0 
-108.206406,32.932876,0 
-108.205075,32.933596,0 
-108.204389,32.93392,0 
-108.203487,32.934064,0 
-108.2022,32.934424,0 
-108.201427,32.934677,0 
-108.200955,32.934965,0 
-108.200741,32.935505,0 
-108.199239,32.93691,0 
-108.198552,32.937522,0 
-108.197694,32.938891,0 
-108.196664,32.940007,0 
-108.195891,32.940944,0 
-108.196063,32.941484,0 
-108.196621,32.941844,0 
-108.197865,32.94206,0 
-108.198295,32.94296,0 
-108.198037,32.943429,0 
-108.197994,32.944005,0 
-108.198466,32.944401,0 
-108.198853,32.944653,0 
-108.198638,32.944977,0 
-108.198338,32.945085,0 
-108.197737,32.945157,0 
-108.197479,32.945445,0 
-108.197737,32.946202,0 
-108.198681,32.946238,0 
-108.199368,32.94667,0 
-108.199582,32.947282,0 
-108.200011,32.947714,0 
-108.20044,32.947966,0 
-108.201127,32.948074,0 
-108.200955,32.948362,0 
-108.201084,32.949011,0 
-108.201771,32.949767,0 
-108.202457,32.949875,0 
-108.203144,32.950415,0 
-108.203788,32.950271,0 
-108.204346,32.949587,0 
-108.204732,32.949587,0 
-108.205118,32.950127,0 
-108.206577,32.949623,0 
-108.206406,32.950955,0 
-108.206577,32.951243,0 
-108.207135,32.951316,0 
-108.207479,32.951496,0 
-108.207908,32.95164,0 
-108.208208,32.951604,0 
-108.209023,32.952144,0 
-108.209667,32.953152,0 
-108.209968,32.954376,0 
-108.210526,32.954773,0 
-108.210998,32.954953,0 
-108.211341,32.955889,0 
-108.211985,32.956645,0 
-108.212585,32.957545,0 
-108.212929,32.958662,0 
-108.213701,32.959742,0 
-108.214946,32.96075,0 
-108.215847,32.962154,0 
-108.216233,32.963955,0 
-108.216577,32.964495,0 
-108.218036,32.966223,0 
-108.219237,32.966763,0 
-108.220181,32.967951,0 
-108.220396,32.968599,0 
-108.220096,32.97022,0 
-108.218808,32.976664,0 
-108.218379,32.976916,0 
-108.217564,32.976556,0 
-108.216748,32.976232,0 
-108.215547,32.974144,0 
-108.215203,32.973496,0 
-108.214602,32.973496,0 
-108.212671,32.97436,0 
-108.212199,32.975044,0 
-108.212113,32.975728,0 
-108.210912,32.97634,0 
-108.210311,32.976232,0 
-108.208766,32.975764,0 
-108.207822,32.97616,0 
-108.206663,32.976304,0 
-108.206706,32.977672,0 
-108.206019,32.977852,0 
-108.204904,32.978356,0 
-108.205204,32.979076,0 
-108.205333,32.979544,0 
-108.209839,32.982676,0 
-108.210697,32.984044,0 
-108.21207,32.985736,0 
-108.21413,32.98894,0 
-108.214989,32.991135,0 
-108.215246,32.993295,0 
-108.218422,32.999306,0 
-108.220482,33.002185,0 
-108.221598,33.003769,0 
-108.221941,33.004849,0 
-108.221426,33.006144,0 
-108.221684,33.006792,0 
-108.221941,33.007152,0 
-108.221941,33.00744,0 
-108.222456,33.007944,0 
-108.222713,33.009455,0 
-108.223057,33.010247,0 
-108.222628,33.011471,0 
-108.223572,33.013486,0 
-108.223572,33.014421,0 
-108.224945,33.015717,0 
-108.225803,33.017732,0 
-108.226147,33.017804,0 
-108.226919,33.018164,0 
-108.226919,33.01874,0 
-108.227005,33.019387,0 
-108.228035,33.021906,0 
-108.228292,33.022986,0 
-108.227777,33.024497,0 
-108.228722,33.025504,0 
-108.230095,33.027735,0 
-108.23164,33.029174,0 
-108.231382,33.029534,0 
-108.22958,33.030038,0 
-108.229151,33.030038,0 
-108.229151,33.030254,0 
-108.230095,33.030686,0 
-108.230095,33.031045,0 
-108.230267,33.032341,0 
-108.230181,33.032844,0 
-108.230524,33.033348,0 
-108.232584,33.033996,0 
-108.232584,33.034571,0 
-108.232155,33.035219,0 
-108.231983,33.034643,0 
-108.230438,33.035075,0 
-108.230181,33.035579,0 
-108.229322,33.035435,0 
-108.228893,33.034859,0 
-108.228035,33.035291,0 
-108.227606,33.036442,0 
-108.227177,33.036586,0 
-108.226662,33.036586,0 
-108.22649,33.037737,0 
-108.225031,33.038385,0 
-108.225117,33.03896,0 
-108.224087,33.039248,0 
-108.223057,33.040256,0 
-108.221769,33.040328,0 
-108.221169,33.039896,0 
-108.220911,33.039392,0 
-108.22031,33.039392,0 
-108.219709,33.040615,0 
-108.216019,33.041119,0 
-108.215332,33.042846,0 
-108.214989,33.043709,0 
-108.21413,33.044501,0 
-108.21353,33.045076,0 
-108.213358,33.045796,0 
-108.213701,33.046443,0 
-108.213787,33.048242,0 
-108.213272,33.049105,0 
-108.213186,33.049753,0 
-108.212757,33.05004,0 
-108.2125,33.050544,0 
-108.210697,33.051767,0 
-108.209753,33.053278,0 
-108.208809,33.055652,0 
-108.208809,33.057162,0 
-108.208809,33.058098,0 
-108.208637,33.058745,0 
-108.208637,33.059177,0 
-108.209238,33.059608,0 
-108.209581,33.060256,0 
-108.210611,33.060759,0 
-108.210526,33.06155,0 
-108.209925,33.062486,0 
-108.209925,33.063061,0 
-108.210182,33.064284,0 
-108.208895,33.065363,0 
-108.206835,33.066658,0 
-108.205204,33.067233,0 
-108.204432,33.068096,0 
-108.204861,33.070254,0 
-108.204603,33.071477,0 
-108.204947,33.07234,0 
-108.204775,33.073131,0 
-108.205462,33.074641,0 
-108.205805,33.075073,0 
-108.205719,33.076439,0 
-108.205547,33.076943,0 
-108.205204,33.077446,0 
-108.205118,33.078381,0 
-108.204775,33.079532,0 
-108.204947,33.080467,0 
-108.204947,33.081977,0 
-108.204603,33.083272,0 
-108.205032,33.085932,0 
-108.204947,33.088593,0 
-108.204689,33.088881,0 
-108.20323,33.08996,0 
-108.2022,33.091182,0 
-108.200827,33.092261,0 
-108.199797,33.092908,0 
-108.199711,33.093339,0 
-108.198767,33.093627,0 
-108.198166,33.094705,0 
-108.197737,33.096359,0 
-108.196793,33.097654,0 
-108.19602,33.098732,0 
-108.195591,33.099092,0 
-108.194733,33.099954,0 
-108.193188,33.10017,0 
-108.191643,33.101033,0 
-108.191299,33.102471,0 
-108.189926,33.104197,0 
-108.189926,33.105059,0 
-108.188553,33.106785,0 
-108.18718,33.109086,0 
-108.18718,33.110523,0 
-108.191299,33.111386,0 
-108.194046,33.111961,0 
-108.195419,33.113687,0 
-108.196793,33.113687,0 
-108.197136,33.114837,0 
-108.198853,33.114837,0 
-108.198853,33.115987,0 
-108.198853,33.11685,0 
-108.197479,33.118,0 
-108.196106,33.119438,0 
-108.194389,33.119438,0 
-108.192329,33.120013,0 
-108.191299,33.1203,0 
-108.190269,33.121163,0 
-108.190269,33.122313,0 
-108.191643,33.122888,0 
-108.193016,33.123751,0 
-108.193016,33.124901,0 
-108.192329,33.126051,0 
-108.193359,33.127489,0 
-108.193016,33.129501,0 
-108.191643,33.130939,0 
-108.190956,33.132089,0 
-108.190269,33.134533,0 
-108.191814,33.135683,0 
-108.190613,33.137407,0 
-108.192329,33.137695,0 
-108.192329,33.138557,0 
-108.192673,33.139132,0 
-108.190784,33.142295,0 
-108.190269,33.145313,0 
-108.192158,33.145744,0 
-108.192329,33.148906,0 
-108.192844,33.151781,0 
-108.193531,33.15293,0 
-108.194561,33.153361,0 
-108.195763,33.154799,0 
-108.197823,33.156954,0 
-108.197651,33.15796,0 
-108.196793,33.158679,0 
-108.196793,33.159541,0 
-108.198509,33.161409,0 
-108.197308,33.16299,0 
-108.197479,33.163708,0 
-108.198853,33.163708,0 
-108.199368,33.165002,0 
-108.200741,33.165145,0 
-108.200912,33.166726,0 
-108.202114,33.168019,0 
-108.201427,33.170175,0 
-108.202114,33.173192,0 
-108.204517,33.173911,0 
-108.206406,33.174485,0 
-108.206577,33.175635,0 
-108.204346,33.176209,0 
-108.202972,33.177503,0 
-108.205547,33.179514,0 
-108.206406,33.179801,0 
-108.206406,33.181669,0 
-108.206406,33.182818,0 
-108.207436,33.183968,0 
-108.208294,33.184542,0 
-108.208294,33.185548,0 
-108.208294,33.187128,0 
-108.208466,33.188709,0 
-108.210354,33.191294,0 
-108.210354,33.192731,0 
-108.210354,33.194742,0 
-108.208981,33.196609,0 
-108.208466,33.198477,0 
-108.208466,33.200488,0 
-108.210011,33.202211,0 
-108.2131,33.203361,0 
-108.214645,33.203361,0 
-108.21722,33.202211,0 
-108.220654,33.201637,0 
-108.224087,33.202211,0 
-108.227177,33.204653,0 
-108.231125,33.208531,0 
-108.236618,33.212696,0 
-108.244171,33.217292,0 
-108.244858,33.218872,0 
-108.243484,33.219733,0 
-108.244686,33.220739,0 
-108.251038,33.225047,0 
-108.252068,33.227919,0 
-108.253613,33.228062,0 
-108.254642,33.228924,0 
-108.254986,33.229498,0 
-108.258247,33.229929,0 
-108.261509,33.230647,0 
-108.263226,33.229785,0 
-108.265114,33.229785,0 
</coordinates>
</LineString>
</Placemark>

<Placemark><name>Day 30</name>
<description>The Catwalk and Mogollon</description>
<styleUrl>#linecolor</styleUrl>
<LineString>
<tessellate>1</tessellate>
<altitudeMode>clampToGround</altitudeMode>
<coordinates>
-108.190098,32.778543,0 
-108.191986,32.779048,0 
-108.191986,32.781069,0 
-108.203573,32.783017,0 
-108.206749,32.783306,0 
-108.222971,32.784893,0 
-108.24194,32.786914,0 
-108.251295,32.787635,0 
-108.255072,32.787058,0 
-108.26211,32.784677,0 
-108.265457,32.783594,0 
-108.267174,32.782729,0 
-108.270092,32.782945,0 
-108.272409,32.782223,0 
-108.274555,32.779698,0 
-108.27713,32.780708,0 
-108.27919,32.78078,0 
-108.282452,32.780925,0 
-108.286486,32.781718,0 
-108.291035,32.77876,0 
-108.29258,32.775151,0 
-108.297215,32.77046,0 
-108.300133,32.767068,0 
-108.30245,32.76281,0 
-108.305111,32.761294,0 
-108.307772,32.76115,0 
-108.309746,32.761222,0 
-108.311892,32.761078,0 
-108.320389,32.757613,0 
-108.325624,32.755303,0 
-108.330688,32.752344,0 
-108.334723,32.751117,0 
-108.338499,32.750684,0 
-108.34116,32.751911,0 
-108.34837,32.756097,0 
-108.35043,32.756819,0 
-108.355923,32.756386,0 
-108.370686,32.75552,0 
-108.372574,32.756097,0 
-108.376694,32.758407,0 
-108.384075,32.763027,0 
-108.387337,32.763315,0 
-108.391285,32.764614,0 
-108.396778,32.766491,0 
-108.401585,32.766924,0 
-108.406734,32.767068,0 
-108.411198,32.768223,0 
-108.418751,32.769811,0 
-108.429394,32.768079,0 
-108.431625,32.768367,0 
-108.4342,32.769522,0 
-108.441582,32.774285,0 
-108.443813,32.775151,0 
-108.452053,32.777028,0 
-108.463898,32.781502,0 
-108.469219,32.781502,0 
-108.473682,32.781935,0 
-108.477116,32.783955,0 
-108.480892,32.789006,0 
-108.481922,32.792037,0 
-108.486214,32.80459,0 
-108.486557,32.807765,0 
-108.498573,32.819739,0 
-108.500977,32.82248,0 
-108.50235,32.826519,0 
-108.504066,32.834885,0 
-108.506298,32.837481,0 
-108.510761,32.842385,0 
-108.514194,32.845125,0 
-108.517628,32.848442,0 
-108.517799,32.850173,0 
-108.517284,32.858681,0 
-108.518829,32.862286,0 
-108.520031,32.866612,0 
-108.519173,32.876848,0 
-108.525696,32.888525,0 
-108.527241,32.88939,0 
-108.531017,32.890543,0 
-108.539085,32.896453,0 
-108.545265,32.902074,0 
-108.549042,32.90438,0 
-108.554192,32.907118,0 
-108.557796,32.911442,0 
-108.56329,32.912306,0 
-108.579941,32.915621,0 
-108.582859,32.916629,0 
-108.584232,32.918647,0 
-108.585777,32.924699,0 
-108.588352,32.926572,0 
-108.59539,32.93075,0 
-108.60569,32.944149,0 
-108.610497,32.948182,0 
-108.611698,32.960426,0 
-108.612213,32.963019,0 
-108.615818,32.965179,0 
-108.616505,32.966331,0 
-108.617535,32.968203,0 
-108.622513,32.971084,0 
-108.625088,32.974396,0 
-108.628178,32.975836,0 
-108.635044,32.980588,0 
-108.638134,32.982028,0 
-108.648434,32.983036,0 
-108.651867,32.985772,0 
-108.670921,33.00017,0 
-108.674183,33.003481,0 
-108.677616,33.007944,0 
-108.684654,33.014421,0 
-108.689804,33.019459,0 
-108.701477,33.032125,0 
-108.705769,33.035291,0 
-108.710747,33.037881,0 
-108.738384,33.054285,0 
-108.743191,33.058169,0 
-108.748684,33.062486,0 
-108.750229,33.063636,0 
-108.751945,33.066514,0 
-108.754177,33.070685,0 
-108.755035,33.07572,0 
-108.756065,33.077734,0 
-108.758125,33.079892,0 
-108.764992,33.087946,0 
-108.772202,33.093411,0 
-108.789196,33.106354,0 
-108.790913,33.108367,0 
-108.792801,33.118144,0 
-108.793659,33.121163,0 
-108.798637,33.128639,0 
-108.800697,33.130651,0 
-108.801899,33.134101,0 
-108.810139,33.153361,0 
-108.818722,33.174054,0 
-108.82164,33.177646,0 
-108.824387,33.181238,0 
-108.824387,33.184255,0 
-108.822498,33.187847,0 
-108.821468,33.189571,0 
-108.821125,33.19072,0 
-108.822327,33.192156,0 
-108.83091,33.195029,0 
-108.832111,33.196322,0 
-108.832111,33.199482,0 
-108.832111,33.201781,0 
-108.83297,33.203791,0 
-108.834515,33.205084,0 
-108.83812,33.206377,0 
-108.841381,33.208244,0 
-108.844471,33.210973,0 
-108.844471,33.212696,0 
-108.844471,33.21643,0 
-108.845501,33.21801,0 
-108.849621,33.219303,0 
-108.851166,33.220021,0 
-108.856487,33.230073,0 
-108.86095,33.234237,0 
-108.861637,33.236677,0 
-108.859234,33.239836,0 
-108.859921,33.246727,0 
-108.86198,33.248594,0 
-108.865414,33.249886,0 
-108.867474,33.251896,0 
-108.8661,33.252613,0 
-108.864727,33.2529,0 
-108.864212,33.253762,0 
-108.864212,33.254336,0 
-108.864899,33.25491,0 
-108.871422,33.257207,0 
-108.872452,33.257781,0 
-108.871765,33.260221,0 
-108.87125,33.264671,0 
-108.872452,33.270556,0 
-108.873482,33.278162,0 
-108.874683,33.27931,0 
-108.878117,33.280889,0 
-108.877773,33.284046,0 
-108.877602,33.286342,0 
-108.87846,33.29079,0 
-108.880005,33.294234,0 
-108.877945,33.30356,0 
-108.87846,33.304995,0 
-108.878803,33.305569,0 
-108.884983,33.307147,0 
-108.886185,33.308581,0 
-108.886013,33.310159,0 
-108.884296,33.311164,0 
-108.882236,33.312742,0 
-108.88361,33.318623,0 
-108.883266,33.320201,0 
-108.881207,33.321492,0 
-108.879147,33.322783,0 
-108.878632,33.324217,0 
-108.877258,33.325365,0 
-108.87537,33.325795,0 
-108.873138,33.326082,0 
-108.871422,33.328233,0 
-108.870735,33.328664,0 
-108.869019,33.329381,0 
-108.867302,33.330098,0 
-108.866272,33.329811,0 
-108.86404,33.330098,0 
-108.860264,33.331389,0 
-108.857689,33.33354,0 
-108.857002,33.336552,0 
-108.856487,33.338703,0 
-108.854942,33.341285,0 
-108.853741,33.343292,0 
-108.852711,33.344583,0 
-108.852711,33.34616,0 
-108.851681,33.349745,0 
-108.850822,33.352756,0 
-108.849449,33.35419,0 
-108.846188,33.357631,0 
-108.844986,33.360212,0 
-108.844986,33.363223,0 
-108.844299,33.366234,0 
-108.842754,33.369388,0 
-108.842239,33.371252,0 
-108.841724,33.370105,0 
-108.843784,33.365374,0 
-108.843956,33.36222,0 
-108.845158,33.357775,0 
-108.850136,33.351466,0 
-108.851337,33.347738,0 
-108.852711,33.343292,0 
-108.854256,33.340711,0 
-108.855801,33.337412,0 
-108.856487,33.334114,0 
-108.859234,33.330672,0 
-108.862839,33.329955,0 
-108.8661,33.328807,0 
-108.867474,33.329381,0 
-108.869534,33.328233,0 
-108.871937,33.326225,0 
-108.874683,33.325365,0 
-108.876743,33.324361,0 
-108.879147,33.321779,0 
-108.882236,33.322639,0 
-108.882236,33.325365,0 
-108.88258,33.325939,0 
-108.883438,33.327229,0 
-108.884983,33.327516,0 
-108.887901,33.328377,0 
-108.889446,33.329811,0 
-108.889961,33.33268,0 
-108.891163,33.335261,0 
-108.898373,33.348455,0 
-108.898373,33.350462,0 
-108.897514,33.353043,0 
-108.898888,33.354477,0 
-108.902149,33.357918,0 
-108.902321,33.361216,0 
-108.901119,33.36351,0 
-108.89142,33.362936,0 
-108.89039,33.363295,0 
-108.886614,33.366377,0 
-108.884211,33.370965,0 
-108.882923,33.373474,0 
-108.880949,33.375337,0 
-108.87949,33.375481,0 
-108.878546,33.375911,0 
-108.877687,33.375911,0 
-108.876228,33.376771,0 
-108.874855,33.377487,0 
-108.873396,33.377416,0 
-108.872623,33.378276,0 
-108.871937,33.378061,0 
-108.861465,33.377989,0 
-108.856401,33.376341,0 
-108.847218,33.377201,0 
-108.842154,33.381143,0 
-108.841381,33.383436,0 
-108.841124,33.383938,0 
-108.841381,33.384368,0 
-108.841381,33.384726,0 
-108.840351,33.385228,0 
-108.838978,33.385443,0 
-108.838634,33.3853,0 
-108.837948,33.385586,0 
-108.837948,33.38616,0 
-108.837519,33.386303,0 
-108.836832,33.386375,0 
-108.835888,33.386805,0 
-108.834686,33.387736,0 
-108.833313,33.38788,0 
-108.831339,33.387951,0 
-108.829708,33.388166,0 
-108.828506,33.388166,0 
-108.828421,33.388453,0 
-108.828764,33.388955,0 
-108.828936,33.389313,0 
-108.828678,33.389456,0 
-108.828678,33.390173,0 
-108.828077,33.390173,0 
-108.828249,33.390603,0 
-108.828335,33.390961,0 
-108.828678,33.391391,0 
-108.828506,33.391893,0 
-108.828249,33.392108,0 
-108.828249,33.392394,0 
-108.82782,33.392681,0 
-108.827648,33.393398,0 
-108.827648,33.393971,0 
-108.827305,33.394186,0 
-108.827305,33.394974,0 
-108.827305,33.395762,0 
-108.824902,33.398199,0 
-108.824558,33.397267,0 
-108.823614,33.397626,0 
-108.823013,33.396766,0 
-108.821554,33.396264,0 
-108.82061,33.394759,0 
-108.819923,33.394329,0 
-108.819666,33.394258,0 
-108.818722,33.394688,0 
-108.818207,33.395046,0 
-108.817434,33.395118,0 
-108.816576,33.394974,0 
-108.814945,33.394759,0 
-108.815289,33.396264,0 
-108.814001,33.396264,0 
-108.811426,33.395977,0 
-108.81031,33.396479,0 
-108.81031,33.397052,0 
-108.809624,33.397554,0 
-108.808851,33.396766,0 
-108.80825,33.396766,0 
-108.808079,33.396479,0 
-108.807392,33.396192,0 
-108.805032,33.396479,0 
-108.805161,33.395977,0 
-108.80559,33.394867,0 
-108.80456,33.394867,0 
-108.804045,33.394544,0 
-108.803272,33.393362,0 
-108.802757,33.392932,0 
-108.802071,33.392036,0 
-108.802028,33.391714,0 
-108.802028,33.393434,0 
-108.802586,33.394293,0 
-108.802371,33.394616,0 
-108.802114,33.39501,0 
-108.802028,33.395297,0 
-108.80147,33.395404,0 
-108.800998,33.395297,0 
-108.800225,33.395297,0 
-108.800182,33.395547,0 
-108.800483,33.396121,0 
-108.800397,33.397805,0 
-108.799839,33.397912,0 
-108.798552,33.397805,0 
-108.796792,33.397912,0 
-108.795848,33.397769,0 
-108.794689,33.397196,0 
-108.794045,33.396837,0 
-108.791685,33.395547,0 
-108.790998,33.39501,0 
-108.790269,33.394616,0 
-108.789582,33.394437,0 
-108.787565,33.393505,0 
</coordinates>
</LineString>
</Placemark>

<Placemark><name>Day 31</name>
<description>To Las Cruces</description>
<styleUrl>#linecolor</styleUrl>
<LineString>
<tessellate>1</tessellate>
<altitudeMode>clampToGround</altitudeMode>
<coordinates>
-108.190098,32.778615,0 
-108.192072,32.779193,0 
-108.191986,32.781141,0 
-108.185635,32.780203,0 
-108.178768,32.779265,0 
-108.17482,32.779553,0 
-108.168297,32.780708,0 
-108.163662,32.781574,0 
-108.159285,32.782296,0 
-108.153877,32.782296,0 
-108.150873,32.781935,0 
-108.149586,32.780997,0 
-108.148384,32.77912,0 
-108.148041,32.776811,0 
-108.147955,32.773925,0 
-108.148212,32.772265,0 
-108.148298,32.768007,0 
-108.14538,32.7605,0 
-108.144007,32.758985,0 
-108.14126,32.758118,0 
-108.138685,32.757469,0 
-108.13714,32.756242,0 
-108.136368,32.754726,0 
-108.136282,32.752416,0 
-108.135767,32.751478,0 
-108.133793,32.748085,0 
-108.133278,32.74693,0 
-108.133278,32.746063,0 
-108.134222,32.731624,0 
-108.13448,32.728953,0 
-108.135595,32.724404,0 
-108.135853,32.71906,0 
-108.13611,32.713211,0 
-108.135853,32.711117,0 
-108.134651,32.693638,0 
-108.134136,32.692482,0 
-108.131819,32.690026,0 
-108.131132,32.68822,0 
-108.130274,32.67565,0 
-108.129845,32.666474,0 
-108.129673,32.6625,0 
-108.130102,32.655274,0 
-108.130274,32.652311,0 
-108.131218,32.647253,0 
-108.131561,32.645301,0 
-108.130445,32.640893,0 
-108.128214,32.638002,0 
-108.124437,32.634388,0 
-108.089676,32.601422,0 
-108.058176,32.571699,0 
-108.019381,32.534874,0 
-108.010798,32.541459,0 
-107.995434,32.550937,0 
-107.987623,32.555929,0 
-107.98007,32.561861,0 
-107.978439,32.562584,0 
-107.975349,32.563452,0 
-107.97595,32.574519,0 
-107.975521,32.575026,0 
-107.972946,32.577919,0 
-107.972345,32.581463,0 
-107.972431,32.582475,0 
-107.974062,32.587899,0 
-107.976894,32.588116,0 
-107.976894,32.588478,0 
-107.974062,32.588333,0 
-107.972088,32.58262,0 
-107.972603,32.577846,0 
-107.975693,32.574664,0 
-107.975092,32.563163,0 
-107.979212,32.561933,0 
-107.986851,32.556146,0 
-108.010454,32.541387,0 
-108.019209,32.534585,0 
-107.997923,32.514466,0 
-107.982988,32.500207,0 
-107.949858,32.468785,0 
-107.922478,32.442929,0 
-107.888489,32.410473,0 
-107.855701,32.379237,0 
-107.833729,32.358286,0 
-107.796736,32.323043,0 
-107.776566,32.303602,0 
-107.763605,32.291196,0 
-107.762403,32.289237,0 
-107.76206,32.286842,0 
-107.759056,32.270588,0 
-107.758284,32.270588,0 
-107.719917,32.275087,0 
-107.710819,32.276175,0 
-107.708502,32.276683,0 
-107.701979,32.278643,0 
-107.696571,32.280239,0 
-107.692108,32.280892,0 
-107.685413,32.281763,0 
-107.667131,32.283577,0 
-107.639751,32.286117,0 
-107.631512,32.286842,0 
-107.629023,32.286697,0 
-107.585506,32.281908,0 
-107.566538,32.279731,0 
-107.56319,32.279006,0 
-107.531004,32.269281,0 
-107.512379,32.263765,0 
-107.452812,32.245546,0 
-107.443199,32.242715,0 
-107.437963,32.241191,0 
-107.433586,32.240537,0 
-107.407494,32.237633,0 
-107.391272,32.236109,0 
-107.387152,32.236109,0 
-107.38389,32.236835,0 
-107.37771,32.239521,0 
-107.371101,32.242425,0 
-107.367668,32.243441,0 
-107.36269,32.243732,0 
-107.338486,32.243441,0 
-107.262955,32.241917,0 
-107.198925,32.240755,0 
-107.192831,32.241191,0 
-107.134466,32.247942,0 
-107.08786,32.253314,0 
-107.026148,32.260282,0 
-107.017307,32.26137,0 
-107.000484,32.262967,0 
-106.958771,32.267685,0 
-106.921692,32.271966,0 
-106.910019,32.273345,0 
-106.90753,32.273781,0 
-106.886072,32.281328,0 
-106.882296,32.281908,0 
-106.881437,32.283359,0 
-106.877918,32.284738,0 
-106.876116,32.286625,0 
-106.870193,32.290543,0 
-106.867104,32.291958,0 
-106.86161,32.293445,0 
-106.860087,32.294044,0 
-106.860087,32.291686,0 
-106.859508,32.291631,0 
-106.859508,32.291268,0 
-106.859851,32.291268,0 
</coordinates>
</LineString>
</Placemark>

<Placemark><name>day 32</name>
<description>Through White Sands</description>
<styleUrl>#linecolor</styleUrl>
<LineString>
<tessellate>1</tessellate>
<altitudeMode>clampToGround</altitudeMode>
<coordinates>
-106.85955,32.293227,0 
-106.855087,32.298161,0 
-106.853027,32.301063,0 
-106.846504,32.303965,0 
-106.829338,32.309478,0 
-106.820755,32.31238,0 
-106.812172,32.309478,0 
-106.805992,32.311509,0 
-106.802902,32.31209,0 
-106.785393,32.315572,0 
-106.780243,32.316152,0 
-106.783333,32.330078,0 
-106.782646,32.332689,0 
-106.7696,32.347772,0 
-106.732521,32.378512,0 
-106.729088,32.379672,0 
-106.720848,32.382861,0 
-106.614418,32.419965,0 
-106.614418,32.417646,0 
-106.612015,32.418805,0 
-106.613388,32.420254,0 
-106.608238,32.421993,0 
-106.580086,32.431556,0 
-106.574249,32.429818,0 
-106.569786,32.42634,0 
-106.566353,32.424312,0 
-106.561203,32.42634,0 
-106.55468,32.429528,0 
-106.553993,32.430397,0 
-106.549873,32.435613,0 
-106.546097,32.436482,0 
-106.470909,32.437641,0 
-106.470222,32.431846,0 
-106.479836,32.415327,0 
-106.479149,32.380831,0 
-106.478462,32.414168,0 
-106.468849,32.430977,0 
-106.469193,32.438221,0 
-106.420784,32.460529,0 
-106.418381,32.463136,0 
-106.298561,32.616243,0 
-106.197281,32.744259,0 
-106.176338,32.774285,0 
-106.171875,32.778038,0 
-106.173248,32.779553,0 
-106.174278,32.781646,0 
-106.178312,32.7841,0 
-106.184578,32.786986,0 
-106.197281,32.791532,0 
-106.205606,32.794851,0 
-106.215219,32.794634,0 
-106.222944,32.79752,0 
-106.228352,32.794923,0 
-106.232901,32.794562,0 
-106.235561,32.792325,0 
-106.237106,32.793335,0 
-106.243372,32.795211,0 
-106.254444,32.80019,0 
-106.261053,32.807404,0 
-106.265345,32.814113,0 
-106.255045,32.800117,0 
-106.235776,32.792289,0 
-106.232986,32.79431,0 
-106.228266,32.794815,0 
-106.222944,32.79734,0 
-106.215391,32.794454,0 
-106.205478,32.794598,0 
-106.186466,32.787455,0 
-106.17445,32.781574,0 
-106.172047,32.778724,0 
-106.167412,32.781069,0 
-106.115227,32.808053,0 
-106.069908,32.830847,0 
-106.06184,32.834164,0 
-105.970516,32.870793,0 
-105.963478,32.874685,0 
-105.960388,32.878001,0 
-105.959873,32.883047,0 
-105.960045,32.89948,0 
-105.958157,32.89948,0 
</coordinates>
</LineString>
</Placemark>

<Placemark><name>Day 33</name>
<description>through texas into carlsbad</description>
<styleUrl>#linecolor</styleUrl>
<LineString>
<tessellate>1</tessellate>
<altitudeMode>clampToGround</altitudeMode>
<coordinates>
-105.958157,32.899912,0 
-105.960732,32.899912,0 
-105.961075,32.915333,0 
-105.926056,32.915188,0 
-105.925713,32.917926,0 
-105.923653,32.918215,0 
-105.922108,32.919367,0 
-105.920734,32.921097,0 
-105.923481,32.919079,0 
-105.925713,32.918791,0 
-105.926056,32.914756,0 
-105.960388,32.914468,0 
-105.959873,32.880885,0 
-105.961246,32.876271,0 
-105.965023,32.872235,0 
-105.96571,32.870072,0 
-105.968456,32.868918,0 
-105.968113,32.859979,0 
-105.985107,32.760573,0 
-106.000042,32.669726,0 
-106.018925,32.55781,0 
-106.019955,32.549707,0 
-106.058578,32.453432,0 
-106.07111,32.41895,0 
-106.07214,32.416342,0 
-106.091709,32.384455,0 
-106.091537,32.366478,0 
-106.092911,32.362853,0 
-106.113167,32.331818,0 
-106.188698,32.214108,0 
-106.249123,32.11922,0 
-106.31916,32.009095,0 
-106.322079,32.004873,0 
-106.337357,31.992936,0 
-106.39761,31.947501,0 
-106.417351,31.934099,0 
-106.440182,31.922444,0 
-106.441383,31.916762,0 
-106.441555,31.898838,0 
-106.362762,31.898546,0 
-106.360016,31.897672,0 
-106.356068,31.894611,0 
-106.322422,31.837024,0 
-106.319847,31.835128,0 
-106.310921,31.832066,0 
-106.272125,31.818939,0 
-106.268864,31.816313,0 
-106.268005,31.811354,0 
-106.268005,31.80654,0 
-106.26646,31.80654,0 
-106.176682,31.818793,0 
-106.106644,31.829441,0 
-106.065617,31.833524,0 
-106.057377,31.834399,0 
-106.049652,31.838191,0 
-106.044331,31.838629,0 
-106.036606,31.838045,0 
-106.026306,31.834691,0 
-106.02356,31.833962,0 
-106.018753,31.834399,0 
-106.011028,31.831045,0 
-106.007423,31.829586,0 
-105.999699,31.829295,0 
-105.996094,31.829441,0 
-105.993347,31.832066,0 
-105.990601,31.838337,0 
-105.983562,31.839066,0 
-105.981503,31.841108,0 
-105.979443,31.841837,0 
-105.975838,31.841837,0 
-105.971203,31.840233,0 
-105.948715,31.830316,0 
-105.936527,31.827107,0 
-105.932064,31.826961,0 
-105.896187,31.826815,0 
-105.89344,31.827399,0 
-105.888805,31.827545,0 
-105.881596,31.826524,0 
-105.878162,31.827107,0 
-105.85413,31.834545,0 
-105.844002,31.83717,0 
-105.83147,31.844899,0 
-105.828896,31.845482,0 
-105.825977,31.845191,0 
-105.818081,31.846066,0 
-105.794563,31.848399,0 
-105.793018,31.848399,0 
-105.777397,31.844899,0 
-105.741005,31.831482,0 
-105.714397,31.821565,0 
-105.642815,31.809166,0 
-105.548401,31.792826,0 
-105.435619,31.773126,0 
-105.329018,31.754591,0 
-105.284729,31.746708,0 
-105.200272,31.747,0 
-105.176239,31.747,0 
-105.172806,31.746416,0 
-105.142765,31.739117,0 
-105.138817,31.738679,0 
-105.136585,31.739263,0 
-105.07513,31.745102,0 
-104.978657,31.75532,0 
-104.947758,31.761305,0 
-104.931622,31.76364,0 
-104.910507,31.764224,0 
-104.906902,31.765246,0 
-104.894028,31.774002,0 
-104.878407,31.785384,0 
-104.849396,31.798808,0 
-104.845963,31.801142,0 
-104.828796,31.817334,0 
-104.82811,31.820398,0 
-104.830856,31.838629,0 
-104.832573,31.841399,0 
-104.844074,31.85394,0 
-104.844418,31.858022,0 
-104.843216,31.860792,0 
-104.841156,31.862105,0 
-104.833946,31.863125,0 
-104.83017,31.86225,0 
-104.82502,31.861084,0 
-104.817982,31.861959,0 
-104.815407,31.864,0 
-104.814892,31.866624,0 
-104.816265,31.869103,0 
-104.8209,31.874351,0 
-104.82296,31.877703,0 
-104.822788,31.883097,0 
-104.822102,31.89053,0 
-104.820042,31.892571,0 
-104.817467,31.892862,0 
-104.814034,31.892134,0 
-104.812489,31.891988,0 
-104.799442,31.897526,0 
-104.793262,31.900149,0 
-104.779873,31.907436,0 
-104.77747,31.911225,0 
-104.774208,31.913848,0 
-104.769058,31.914868,0 
-104.764767,31.914868,0 
-104.758759,31.914285,0 
-104.754982,31.916325,0 
-104.75069,31.919384,0 
-104.747944,31.921716,0 
-104.732838,31.930749,0 
-104.729061,31.932934,0 
-104.714298,31.938178,0 
-104.707947,31.943131,0 
-104.696274,31.951871,0 
-104.680996,31.960901,0 
-104.632072,31.970221,0 
-104.602203,31.976192,0 
-104.571819,31.989005,0 
-104.566669,31.990752,0 
-104.534225,31.999924,0 
-104.494572,32.010551,0 
-104.491997,32.011715,0 
-104.489765,32.014189,0 
-104.459553,32.057554,0 
-104.417324,32.117475,0 
-104.386082,32.161372,0 
-104.377327,32.173578,0 
-104.373894,32.176048,0 
-104.367886,32.176484,0 
-104.362736,32.177792,0 
-104.31982,32.211203,0 
-104.317074,32.214834,0 
-104.278965,32.291341,0 
-104.259224,32.330223,0 
-104.255962,32.33559,0 
-104.235964,32.365209,0 
-104.236479,32.365499,0 
</coordinates>
</LineString>
</Placemark>

<Placemark><name>Day 35</name>
<description>into texas</description>
<styleUrl>#linecolor</styleUrl>
<LineString>
<tessellate>1</tessellate>
<altitudeMode>clampToGround</altitudeMode>
<coordinates>
-104.235535,32.367638,0 
-104.234247,32.367747,0 
-104.220943,32.3875,0 
-104.220042,32.388696,0 
-104.219141,32.389203,0 
-104.218111,32.389203,0 
-104.216137,32.388261,0 
-104.213691,32.386992,0 
-104.20794,32.382208,0 
-104.162579,32.345307,0 
-104.124641,32.314846,0 
-104.107475,32.300918,0 
-104.101124,32.292067,0 
-104.100609,32.271894,0 
-104.099751,32.270152,0 
-104.088593,32.261153,0 
-104.087563,32.258394,0 
-104.087563,32.256362,0 
-104.088078,32.245183,0 
-104.087563,32.244312,0 
-104.072628,32.226888,0 
-104.071941,32.222386,0 
-104.064388,32.194499,0 
-104.064045,32.191594,0 
-104.072628,32.164133,0 
-104.073143,32.1605,0 
-104.073658,32.149164,0 
-104.073315,32.105261,0 
-104.0728,32.100899,0 
-104.064732,32.058136,0 
-104.060612,32.031654,0 
-104.05838,32.027143,0 
-104.050999,32.020011,0 
-104.032803,32.002399,0 
-104.030228,31.998614,0 
-103.94886,31.881493,0 
-103.90852,31.825503,0 
-103.807068,31.707286,0 
-103.785782,31.68304,0 
-103.780804,31.680118,0 
-103.768959,31.676466,0 
-103.647766,31.640668,0 
-103.643303,31.63906,0 
-103.641586,31.637014,0 
-103.558331,31.523239,0 
-103.527946,31.480502,0 
-103.525543,31.478452,0 
-103.520565,31.475963,0 
-103.518333,31.473182,0 
-103.506145,31.451218,0 
-103.499279,31.435254,0 
-103.493786,31.42588,0 
-103.516788,31.41797,0 
-103.517818,31.416651,0 
-103.526573,31.378555,0 
-103.53447,31.343375,0 
-103.536186,31.339709,0 
-103.544598,31.323434,0 
-103.553181,31.286913,0 
-103.585796,31.15964,0 
-103.606396,31.076461,0 
-103.607254,31.074549,0 
-103.611374,31.071315,0 
-103.654118,31.047051,0 
-103.655663,31.044845,0 
-103.655319,31.043227,0 
-103.651714,31.037197,0 
-103.652058,31.033814,0 
-103.662014,30.99365,0 
-103.698235,31.000566,0 
-103.725872,30.993503,0 
-103.732738,30.99262,0 
-103.743553,30.986586,0 
-103.750591,30.983937,0 
-103.75248,30.98276,0 
-103.755569,30.979081,0 
-103.762608,30.976137,0 
-103.766212,30.973194,0 
-103.768616,30.968778,0 
-103.768272,30.955383,0 
-103.769474,30.953911,0 
-103.788528,30.94493,0 
-103.791447,30.943752,0 
-103.791618,30.942133,0 
-103.790932,30.897806,0 
-103.791103,30.895007,0 
-103.793507,30.889557,0 
-103.794022,30.886021,0 
-103.793163,30.874382,0 
-103.794022,30.871435,0 
-103.79797,30.863037,0 
-103.803463,30.858174,0 
-103.804836,30.854932,0 
-103.804493,30.853311,0 
-103.799343,30.846384,0 
-103.782005,30.834888,0 
-103.778229,30.830171,0 
-103.777199,30.82855,0 
-103.771534,30.825159,0 
-103.768616,30.820295,0 
-103.762264,30.81425,0 
-103.757973,30.811154,0 
-103.752308,30.807321,0 
-103.735657,30.786235,0 
-103.735485,30.783728,0 
-103.737373,30.782401,0 
-103.745956,30.776944,0 
-103.748875,30.776944,0 
-103.751106,30.776059,0 
-103.760548,30.763817,0 
-103.764668,30.754818,0 
-103.771362,30.741393,0 
-103.773422,30.73859,0 
-103.777027,30.735639,0 
-103.780804,30.733573,0 
-103.783035,30.732245,0 
-103.785782,30.727966,0 
-103.782692,30.714832,0 
-103.784237,30.712471,0 
-103.786125,30.709224,0 
-103.785267,30.704501,0 
-103.784752,30.702139,0 
-103.788872,30.696973,0 
-103.790588,30.693431,0 
-103.788357,30.688264,0 
-103.789215,30.686493,0 
-103.789387,30.684131,0 
-103.790932,30.682654,0 
-103.793507,30.680145,0 
-103.794193,30.677782,0 
-103.795052,30.676158,0 
-103.793507,30.665823,0 
-103.791103,30.662279,0 
-103.791618,30.66095,0 
-103.79282,30.659769,0 
-103.796597,30.659769,0 
-103.799858,30.660507,0 
-103.80415,30.659178,0 
-103.805351,30.657997,0 
-103.805695,30.656373,0 
-103.803291,30.652976,0 
-103.803463,30.651352,0 
-103.806553,30.650466,0 
-103.815479,30.647955,0 
-103.819771,30.645592,0 
-103.821831,30.645592,0 
-103.828182,30.648398,0 
-103.837795,30.650613,0 
-103.839855,30.649284,0 
-103.843803,30.645592,0 
-103.845005,30.642934,0 
-103.846893,30.639537,0 
-103.847923,30.638946,0 
-103.850155,30.638355,0 
-103.852558,30.637469,0 
-103.854275,30.635253,0 
-103.860626,30.630231,0 
-103.864918,30.626391,0 
-103.870926,30.615607,0 
-103.872299,30.61413,0 
-103.875732,30.611618,0 
-103.885689,30.60497,0 
-103.886032,30.602606,0 
-103.886547,30.596843,0 
-103.889465,30.593592,0 
-103.895645,30.586943,0 
-103.902683,30.583987,0 
-103.956413,30.494539,0 
-103.967228,30.461992,0 
-103.969288,30.4577,0 
-103.972034,30.453557,0 
-103.980618,30.443642,0 
-104.004822,30.377022,0 
-104.022675,30.329324,0 
-104.023533,30.326212,0 
-104.023705,30.322508,0 
-104.020443,30.313172,0 
-104.021301,30.312135,0 
-104.020615,30.309319,0 
-104.042759,30.305169,0 
-104.068508,30.313765,0 
-104.069366,30.312283,0 
</coordinates>
</LineString>
</Placemark>

<Placemark><name>day 36</name>
<description>Into Big Bend National Park</description>
<styleUrl>#linecolor</styleUrl>
<LineString>
<tessellate>1</tessellate>
<altitudeMode>clampToGround</altitudeMode>
<coordinates>
-104.043274,30.302946,0 
-104.040527,30.305318,0 
-104.031258,30.307392,0 
-104.020958,30.309171,0 
-104.012375,30.310949,0 
-104.010658,30.311246,0 
-103.991776,30.30591,0 
-103.986626,30.301761,0 
-103.981647,30.299093,0 
-103.976498,30.299093,0 
-103.965683,30.298352,0 
-103.953152,30.294498,0 
-103.95195,30.293757,0 
-103.907146,30.283678,0 
-103.904915,30.282936,0 
-103.894615,30.277155,0 
-103.892727,30.27671,0 
-103.843803,30.273004,0 
-103.839169,30.271225,0 
-103.833504,30.269001,0 
-103.811016,30.268408,0 
-103.808956,30.269446,0 
-103.799171,30.275821,0 
-103.798141,30.277007,0 
-103.793335,30.286494,0 
-103.79385,30.288273,0 
-103.795738,30.290644,0 
-103.80518,30.299093,0 
-103.80518,30.30102,0 
-103.803806,30.306651,0 
-103.802776,30.307837,0 
-103.783894,30.318359,0 
-103.782005,30.318359,0 
-103.764839,30.317914,0 
-103.760719,30.318359,0 
-103.749561,30.320137,0 
-103.746986,30.321026,0 
-103.737373,30.326212,0 
-103.730679,30.332731,0 
-103.727417,30.336732,0 
-103.724842,30.339547,0 
-103.713169,30.344139,0 
-103.696175,30.348139,0 
-103.691883,30.349621,0 
-103.688965,30.353324,0 
-103.687248,30.354657,0 
-103.683643,30.354805,0 
-103.673515,30.354657,0 
-103.671455,30.354805,0 
-103.660297,30.35762,0 
-103.653431,30.359693,0 
-103.646564,30.362359,0 
-103.638668,30.365174,0 
-103.61515,30.374208,0 
-103.611717,30.375541,0 
-103.608627,30.376874,0 
-103.586483,30.390646,0 
-103.583221,30.390646,0 
-103.580475,30.389313,0 
-103.573093,30.386055,0 
-103.563824,30.383538,0 
-103.553696,30.383242,0 
-103.551464,30.382501,0 
-103.502541,30.361323,0 
-103.497562,30.35836,0 
-103.483315,30.345917,0 
-103.474388,30.337028,0 
-103.472843,30.334658,0 
-103.450356,30.289459,0 
-103.446922,30.28516,0 
-103.443146,30.281454,0 
-103.437996,30.278044,0 
-103.428211,30.273449,0 
-103.426323,30.27167,0 
-103.394737,30.249726,0 
-103.378258,30.23801,0 
-103.374825,30.236527,0 
-103.342381,30.224068,0 
-103.336201,30.22214,0 
-103.291225,30.214872,0 
-103.288136,30.214427,0 
-103.245907,30.206416,0 
-103.240585,30.205823,0 
-103.235779,30.206713,0 
-103.237324,30.204932,0 
-103.237495,30.20152,0 
-103.235435,30.191876,0 
-103.234577,30.185644,0 
-103.238354,30.16101,0 
-103.23698,30.15908,0 
-103.233891,30.147205,0 
-103.234921,30.145276,0 
-103.249168,30.117216,0 
-103.25449,30.106078,0 
-103.265305,30.088108,0 
-103.271141,30.078898,0 
-103.271141,30.076373,0 
-103.274574,30.064786,0 
-103.279724,30.05394,0 
-103.283157,30.040566,0 
-103.282642,30.038189,0 
-103.281269,30.036257,0 
-103.278866,30.029421,0 
-103.274918,30.023476,0 
-103.275089,30.021395,0 
-103.273716,30.016044,0 
-103.270798,30.006233,0 
-103.270798,30.002963,0 
-103.270798,29.99553,0 
-103.267708,29.990326,0 
-103.267021,29.986906,0 
-103.265305,29.981554,0 
-103.263416,29.975606,0 
-103.2617,29.972929,0 
-103.260326,29.967725,0 
-103.256207,29.963561,0 
-103.25243,29.955976,0 
-103.25346,29.954488,0 
-103.253117,29.948985,0 
-103.253803,29.94482,0 
-103.254833,29.941697,0 
-103.25861,29.936937,0 
-103.26067,29.929945,0 
-103.257923,29.92325,0 
-103.258095,29.921911,0 
-103.259296,29.920274,0 
-103.262386,29.915811,0 
-103.262386,29.914769,0 
-103.262386,29.913579,0 
-103.25861,29.896169,0 
-103.256893,29.890662,0 
-103.255177,29.886346,0 
-103.251915,29.878011,0 
-103.2514,29.874141,0 
-103.2514,29.871908,0 
-103.250542,29.868633,0 
-103.24934,29.864912,0 
-103.246937,29.85598,0 
-103.24419,29.853151,0 
-103.215866,29.828731,0 
-103.207455,29.822923,0 
-103.206596,29.822327,0 
-103.183079,29.790899,0 
-103.171577,29.779278,0 
-103.158703,29.755138,0 
-103.158703,29.75335,0 
-103.159218,29.750816,0 
-103.160934,29.744556,0 
-103.159904,29.735315,0 
-103.156986,29.728906,0 
-103.164368,29.692676,0 
-103.153553,29.687009,0 
-103.129349,29.673288,0 
-103.115616,29.66404,0 
-103.109264,29.657477,0 
-103.106346,29.654941,0 
-103.085918,29.648675,0 
-103.083901,29.648209,0 
-103.081777,29.647594,0 
-103.080232,29.646475,0 
-103.079309,29.645262,0 
-103.078945,29.644311,0 
-103.079224,29.644461,0 
-103.079417,29.644834,0 
</coordinates>
</LineString>
</Placemark>

<Placemark><name>Day 37</name>
<description>The Rio Grande</description>
<styleUrl>#linecolor</styleUrl>
<LineString>
<tessellate>1</tessellate>
<altitudeMode>clampToGround</altitudeMode>
<coordinates>
-103.079374,29.644778,0 
-103.079181,29.644554,0 
-103.079031,29.644572,0 
-103.080425,29.646587,0 
-103.081713,29.647855,0 
-103.105059,29.654419,0 
-103.106604,29.655463,0 
-103.110895,29.659491,0 
-103.113899,29.662772,0 
-103.124113,29.67023,0 
-103.12892,29.673064,0 
-103.148832,29.683952,0 
-103.162994,29.691706,0 
-103.164196,29.691781,0 
-103.165913,29.683057,0 
-103.167372,29.68,0 
-103.169174,29.676868,0 
-103.171148,29.675376,0 
-103.171749,29.673959,0 
-103.170977,29.670678,0 
-103.170547,29.669112,0 
-103.171062,29.667396,0 
-103.170891,29.665308,0 
-103.173466,29.659714,0 
-103.174152,29.657328,0 
-103.173981,29.655314,0 
-103.173466,29.653897,0 
-103.171148,29.646736,0 
-103.17029,29.645617,0 
-103.162994,29.639873,0 
-103.161278,29.638978,0 
-103.159304,29.638605,0 
-103.158102,29.637859,0 
-103.147631,29.630324,0 
-103.145313,29.628458,0 
-103.144197,29.626444,0 
-103.142138,29.618833,0 
-103.142309,29.617565,0 
-103.143082,29.613461,0 
-103.143597,29.608312,0 
-103.143339,29.601372,0 
-103.142567,29.596894,0 
-103.138876,29.582191,0 
-103.137159,29.575547,0 
-103.136473,29.569799,0 
-103.135786,29.568306,0 
-103.135014,29.567261,0 
-103.135014,29.563528,0 
-103.129778,29.5477,0 
-103.127546,29.544041,0 
-103.125229,29.539934,0 
-103.125401,29.536499,0 
-103.124456,29.529255,0 
-103.123941,29.526044,0 
-103.123341,29.522384,0 
-103.122139,29.519322,0 
-103.120422,29.515214,0 
-103.120337,29.512973,0 
-103.121967,29.507894,0 
-103.131409,29.485333,0 
-103.132267,29.483988,0 
-103.133211,29.483241,0 
-103.136473,29.48085,0 
-103.136988,29.479729,0 
-103.136473,29.477114,0 
-103.136129,29.474275,0 
-103.136988,29.470987,0 
-103.138018,29.467998,0 
-103.137932,29.465831,0 
-103.138018,29.464261,0 
-103.138018,29.4606,0 
-103.136559,29.454546,0 
-103.136902,29.45208,0 
-103.138704,29.432795,0 
-103.139477,29.428534,0 
-103.141108,29.421208,0 
-103.141451,29.418442,0 
-103.141365,29.415003,0 
-103.140421,29.411264,0 
-103.139563,29.409844,0 
-103.139992,29.408049,0 
-103.14188,29.405432,0 
-103.144541,29.401619,0 
-103.145056,29.399899,0 
-103.145399,29.397506,0 
-103.145227,29.392795,0 
-103.145313,29.391598,0 
-103.145914,29.389953,0 
-103.14703,29.388981,0 
-103.147802,29.386737,0 
-103.148746,29.384494,0 
-103.15587,29.376266,0 
-103.1569,29.375219,0 
-103.159046,29.374322,0 
-103.162394,29.372901,0 
-103.163509,29.372153,0 
-103.168745,29.36931,0 
-103.174152,29.367814,0 
-103.178444,29.364748,0 
-103.184023,29.361007,0 
-103.194323,29.355397,0 
-103.195696,29.353901,0 
-103.195696,29.352404,0 
-103.19561,29.350758,0 
-103.195524,29.348364,0 
-103.195696,29.344624,0 
-103.197155,29.340883,0 
-103.199816,29.335645,0 
-103.206081,29.328387,0 
-103.209944,29.330183,0 
-103.215694,29.331979,0 
-103.222647,29.333101,0 
-103.232088,29.333101,0 
-103.241615,29.332353,0 
-103.249769,29.332278,0 
-103.255348,29.333774,0 
-103.259211,29.338114,0 
-103.260326,29.338937,0 
-103.261442,29.339087,0 
-103.264875,29.34193,0 
-103.265047,29.342603,0 
-103.265905,29.343127,0 
-103.266592,29.343202,0 
-103.271313,29.344923,0 
-103.273373,29.346868,0 
-103.276892,29.350609,0 
-103.278351,29.353377,0 
-103.280325,29.354723,0 
-103.284101,29.357865,0 
-103.290024,29.359137,0 
-103.291054,29.358539,0 
-103.311224,29.344998,0 
-103.312941,29.3441,0 
-103.315001,29.342753,0 
-103.316202,29.341556,0 
-103.319035,29.337516,0 
-103.320322,29.337216,0 
-103.325558,29.336468,0 
-103.32839,29.336767,0 
-103.329935,29.336318,0 
-103.331995,29.336169,0 
-103.334055,29.33587,0 
-103.335686,29.335196,0 
-103.340578,29.333999,0 
-103.34444,29.334373,0 
-103.347101,29.334523,0 
-103.349333,29.334298,0 
-103.350878,29.334298,0 
-103.353453,29.332877,0 
-103.354912,29.333176,0 
-103.3568,29.334223,0 
-103.359632,29.334448,0 
-103.36092,29.333849,0 
-103.364697,29.333924,0 
-103.366585,29.333251,0 
-103.367615,29.331829,0 
-103.368731,29.329135,0 
-103.369589,29.32719,0 
-103.371735,29.326217,0 
-103.373365,29.325843,0 
-103.37534,29.326516,0 
-103.376799,29.326516,0 
-103.378344,29.326142,0 
-103.379889,29.325094,0 
-103.38109,29.323897,0 
-103.382978,29.322251,0 
-103.382549,29.320529,0 
-103.384094,29.317686,0 
-103.384523,29.314393,0 
-103.383064,29.311474,0 
-103.38006,29.31095,0 
-103.379974,29.310501,0 
-103.37903,29.309902,0 
-103.37697,29.308855,0 
-103.376198,29.308031,0 
-103.376455,29.30631,0 
-103.376455,29.304289,0 
-103.376455,29.302567,0 
-103.376541,29.29875,0 
-103.375683,29.296804,0 
-103.374395,29.294933,0 
-103.37285,29.292762,0 
-103.372507,29.29104,0 
-103.372335,29.289618,0 
-103.37182,29.288046,0 
-103.370275,29.28595,0 
-103.368645,29.282955,0 
-103.368473,29.281308,0 
-103.36916,29.278463,0 
-103.368902,29.276143,0 
-103.368902,29.274196,0 
-103.368645,29.273447,0 
-103.368645,29.2721,0 
-103.368816,29.270378,0 
-103.368816,29.266933,0 
-103.369074,29.26611,0 
-103.369846,29.264388,0 
-103.370104,29.263414,0 
-103.369246,29.260045,0 
-103.369331,29.258622,0 
-103.369846,29.257649,0 
-103.371906,29.254429,0 
-103.372593,29.253156,0 
-103.372335,29.251882,0 
-103.37225,29.250235,0 
-103.372679,29.247988,0 
-103.373623,29.246116,0 
-103.373709,29.244019,0 
-103.374653,29.241698,0 
-103.374825,29.240499,0 
-103.375425,29.237728,0 
-103.376455,29.233234,0 
-103.376799,29.232635,0 
-103.377657,29.231287,0 
-103.377571,29.230163,0 
-103.376884,29.226793,0 
-103.376713,29.224995,0 
-103.375597,29.223797,0 
-103.37491,29.222523,0 
-103.373623,29.221774,0 
-103.372507,29.221549,0 
-103.371477,29.221025,0 
-103.369932,29.219002,0 
-103.368559,29.218778,0 
-103.368301,29.217579,0 
-103.369074,29.216755,0 
-103.370619,29.215781,0 
-103.370876,29.215482,0 
-103.37182,29.215182,0 
-103.372765,29.215482,0 
-103.377829,29.216605,0 
-103.379459,29.216605,0 
-103.381777,29.21713,0 
-103.383837,29.217429,0 
-103.385553,29.218104,0 
-103.385897,29.218703,0 
-103.385897,29.219227,0 
-103.384008,29.219152,0 
-103.382807,29.219227,0 
-103.382206,29.219602,0 
-103.382807,29.220201,0 
-103.384266,29.22065,0 
-103.386841,29.221025,0 
-103.388386,29.221474,0 
-103.390017,29.221624,0 
-103.392677,29.221699,0 
-103.394394,29.221699,0 
-103.396711,29.221549,0 
-103.397655,29.2214,0 
-103.400745,29.222373,0 
-103.403492,29.222823,0 
-103.404951,29.222598,0 
-103.406668,29.221924,0 
-103.40847,29.221549,0 
-103.409929,29.2214,0 
-103.412247,29.2214,0 
-103.413363,29.220875,0 
-103.415508,29.219152,0 
-103.418341,29.216455,0 
-103.418341,29.215407,0 
-103.417654,29.213759,0 
-103.417654,29.212036,0 
-103.418684,29.210987,0 
-103.421173,29.209713,0 
-103.422289,29.208589,0 
-103.423233,29.206866,0 
-103.423576,29.204244,0 
-103.423061,29.203195,0 
-103.422546,29.200123,0 
-103.422546,29.198475,0 
-103.423147,29.197426,0 
-103.424177,29.195703,0 
-103.42452,29.194204,0 
-103.423662,29.192631,0 
-103.422632,29.190982,0 
-103.422546,29.189259,0 
-103.423147,29.186262,0 
-103.42392,29.184164,0 
-103.425121,29.18304,0 
-103.427181,29.182665,0 
-103.428984,29.181915,0 
-103.430529,29.181166,0 
-103.431215,29.180117,0 
-103.432331,29.178244,0 
-103.433962,29.176145,0 
-103.435507,29.175845,0 
-103.436451,29.174347,0 
-103.438683,29.172173,0 
-103.440142,29.170899,0 
-103.441343,29.169325,0 
-103.442202,29.168651,0 
-103.44306,29.167002,0 
-103.444691,29.165428,0 
-103.445549,29.164004,0 
-103.445892,29.163255,0 
-103.447266,29.163554,0 
-103.44821,29.163554,0 
-103.449326,29.163479,0 
-103.450098,29.16183,0 
-103.450527,29.160931,0 
-103.450613,29.159432,0 
-103.4513,29.157633,0 
-103.452158,29.156884,0 
-103.453617,29.156734,0 
-103.455162,29.156434,0 
-103.456707,29.155909,0 
-103.456879,29.15471,0 
-103.457909,29.153511,0 
-103.459024,29.153286,0 
-103.459883,29.153286,0 
-103.461599,29.154635,0 
-103.4622,29.154785,0 
-103.463488,29.154785,0 
-103.464346,29.155085,0 
-103.465376,29.156359,0 
-103.466749,29.157108,0 
-103.467607,29.157558,0 
-103.467951,29.159207,0 
-103.468809,29.159957,0 
-103.469839,29.160856,0 
-103.471041,29.160856,0 
-103.472328,29.160706,0 
-103.473959,29.159807,0 
-103.475075,29.159582,0 
-103.477135,29.158008,0 
-103.478251,29.156659,0 
-103.479109,29.155384,0 
-103.480053,29.15396,0 
-103.480568,29.153735,0 
-103.482285,29.153136,0 
-103.483615,29.152274,0 
-103.484988,29.150812,0 
-103.487134,29.149388,0 
-103.489022,29.148451,0 
-103.489709,29.147326,0 
-103.491383,29.146989,0 
-103.492928,29.147626,0 
-103.493915,29.147889,0 
-103.494601,29.148751,0 
-103.49503,29.1495,0 
-103.494601,29.150362,0 
-103.494816,29.150924,0 
-103.495374,29.150962,0 
-103.498549,29.151786,0 
-103.501167,29.151524,0 
-103.501811,29.1507,0 
-103.503098,29.14905,0 
-103.503742,29.147739,0 
-103.504729,29.146502,0 
-103.506703,29.144853,0 
-103.507819,29.144178,0 
-103.508677,29.143841,0 
-103.510008,29.143916,0 
-103.51151,29.143766,0 
-103.512325,29.143241,0 
-103.512712,29.142416,0 
-103.513055,29.141404,0 
-103.513184,29.140392,0 
-103.513398,29.139493,0 
-103.514128,29.139005,0 
-103.513956,29.13848,0 
-103.513913,29.137431,0 
-103.513913,29.136419,0 
-103.514171,29.135557,0 
-103.514729,29.135144,0 
-103.515887,29.13462,0 
-103.516488,29.134769,0 
-103.517947,29.136306,0 
-103.519149,29.137618,0 
-103.52035,29.138218,0 
-103.521767,29.138555,0 
-103.523655,29.138668,0 
-103.524556,29.139155,0 
-103.526187,29.14013,0 
-103.527904,29.142454,0 
-103.528719,29.143203,0 
-103.530135,29.144028,0 
-103.531551,29.144215,0 
-103.534641,29.14459,0 
-103.536401,29.144515,0 
-103.537731,29.144628,0 
-103.538418,29.145302,0 
-103.539019,29.146239,0 
-103.539276,29.146914,0 
-103.539534,29.147589,0 
-103.539877,29.148001,0 
-103.540821,29.148188,0 
-103.541894,29.148638,0 
-103.542237,29.14965,0 
-103.542581,29.15025,0 
-103.543396,29.150962,0 
-103.543911,29.151449,0 
-103.544168,29.152311,0 
-103.544126,29.153361,0 
-103.544168,29.153998,0 
-103.544469,29.154635,0 
-103.544941,29.15486,0 
-103.545499,29.15486,0 
-103.546228,29.154785,0 
-103.548074,29.154747,0 
-103.548889,29.155309,0 
-103.549275,29.155984,0 
-103.54979,29.157408,0 
-103.55155,29.158083,0 
-103.553267,29.158757,0 
-103.55361,29.159544,0 
-103.554339,29.160706,0 
-103.555198,29.161156,0 
-103.556271,29.161268,0 
-103.55773,29.161231,0 
-103.558674,29.161343,0 
-103.560348,29.162355,0 
-103.562365,29.162992,0 
-103.565111,29.163779,0 
-103.566012,29.163779,0 
-103.567686,29.163592,0 
-103.568974,29.162992,0 
-103.569489,29.161943,0 
-103.570304,29.159994,0 
-103.572063,29.159095,0 
-103.573866,29.158945,0 
-103.574681,29.157746,0 
-103.575068,29.156321,0 
-103.576269,29.154447,0 
-103.577299,29.154485,0 
-103.578286,29.15456,0 
-103.580647,29.153698,0 
-103.582234,29.153698,0 
-103.583822,29.153848,0 
-103.585196,29.154148,0 
-103.586483,29.153286,0 
-103.587298,29.152611,0 
-103.591075,29.152349,0 
-103.593564,29.15426,0 
-103.594422,29.154897,0 
-103.596053,29.155459,0 
-103.597727,29.156359,0 
-103.599658,29.157596,0 
-103.600173,29.15887,0 
-103.600945,29.160819,0 
-103.601031,29.161643,0 
-103.601675,29.163367,0 
-103.602061,29.165503,0 
-103.601933,29.166365,0 
-103.602748,29.168651,0 
-103.602748,29.169738,0 
-103.602533,29.170562,0 
-103.602962,29.171049,0 
-103.604078,29.171049,0 
-103.604937,29.171499,0 
-103.605623,29.171724,0 
-103.609056,29.171274,0 
-103.609743,29.170899,0 
-103.610301,29.1703,0 
-103.610301,29.167864,0 
-103.610516,29.167564,0 
-103.610215,29.167264,0 
-103.610172,29.167564,0 
-103.610172,29.167901,0 
</coordinates>
</LineString>
</Placemark>

<Placemark><name>day 39</name>
<description>East of the Pecos</description>
<styleUrl>#linecolor</styleUrl>
<LineString>
<tessellate>1</tessellate>
<altitudeMode>clampToGround</altitudeMode>
<coordinates>
-103.08609,29.649272,0 
-103.103943,29.654046,0 
-103.110809,29.659416,0 
-103.134842,29.676122,0 
-103.163681,29.691632,0 
-103.157501,29.726222,0 
-103.157501,29.7298,0 
-103.159561,29.735166,0 
-103.160934,29.744109,0 
-103.158531,29.753648,0 
-103.158875,29.75633,0 
-103.171577,29.77898,0 
-103.180847,29.788217,0 
-103.206253,29.821881,0 
-103.219299,29.831709,0 
-103.241272,29.851066,0 
-103.246765,29.855533,0 
-103.247795,29.857617,0 
-103.249168,29.865954,0 
-103.250885,29.869229,0 
-103.252258,29.878458,0 
-103.258438,29.894532,0 
-103.260498,29.906437,0 
-103.262558,29.914472,0 
-103.262558,29.91596,0 
-103.258095,29.920721,0 
-103.258095,29.922506,0 
-103.260498,29.929052,0 
-103.260498,29.930837,0 
-103.259125,29.93649,0 
-103.256721,29.939465,0 
-103.253288,29.94601,0 
-103.252945,29.950473,0 
-103.252945,29.952555,0 
-103.253975,29.954637,0 
-103.252945,29.957017,0 
-103.257751,29.965345,0 
-103.259811,29.968022,0 
-103.263245,29.976647,0 
-103.265648,29.982,0 
-103.267365,29.990029,0 
-103.268738,29.99211,0 
-103.271141,29.995678,0 
-103.271141,29.998949,0 
-103.271141,30.001922,0 
-103.270798,30.00549,0 
-103.274918,30.017382,0 
-103.274574,30.020057,0 
-103.274574,30.023624,0 
-103.275261,30.025408,0 
-103.279037,30.029569,0 
-103.281441,30.037,0 
-103.282814,30.039972,0 
-103.283157,30.04235,0 
-103.280411,30.052454,0 
-103.277664,30.058397,0 
-103.274574,30.064934,0 
-103.270798,30.078007,0 
-103.248138,30.118997,0 
-103.237495,30.139783,0 
-103.234062,30.146315,0 
-103.236122,30.158189,0 
-103.238525,30.160564,0 
-103.234749,30.185793,0 
-103.234062,30.18876,0 
-103.238525,30.206564,0 
-103.213463,30.205081,0 
-103.172264,30.211608,0 
-103.078537,30.212795,0 
-103.033905,30.213685,0 
-103.013306,30.217245,0 
-102.991676,30.215168,0 
-102.989273,30.213982,0 
-102.98172,30.206268,0 
-102.976913,30.205081,0 
-102.950821,30.203301,0 
-102.946701,30.20241,0 
-102.930222,30.203894,0 
-102.924728,30.203597,0 
-102.919235,30.203004,0 
-102.888336,30.193508,0 
-102.88044,30.189947,0 
-102.861214,30.189651,0 
-102.853661,30.18787,0 
-102.824478,30.180748,0 
-102.806282,30.178077,0 
-102.798042,30.175405,0 
-102.794952,30.175109,0 
-102.781219,30.178077,0 
-102.77504,30.178077,0 
-102.76474,30.175405,0 
-102.75959,30.175405,0 
-102.754784,30.175405,0 
-102.737617,30.173625,0 
-102.733154,30.174218,0 
-102.694359,30.171547,0 
-102.691612,30.171547,0 
-102.66552,30.162642,0 
-102.661057,30.162642,0 
-102.652473,30.162345,0 
-102.632561,30.160564,0 
-102.583122,30.137705,0 
-102.571106,30.135329,0 
-102.561836,30.134735,0 
-102.554283,30.136517,0 
-102.550163,30.137705,0 
-102.530594,30.156112,0 
-102.526131,30.15908,0 
-102.513428,30.161158,0 
-102.489738,30.166501,0 
-102.484245,30.168876,0 
-102.472916,30.169172,0 
-102.461586,30.166204,0 
-102.456093,30.161158,0 
-102.4506,30.150768,0 
-102.440987,30.146909,0 
-102.433777,30.146315,0 
-102.423477,30.147205,0 
-102.410774,30.148096,0 
-102.404938,30.144237,0 
-102.394295,30.139486,0 
-102.385368,30.135032,0 
-102.384682,30.129391,0 
-102.385368,30.12464,0 
-102.386055,30.119591,0 
-102.385368,30.118106,0 
-102.381248,30.115434,0 
-102.376099,30.111573,0 
-102.373695,30.110385,0 
-102.368202,30.109197,0 
-102.363739,30.105039,0 
-102.362366,30.099395,0 
-102.361679,30.090187,0 
-102.359962,30.085731,0 
-102.349663,30.074739,0 
-102.34623,30.074442,0 
-102.342453,30.074442,0 
-102.313614,30.065231,0 
-102.296791,30.061369,0 
-102.286835,30.061369,0 
-102.278938,30.063449,0 
-102.275162,30.06434,0 
-102.271042,30.062557,0 
-102.257652,30.058991,0 
-102.249069,30.058991,0 
-102.245293,30.058991,0 
-102.22332,30.054237,0 
-102.217827,30.052751,0 
-102.170105,30.053048,0 
-102.167015,30.051562,0 
-102.163925,30.050968,0 
-102.154655,30.050968,0 
-102.117233,30.047105,0 
-102.109337,30.042944,0 
-102.065735,30.010842,0 
-102.062988,30.009355,0 
-102.059555,30.010544,0 
-102.054749,30.010544,0 
-102.032433,29.999246,0 
-102.0187,29.973078,0 
-101.99192,29.948985,0 
-101.984711,29.946903,0 
-101.934929,29.932325,0 
-101.932526,29.93054,0 
-101.912613,29.91596,0 
-101.896477,29.910603,0 
-101.879997,29.908222,0 
-101.867638,29.900484,0 
-101.854248,29.898401,0 
-101.848755,29.900484,0 
-101.836052,29.90227,0 
-101.830215,29.901675,0 
-101.820602,29.904949,0 
-101.808929,29.905544,0 
-101.79554,29.897508,0 
-101.792793,29.895722,0 
-101.790047,29.898401,0 
-101.767044,29.907329,0 
-101.760864,29.909115,0 
-101.755714,29.906734,0 
-101.729622,29.888579,0 
-101.706619,29.865656,0 
-101.658897,29.831412,0 
-101.653404,29.830518,0 
-101.631432,29.832007,0 
-101.627312,29.829922,0 
-101.611176,29.821285,0 
-101.58783,29.81503,0 
-101.580276,29.812944,0 
-101.567917,29.813838,0 
-101.56414,29.81354,0 
-101.554184,29.818008,0 
-101.550064,29.817115,0 
-101.481056,29.804305,0 
-101.46801,29.80371,0 
-101.4608,29.802816,0 
-101.450844,29.795964,0 
-101.438828,29.785833,0 
-101.433334,29.785833,0 
-101.424065,29.784939,0 
-101.407928,29.784045,0 
-101.404495,29.782854,0 
-101.389389,29.776,0 
-101.385956,29.771828,0 
-101.386299,29.762589,0 
-101.386642,29.747388,0 
-101.383896,29.741128,0 
-101.376686,29.732483,0 
-101.37291,29.729204,0 
-101.366386,29.724732,0 
-101.362953,29.720856,0 
-101.351967,29.708929,0 
-101.345444,29.703263,0 
-101.34304,29.702964,0 
-101.338577,29.702964,0 
-101.317978,29.705947,0 
-101.300812,29.708332,0 
-101.300812,29.705052,0 
-101.316261,29.701473,0 
-101.322441,29.699684,0 
</coordinates>
</LineString>
</Placemark>

<Placemark><name>Day 40</name>
<description>Into Hill Country</description>
<styleUrl>#linecolor</styleUrl>
<LineString>
<tessellate>1</tessellate>
<altitudeMode>clampToGround</altitudeMode>
<coordinates>
-101.322269,29.695956,0 
-101.320724,29.697149,0 
-101.320381,29.69864,0 
-101.317978,29.701175,0 
-101.315746,29.700728,0 
-101.313858,29.700728,0 
-101.319866,29.706543,0 
-101.301327,29.708779,0 
-101.297894,29.708929,0 
-101.286049,29.709227,0 
-101.280212,29.708779,0 
-101.272831,29.708929,0 
-101.248798,29.710419,0 
-101.24588,29.710419,0 
-101.229744,29.707885,0 
-101.225967,29.708034,0 
-101.223907,29.707288,0 
-101.201935,29.699535,0 
-101.194897,29.697746,0 
-101.189404,29.695956,0 
-101.180992,29.692526,0 
-101.178761,29.690588,0 
-101.173782,29.687307,0 
-101.168633,29.685667,0 
-101.163654,29.683281,0 
-101.158676,29.677912,0 
-101.15696,29.674481,0 
-101.154556,29.669857,0 
-101.149063,29.660311,0 
-101.146317,29.654941,0 
-101.14357,29.651211,0 
-101.13327,29.640619,0 
-101.122284,29.63092,0 
-101.118851,29.627638,0 
-101.070786,29.601521,0 
-101.068211,29.598237,0 
-101.066322,29.589729,0 
-101.067181,29.587042,0 
-101.078854,29.556884,0 
-101.079369,29.553001,0 
-101.079369,29.546281,0 
-101.076794,29.531645,0 
-101.075764,29.530002,0 
-101.059628,29.513571,0 
-101.058598,29.511479,0 
-101.053104,29.499079,0 
-101.051216,29.497735,0 
-101.038685,29.492655,0 
-101.03611,29.489666,0 
-101.023922,29.469642,0 
-101.020832,29.467699,0 
-101.017056,29.466952,0 
-100.995426,29.467101,0 
-100.958347,29.455443,0 
-100.939465,29.454695,0 
-100.937061,29.454247,0 
-100.92247,29.447222,0 
-100.910797,29.432571,0 
-100.908051,29.426591,0 
-100.904274,29.411489,0 
-100.905304,29.395936,0 
-100.905819,29.385167,0 
-100.904617,29.379782,0 
-100.897923,29.36557,0 
-100.886936,29.369011,0 
-100.878181,29.370657,0 
-100.873375,29.370657,0 
-100.858612,29.369759,0 
-100.845222,29.368862,0 
-100.803509,29.367964,0 
-100.797157,29.369011,0 
-100.790806,29.370657,0 
-100.754929,29.383222,0 
-100.728149,29.392944,0 
-100.724545,29.393243,0 
-100.681629,29.385017,0 
-100.678883,29.384269,0 
-100.676308,29.382474,0 
-100.662918,29.373649,0 
-100.639915,29.364523,0 
-100.608501,29.356893,0 
-100.587215,29.351207,0 
-100.559578,29.342229,0 
-100.518379,29.331156,0 
-100.486279,29.327564,0 
-100.444736,29.319332,0 
-100.431519,29.316189,0 
-100.416927,29.307956,0 
-100.410748,29.305412,0 
-100.406113,29.305262,0 
-100.40062,29.303466,0 
-100.327492,29.28011,0 
-100.322342,29.28011,0 
-100.319939,29.279661,0 
-100.251961,29.267532,0 
-100.249557,29.266933,0 
-100.247498,29.265586,0 
-100.245438,29.264388,0 
-100.198402,29.247464,0 
-100.172825,29.240724,0 
-100.137119,29.235331,0 
-100.135918,29.234283,0 
-100.131626,29.232335,0 
-100.12888,29.231736,0 
-100.125446,29.231736,0 
-100.121841,29.233534,0 
-100.108452,29.237728,0 
-100.084248,29.242222,0 
-100.079784,29.24357,0 
-100.076523,29.24312,0 
-100.014381,29.231886,0 
-100.00185,29.229639,0 
-99.9967,29.227542,0 
-99.990349,29.227392,0 
-99.979019,29.223347,0 
-99.943314,29.216455,0 
-99.925461,29.213309,0 
-99.921513,29.210612,0 
-99.917393,29.209713,0 
-99.913788,29.208215,0 
-99.896622,29.204918,0 
-99.877052,29.202371,0 
-99.812851,29.199524,0 
-99.786072,29.209863,0 
-99.771652,29.214957,0 
-99.757233,29.228441,0 
-99.751568,29.235331,0 
-99.74041,29.246416,0 
-99.72908,29.25675,0 
-99.703331,29.276667,0 
-99.659214,29.290142,0 
-99.635181,29.295382,0 
-99.571838,29.316189,0 
-99.567547,29.317386,0 
-99.562569,29.317536,0 
-99.549179,29.319332,0 
-99.543343,29.319182,0 
-99.538536,29.316638,0 
-99.5327,29.312597,0 
-99.529953,29.311848,0 
-99.490128,29.313046,0 
-99.484291,29.313495,0 
-99.466782,29.318584,0 
-99.463177,29.318733,0 
-99.455452,29.317087,0 
-99.441204,29.313345,0 
-99.3964,29.313644,0 
-99.378376,29.313794,0 
-99.373913,29.314093,0 
-99.358635,29.314692,0 
-99.308853,29.324122,0 
-99.288597,29.327564,0 
-99.275723,29.331754,0 
-99.270229,29.333251,0 
-99.24448,29.336393,0 
-99.174099,29.336992,0 
-99.171009,29.33774,0 
-99.163113,29.345072,0 
-99.151096,29.346419,0 
-99.13805,29.347915,0 
-99.116764,29.348963,0 
-99.116764,29.404311,0 
-99.116936,29.469193,0 
-99.116936,29.486379,0 
-99.113331,29.492206,0 
-99.108696,29.499378,0 
-99.109726,29.531048,0 
-99.109383,29.537321,0 
-99.104748,29.545534,0 
-99.104404,29.550463,0 
-99.102688,29.561363,0 
-99.096508,29.56853,0 
-99.092731,29.574502,0 
-99.090157,29.576742,0 
-99.075394,29.582265,0 
-99.073505,29.584505,0 
-99.069386,29.595103,0 
-99.065952,29.601223,0 
-99.065952,29.605551,0 
-99.066639,29.618983,0 
-99.066982,29.635695,0 
-99.068184,29.653897,0 
-99.068184,29.658819,0 
-99.066811,29.660908,0 
-99.059258,29.670752,0 
-99.058571,29.673288,0 
-99.059258,29.698939,0 
-99.058228,29.712358,0 
-99.060459,29.716681,0 
-99.062347,29.718918,0 
-99.063678,29.720036,0 
-99.066339,29.721303,0 
-99.067669,29.721936,0 
-99.069214,29.723054,0 
-99.069858,29.723614,0 
-99.069386,29.724098,0 
-99.068828,29.7238,0 
-99.068356,29.724098,0 
</coordinates>
</LineString>
</Placemark>

<Placemark><name>Day 41</name>
<description>Around Hill Country</description>
<styleUrl>#linecolor</styleUrl>
<LineString>
<tessellate>1</tessellate>
<altitudeMode>clampToGround</altitudeMode>
<coordinates>
-99.068956,29.724061,0 
-99.069729,29.723763,0 
-99.069901,29.723464,0 
-99.070845,29.724359,0 
-99.067326,29.727788,0 
-99.065781,29.729502,0 
-99.063807,29.731067,0 
-99.061403,29.731514,0 
-99.058914,29.731887,0 
-99.056339,29.731738,0 
-99.053936,29.731961,0 
-99.051018,29.732856,0 
-99.046211,29.734346,0 
-99.044924,29.735166,0 
-99.040804,29.736135,0 
-99.036942,29.7377,0 
-99.023037,29.743811,0 
-99.017715,29.745749,0 
-99.015913,29.745972,0 
-99.014454,29.745823,0 
-99.00218,29.744556,0 
-99.000807,29.744705,0 
-98.992224,29.745972,0 
-98.991537,29.745823,0 
-98.980293,29.742991,0 
-98.979435,29.742693,0 
-98.971968,29.739191,0 
-98.970938,29.738967,0 
-98.963299,29.73688,0 
-98.955832,29.730918,0 
-98.954973,29.73062,0 
-98.949137,29.728757,0 
-98.935919,29.723539,0 
-98.933859,29.722794,0 
-98.932056,29.722272,0 
-98.929825,29.721154,0 
-98.925362,29.720036,0 
-98.921585,29.720557,0 
-98.917809,29.720632,0 
-98.913345,29.720036,0 
-98.911972,29.719663,0 
-98.908024,29.718694,0 
-98.905277,29.718619,0 
-98.900728,29.718023,0 
-98.899698,29.71765,0 
-98.896179,29.71519,0 
-98.894892,29.714147,0 
-98.890085,29.712432,0 
-98.888884,29.713178,0 
-98.88648,29.713625,0 
-98.882275,29.713998,0 
-98.879442,29.71452,0 
-98.877382,29.715265,0 
-98.873949,29.717799,0 
-98.870945,29.718694,0 
-98.864079,29.723688,0 
-98.862963,29.725104,0 
-98.861847,29.725179,0 
-98.85747,29.724508,0 
-98.856268,29.724508,0 
-98.853436,29.728086,0 
-98.852148,29.729576,0 
-98.842621,29.73688,0 
-98.841076,29.737849,0 
-98.837471,29.739712,0 
-98.833437,29.74165,0 
-98.826485,29.745823,0 
-98.822966,29.747314,0 
-98.820391,29.749028,0 
-98.818588,29.749996,0 
-98.817301,29.750891,0 
-98.816442,29.751263,0 
-98.813095,29.75253,0 
-98.811893,29.753499,0 
-98.810263,29.753722,0 
-98.808117,29.754244,0 
-98.80434,29.754691,0 
-98.80271,29.75484,0 
-98.798933,29.755958,0 
-98.795586,29.75797,0 
-98.79344,29.75864,0 
-98.79241,29.758715,0 
-98.791723,29.759758,0 
-98.791294,29.761919,0 
-98.791208,29.763334,0 
-98.79035,29.764228,0 
-98.788633,29.764824,0 
-98.785028,29.766464,0 
-98.784428,29.76706,0 
-98.782539,29.769444,0 
-98.781338,29.770189,0 
-98.777905,29.771008,0 
-98.776188,29.770412,0 
-98.775415,29.769146,0 
-98.773785,29.767656,0 
-98.769064,29.767209,0 
-98.764429,29.767358,0 
-98.76297,29.767656,0 
-98.760738,29.770114,0 
-98.749838,29.77302,0 
-98.747692,29.773914,0 
-98.744602,29.77898,0 
-98.743486,29.779352,0 
-98.738937,29.779501,0 
-98.738165,29.779799,0 
-98.73662,29.78047,0 
-98.735332,29.78047,0 
-98.729067,29.78047,0 
-98.729067,29.789185,0 
-98.724861,29.789558,0 
-98.722029,29.789856,0 
-98.716707,29.787993,0 
-98.715677,29.788291,0 
-98.714647,29.789111,0 
-98.714476,29.789856,0 
-98.714218,29.811753,0 
-98.713961,29.8122,0 
-98.704691,29.821881,0 
-98.704176,29.822998,0 
-98.703403,29.827019,0 
-98.703403,29.827912,0 
-98.70409,29.831709,0 
-98.703661,29.834464,0 
-98.703661,29.835283,0 
-98.702717,29.837964,0 
-98.702116,29.839155,0 
-98.699541,29.840197,0 
-98.698597,29.841612,0 
-98.694391,29.843994,0 
-98.689842,29.848163,0 
-98.687696,29.849875,0 
-98.687696,29.851811,0 
-98.688641,29.853374,0 
-98.688383,29.854044,0 
-98.686838,29.855682,0 
-98.685465,29.858659,0 
-98.683748,29.86119,0 
-98.681517,29.862232,0 
-98.681431,29.862418,0 
-98.680701,29.862456,0 
-98.676796,29.862642,0 
-98.676109,29.862753,0 
-98.671389,29.866959,0 
-98.671002,29.86707,0 
-98.670573,29.866847,0 
-98.669415,29.865768,0 
-98.66787,29.865284,0 
-98.667312,29.865098,0 
-98.666282,29.865582,0 
-98.653879,29.871983,0 
-98.644824,29.876374,0 
-98.643837,29.876634,0 
-98.642936,29.87909,0 
-98.642163,29.879276,0 
-98.64182,29.879165,0 
-98.640404,29.878607,0 
-98.638258,29.878086,0 
-98.636713,29.878346,0 
-98.635125,29.879127,0 
-98.634181,29.879723,0 
-98.631949,29.880318,0 
-98.630404,29.880393,0 
-98.62886,29.881211,0 
-98.628173,29.881248,0 
-98.626757,29.881881,0 
-98.626328,29.881807,0 
-98.625212,29.8827,0 
-98.623967,29.883183,0 
-98.623152,29.883258,0 
-98.620577,29.884225,0 
-98.619461,29.885267,0 
-98.618302,29.88616,0 
-98.617487,29.88616,0 
-98.61753,29.88616,0 
-98.618259,29.886234,0 
-98.619933,29.884672,0 
-98.623152,29.883295,0 
-98.624868,29.883146,0 
-98.62607,29.88203,0 
-98.627315,29.881769,0 
-98.628559,29.881137,0 
-98.629632,29.881025,0 
-98.630276,29.88043,0 
-98.632336,29.880244,0 
-98.634567,29.879462,0 
-98.635898,29.878681,0 
-98.637743,29.877937,0 
-98.642206,29.879202,0 
-98.643107,29.879239,0 
-98.643022,29.878718,0 
-98.643279,29.87749,0 
-98.643794,29.876672,0 
-98.644781,29.876448,0 
-98.665853,29.865954,0 
-98.666539,29.865433,0 
-98.667183,29.86521,0 
-98.667998,29.865358,0 
-98.669372,29.865768,0 
-98.670788,29.86707,0 
-98.671303,29.866959,0 
-98.676109,29.862716,0 
-98.677182,29.862567,0 
-98.681474,29.862493,0 
-98.682203,29.861935,0 
-98.683019,29.861451,0 
-98.683963,29.86119,0 
-98.686709,29.855942,0 
-98.688297,29.854081,0 
-98.688555,29.853449,0 
-98.687868,29.852183,0 
-98.687568,29.850806,0 
-98.687825,29.849615,0 
-98.689671,29.848312,0 
-98.690486,29.84794,0 
-98.692245,29.846004,0 
-98.694949,29.843585,0 
-98.698339,29.841612,0 
-98.699498,29.840234,0 
-98.702502,29.838932,0 
-98.703446,29.835767,0 
-98.703618,29.834464,0 
-98.703618,29.83331,0 
-98.704047,29.831337,0 
-98.703661,29.828619,0 
-98.703489,29.827651,0 
-98.704133,29.823482,0 
-98.704734,29.821992,0 
-98.704004,29.823333,0 
-98.705893,29.820317,0 
-98.708038,29.818232,0 
-98.711429,29.814955,0 
-98.714089,29.812125,0 
-98.714304,29.798719,0 
-98.714733,29.797788,0 
-98.714347,29.797155,0 
-98.714476,29.790489,0 
-98.714776,29.788925,0 
-98.716664,29.788068,0 
-98.721385,29.789632,0 
-98.725162,29.78952,0 
-98.729539,29.78952,0 
-98.73323,29.796708,0 
-98.737564,29.794995,0 
-98.752155,29.795293,0 
-98.752627,29.797788,0 
-98.754086,29.816407,0 
-98.755074,29.819684,0 
-98.75679,29.8227,0 
-98.772755,29.836847,0 
-98.773913,29.837852,0 
-98.784385,29.852369,0 
-98.785415,29.854342,0 
-98.78653,29.858957,0 
-98.787947,29.863907,0 
-98.791208,29.868373,0 
-98.793354,29.870903,0 
-98.795671,29.873769,0 
-98.804727,29.882811,0 
-98.80949,29.8875,0 
-98.813481,29.891741,0 
-98.818288,29.900001,0 
-98.823309,29.908594,0 
-98.82597,29.911459,0 
-98.828673,29.91317,0 
-98.83554,29.915811,0 
-98.84099,29.917782,0 
-98.843307,29.918824,0 
-98.855324,29.925668,0 
-98.85807,29.92775,0 
-98.859572,29.929201,0 
-98.869014,29.938387,0 
-98.872018,29.941511,0 
-98.875923,29.94601,0 
-98.877082,29.946977,0 
-98.883133,29.951886,0 
-98.884764,29.953559,0 
-98.885708,29.954563,0 
-98.886137,29.955678,0 
-98.892832,29.971145,0 
-98.894463,29.973747,0 
-98.896437,29.976721,0 
-98.89781,29.977688,0 
-98.901072,29.979249,0 
-98.902187,29.980364,0 
-98.903732,29.981405,0 
-98.904076,29.999692,0 
-98.904247,30.008537,0 
-98.906221,30.01701,0 
-98.907251,30.021915,0 
-98.907509,30.025928,0 
-98.907852,30.02682,0 
-98.908968,30.029644,0 
-98.909655,30.037,0 
-98.910084,30.037892,0 
-98.915062,30.045619,0 
-98.915577,30.046956,0 
-98.917809,30.056391,0 
-98.920469,30.062186,0 
-98.920212,30.06538,0 
-98.920298,30.067014,0 
-98.921843,30.071768,0 
-98.921843,30.073402,0 
-98.920469,30.076967,0 
-98.920727,30.079493,0 
-98.923044,30.082463,0 
-98.925447,30.088256,0 
-98.925447,30.091153,0 
-98.924932,30.092489,0 
-98.922615,30.096796,0 
-98.91223,30.121225,0 
-98.911457,30.125976,0 
-98.910599,30.127386,0 
-98.907852,30.131618,0 
-98.907166,30.134364,0 
-98.906307,30.1429,0 
-98.894463,30.159451,0 
-98.892918,30.162345,0 
-98.890858,30.16383,0 
-98.888025,30.164794,0 
-98.886395,30.16702,0 
-98.871288,30.191951,0 
-98.870258,30.19477,0 
-98.870001,30.199814,0 
-98.870173,30.246537,0 
-98.870258,30.248094,0 
-98.871117,30.250393,0 
-98.871717,30.2541,0 
-98.87146,30.266703,0 
-98.870859,30.267815,0 
-98.867083,30.271596,0 
-98.87249,30.275154,0 
-98.877211,30.279082,0 
-98.866482,30.290051,0 
-98.86631,30.291089,0 
-98.866053,30.296647,0 
-98.865108,30.300797,0 
-98.864079,30.302354,0 
-98.865881,30.305169,0 
-98.866739,30.307763,0 
-98.86528,30.31132,0 
-98.864336,30.31169,0 
-98.861933,30.312135,0 
-98.861418,30.313024,0 
-98.858757,30.323619,0 
-98.858671,30.326953,0 
-98.8585,30.329101,0 
-98.858328,30.331324,0 
-98.857813,30.334658,0 
-98.857555,30.35399,0 
-98.857384,30.359841,0 
-98.856869,30.361841,0 
-98.856354,30.363618,0 
-98.85541,30.366951,0 
-98.856096,30.368802,0 
-98.858757,30.372727,0 
-98.860989,30.380132,0 
-98.861332,30.380946,0 
-98.862104,30.381761,0 
-98.862705,30.388128,0 
-98.862104,30.389313,0 
-98.859701,30.394273,0 
-98.859444,30.395606,0 
-98.858156,30.397383,0 
-98.858328,30.400344,0 
-98.8585,30.402713,0 
-98.857555,30.404712,0 
-98.85747,30.406859,0 
-98.857727,30.408117,0 
-98.8585,30.410634,0 
-98.857899,30.412854,0 
-98.857727,30.414557,0 
-98.857126,30.415445,0 
-98.857727,30.422106,0 
-98.857813,30.424179,0 
-98.857298,30.428693,0 
-98.856955,30.429508,0 
-98.855667,30.43047,0 
-98.849916,30.433652,0 
-98.848801,30.434614,0 
-98.848715,30.435206,0 
-98.848543,30.436464,0 
-98.848286,30.43861,0 
-98.846569,30.43972,0 
-98.844509,30.440312,0 
-98.840475,30.44009,0 
-98.838501,30.440978,0 
-98.837471,30.442902,0 
-98.837729,30.453187,0 
-98.836527,30.454667,0 
-98.834896,30.457035,0 
-98.834982,30.458736,0 
-98.835926,30.4614,0 
-98.835325,30.463101,0 
-98.833609,30.464951,0 
-98.830347,30.466578,0 
-98.828373,30.467836,0 
-98.828201,30.469907,0 
-98.828115,30.471165,0 
-98.827343,30.472497,0 
-98.826828,30.474346,0 
-98.826571,30.482779,0 
-98.826056,30.483592,0 
-98.82082,30.490767,0 
-98.820477,30.493503,0 
-98.819962,30.494982,0 
-98.820305,30.495278,0 
-98.820305,30.495722,0 
-98.820391,30.49587,0 
-98.81979,30.494835,0 
-98.820562,30.493947,0 
-98.820648,30.49232,0 
-98.820648,30.490619,0 
-98.821936,30.489953,0 
-98.824167,30.486329,0 
-98.826485,30.483,0 
-98.826828,30.474642,0 
-98.826914,30.473532,0 
-98.82803,30.471461,0 
-98.828115,30.469094,0 
-98.828545,30.467762,0 
-98.833094,30.465173,0 
-98.835239,30.463545,0 
-98.835754,30.461918,0 
-98.835583,30.459772,0 
-98.835154,30.45844,0 
-98.834982,30.457257,0 
-98.836613,30.454593,0 
-98.837814,30.452891,0 
-98.837385,30.444012,0 
-98.837471,30.442532,0 
-98.838415,30.441052,0 
-98.839359,30.44046,0 
-98.844595,30.440238,0 
-98.847427,30.439794,0 
-98.848372,30.438536,0 
-98.848715,30.436464,0 
-98.848886,30.434614,0 
-98.850088,30.433208,0 
-98.854809,30.43121,0 
-98.85644,30.429878,0 
-98.857555,30.428471,0 
-98.85747,30.419516,0 
-98.856955,30.416777,0 
-98.85747,30.414853,0 
-98.857899,30.413299,0 
-98.858757,30.411004,0 
-98.857641,30.407229,0 
-98.857641,30.405378,0 
-98.8585,30.401899,0 
-98.857985,30.398715,0 
-98.8585,30.396939,0 
-98.859358,30.39568,0 
-98.86219,30.389239,0 
-98.862534,30.387684,0 
-98.862276,30.382575,0 
-98.861847,30.381243,0 
-98.860989,30.380132,0 
-98.859358,30.373394,0 
-98.855581,30.367247,0 
-98.85541,30.36584,0 
-98.855839,30.364803,0 
-98.856525,30.36273,0 
-98.857298,30.361174,0 
-98.857298,30.360212,0 
-98.857384,30.359175,0 
-98.857985,30.335472,0 
-98.858671,30.330805,0 
-98.8585,30.328657,0 
-98.858843,30.327101,0 
-98.858671,30.324804,0 
-98.858929,30.322582,0 
-98.861332,30.313024,0 
-98.861933,30.312357,0 
-98.862877,30.311764,0 
-98.864679,30.311616,0 
-98.865709,30.311023,0 
-98.866739,30.308208,0 
-98.866396,30.307096,0 
-98.865881,30.305169,0 
-98.865452,30.303984,0 
-98.864508,30.302872,0 
-98.865023,30.301316,0 
-98.865452,30.300056,0 
-98.866482,30.295536,0 
-98.866482,30.291756,0 
-98.866396,30.29057,0 
-98.866825,30.289533,0 
-98.877296,30.27886,0 
-98.872318,30.275079,0 
-98.877125,30.269816,0 
-98.878069,30.268556,0 
-98.878412,30.26611,0 
-98.878584,30.264108,0 
-98.879271,30.263293,0 
-98.891802,30.254767,0 
-98.894463,30.251505,0 
-98.906994,30.231484,0 
-98.907938,30.230075,0 
-98.910255,30.228741,0 
-98.91223,30.227702,0 
-98.915062,30.225478,0 
-98.919096,30.224068,0 
-98.933344,30.2257,0 
-98.935061,30.225033,0 
-98.935661,30.223772,0 
-98.935747,30.221918,0 
-98.935318,30.218432,0 
-98.935404,30.216726,0 
-98.936176,30.21591,0 
-98.94021,30.21413,0 
-98.943987,30.21146,0 
-98.94948,30.209531,0 
-98.952398,30.20879,0 
-98.956003,30.208493,0 
-98.961496,30.207009,0 
-98.9639,30.207158,0 
-98.971968,30.20916,0 
-98.976517,30.208493,0 
-98.988791,30.202039,0 
-98.999434,30.190022,0 
-99.000893,30.189057,0 
-99.009733,30.182306,0 
-99.01042,30.181564,0 
-99.012909,30.178077,0 
-99.014626,30.176741,0 
-99.017973,30.174367,0 
-99.028101,30.161677,0 
-99.02956,30.160193,0 
-99.032736,30.158709,0 
-99.04089,30.155369,0 
-99.045868,30.152252,0 
-99.047928,30.151287,0 
-99.05282,30.1501,0 
-99.054794,30.148393,0 
-99.057283,30.146463,0 
-99.061146,30.144162,0 
-99.06415,30.141045,0 
-99.06518,30.138818,0 
-99.065008,30.13622,0 
-99.066467,30.13043,0 
-99.071445,30.121893,0 
-99.071875,30.120705,0 
-99.072304,30.110533,0 
-99.072561,30.109048,0 
-99.079857,30.097242,0 
-99.08226,30.094569,0 
-99.083633,30.091895,0 
-99.08741,30.089222,0 
-99.089556,30.085805,0 
-99.092731,30.0838,0 
-99.107323,30.07511,0 
-99.110928,30.071025,0 
-99.112558,30.069391,0 
-99.121571,30.063746,0 
-99.140625,30.047253,0 
-99.135818,30.043836,0 
-99.135132,30.039675,0 
-99.135303,30.035217,0 
-99.135818,30.03165,0 
-99.129467,30.026448,0 
-99.123116,30.019463,0 
-99.116077,30.01322,0 
-99.103889,30.003855,0 
-99.100971,29.999544,0 
-99.09977,29.991516,0 
-99.096336,29.981405,0 
-99.090672,29.974862,0 
-99.081573,29.96936,0 
-99.062691,29.954935,0 
-99.049644,29.950919,0 
-99.038486,29.950324,0 
-99.037285,29.945118,0 
-99.037285,29.929498,0 
-99.03677,29.927713,0 
-99.03368,29.927564,0 
-99.03265,29.924589,0 
-99.030762,29.924143,0 
-99.029045,29.921465,0 
-99.027843,29.919828,0 
-99.024239,29.917596,0 
-99.024239,29.915364,0 
-99.020977,29.911198,0 
-99.020634,29.907478,0 
-99.018917,29.904056,0 
-99.020977,29.898847,0 
-99.02029,29.891704,0 
-99.023037,29.88709,0 
-99.02441,29.884858,0 
-99.026814,29.882774,0 
-99.029217,29.878755,0 
-99.029732,29.876225,0 
-99.03162,29.873397,0 
-99.034882,29.870271,0 
-99.036598,29.867889,0 
-99.040718,29.865656,0 
-99.042091,29.862977,0 
-99.043121,29.860892,0 
-99.043121,29.858659,0 
-99.042606,29.856575,0 
-99.041576,29.855533,0 
-99.040718,29.8533,0 
-99.041233,29.85196,0 
-99.043293,29.850322,0 
-99.045868,29.849578,0 
-99.046211,29.844217,0 
-99.045353,29.84258,0 
-99.046555,29.841835,0 
-99.054279,29.838113,0 
-99.056339,29.834688,0 
-99.056854,29.831709,0 
-99.056854,29.829327,0 
-99.056683,29.827242,0 
-99.056683,29.82471,0 
-99.055138,29.819944,0 
-99.056168,29.819051,0 
-99.066296,29.812944,0 
-99.059429,29.80654,0 
-99.07093,29.795964,0 
-99.062347,29.787919,0 
-99.061832,29.784194,0 
-99.063549,29.774361,0 
-99.061661,29.770785,0 
-99.058228,29.766613,0 
-99.058399,29.763334,0 
-99.076252,29.747835,0 
-99.077969,29.744855,0 
-99.077454,29.735912,0 
-99.075222,29.731589,0 
-99.075909,29.728906,0 
-99.070759,29.724433,0 
-99.069901,29.72339,0 
-99.068527,29.724433,0 
-99.068012,29.723688,0 
</coordinates>
</LineString>
</Placemark>

<Placemark><name>day 42</name>
<description>Into San Antonio</description>
<styleUrl>#linecolor</styleUrl>
<LineString>
<tessellate>1</tessellate>
<altitudeMode>clampToGround</altitudeMode>
<coordinates>
-99.067669,29.72339,0 
-99.068356,29.722495,0 
-99.07196,29.725179,0 
-99.069901,29.72503,0 
-99.065952,29.729204,0 
-99.063206,29.731142,0 
-99.060287,29.732036,0 
-99.054966,29.731887,0 
-99.049644,29.732632,0 
-99.04501,29.735017,0 
-99.041748,29.735464,0 
-99.02029,29.744855,0 
-99.016171,29.746196,0 
-99.013081,29.745898,0 
-99.009647,29.745749,0 
-99.000378,29.744705,0 
-98.99231,29.745898,0 
-98.990078,29.745302,0 
-98.979092,29.74247,0 
-98.974972,29.740383,0 
-98.970852,29.738893,0 
-98.963299,29.736955,0 
-98.955402,29.730545,0 
-98.938751,29.724583,0 
-98.933086,29.722794,0 
-98.926735,29.720557,0 
-98.923988,29.720259,0 
-98.918152,29.720707,0 
-98.912487,29.719663,0 
-98.907166,29.718321,0 
-98.898411,29.717129,0 
-98.895493,29.714892,0 
-98.890686,29.712805,0 
-98.879185,29.707438,0 
-98.87249,29.70207,0 
-98.869572,29.701324,0 
-98.861332,29.700728,0 
-98.854122,29.696702,0 
-98.850002,29.689395,0 
-98.848801,29.686561,0 
-98.845196,29.683131,0 
-98.843479,29.68,0 
-98.830948,29.669112,0 
-98.829746,29.667173,0 
-98.824253,29.663145,0 
-98.821163,29.658074,0 
-98.817902,29.654792,0 
-98.815842,29.6533,0 
-98.814468,29.650018,0 
-98.815155,29.647482,0 
-98.811893,29.639574,0 
-98.80949,29.63659,0 
-98.80537,29.633009,0 
-98.802624,29.630473,0 
-98.795586,29.62137,0 
-98.793869,29.619878,0 
-98.784084,29.618684,0 
-98.777733,29.618833,0 
-98.770351,29.62137,0 
-98.764343,29.620624,0 
-98.761082,29.617192,0 
-98.75576,29.615103,0 
-98.751812,29.614506,0 
-98.744946,29.620624,0 
-98.742886,29.619878,0 
-98.738594,29.617938,0 
-98.727093,29.619729,0 
-98.724518,29.618087,0 
-98.721428,29.613312,0 
-98.714046,29.608238,0 
-98.708382,29.603312,0 
-98.706665,29.598387,0 
-98.69894,29.590476,0 
-98.69585,29.587341,0 
-98.691559,29.579877,0 
-98.688469,29.574204,0 
-98.689499,29.569426,0 
-98.688641,29.565693,0 
-98.685379,29.563006,0 
-98.673363,29.557929,0 
-98.66787,29.554345,0 
-98.660831,29.547177,0 
-98.655853,29.541801,0 
-98.648643,29.537022,0 
-98.642807,29.529106,0 
-98.638687,29.523878,0 
-98.636456,29.517903,0 
-98.628387,29.506998,0 
-98.625641,29.502217,0 
-98.623753,29.499229,0 
-98.608646,29.487425,0 
-98.601265,29.482942,0 
-98.600578,29.482643,0 
-98.584099,29.488172,0 
-98.579121,29.489367,0 
-98.568134,29.489367,0 
-98.56041,29.490712,0 
-98.553371,29.494448,0 
-98.550625,29.497286,0 
-98.54805,29.496091,0 
-98.547192,29.492804,0 
-98.544273,29.488172,0 
-98.539467,29.485034,0 
-98.533459,29.484586,0 
-98.528481,29.48354,0 
-98.517151,29.473976,0 
-98.515778,29.471883,0 
-98.515606,29.458731,0 
-98.515263,29.455293,0 
-98.515263,29.45051,0 
-98.514576,29.443185,0 
-98.512001,29.440794,0 
-98.50668,29.439299,0 
-98.50359,29.435711,0 
-98.501015,29.431375,0 
-98.498955,29.43287,0 
-98.492432,29.437505,0 
-98.485737,29.440345,0 
-98.482304,29.439747,0 
-98.479557,29.439,0 
-98.477325,29.438327,0 
-98.462906,29.438551,0 
-98.459387,29.438701,0 
-98.453465,29.439149,0 
-98.44986,29.439299,0 
-98.441448,29.440046,0 
-98.437929,29.441765,0 
-98.437157,29.441093,0 
-98.434582,29.437355,0 
-98.433809,29.435785,0 
-98.427029,29.435711,0 
-98.423252,29.435561,0 
-98.421965,29.435636,0 
-98.421879,29.433094,0 
-98.422308,29.433468,0 
-98.422222,29.435486,0 
-98.433723,29.435337,0 
-98.433895,29.432721,0 
-98.434324,29.42846,0 
-98.435183,29.425021,0 
-98.47578,29.424946,0 
-98.481531,29.42532,0 
-98.483162,29.425768,0 
-98.484535,29.425955,0 
-98.485694,29.425095,0 
-98.48578,29.42588,0 
-98.486466,29.426404,0 
-98.486423,29.425806,0 
-98.486595,29.425095,0 
-98.486681,29.424348,0 
-98.487196,29.42517,0 
-98.488398,29.425095,0 
-98.488655,29.425395,0 
-98.488998,29.425619,0 
-98.489342,29.425544,0 
-98.489857,29.425245,0 
-98.491058,29.425095,0 
-98.491573,29.425095,0 
-98.492517,29.425095,0 
-98.492174,29.426142,0 
-98.492603,29.427114,0 
-98.492088,29.427712,0 
-98.491659,29.428161,0 
-98.491659,29.42846,0 
-98.492689,29.429431,0 
-98.492775,29.429805,0 
-98.492775,29.430254,0 
-98.491917,29.430478,0 
-98.491573,29.430702,0 
-98.490973,29.430852,0 
-98.490543,29.430627,0 
-98.490114,29.430777,0 
-98.489857,29.431225,0 
-98.488913,29.431151,0 
-98.488483,29.431151,0 
-98.48814,29.431749,0 
-98.487539,29.432272,0 
-98.48711,29.432496,0 
-98.486423,29.432945,0 
-98.485479,29.433169,0 
-98.484793,29.433393,0 
-98.484278,29.433692,0 
-98.484192,29.434216,0 
-98.483849,29.434739,0 
-98.483763,29.435113,0 
-98.483419,29.435561,0 
-98.482733,29.43586,0 
-98.482132,29.43586,0 
-98.481274,29.43586,0 
-98.480759,29.436533,0 
-98.480844,29.437206,0 
-98.481617,29.437654,0 
-98.482132,29.438252,0 
-98.481874,29.438701,0 
-98.481703,29.439448,0 
-98.481703,29.440046,0 
-98.482046,29.440495,0 
-98.482132,29.441242,0 
-98.48196,29.441616,0 
-98.481617,29.441653,0 
-98.481574,29.442064,0 
-98.481703,29.442401,0 
-98.481746,29.442812,0 
-98.481402,29.442999,0 
-98.481231,29.443484,0 
-98.481231,29.443858,0 
-98.481359,29.444008,0 
-98.481402,29.444194,0 
-98.481317,29.444531,0 
</coordinates>
</LineString>
</Placemark>

<Placemark><name>day 43</name>
<description>Around San Antonio</description>
<styleUrl>#linecolor</styleUrl>
<LineString>
<tessellate>1</tessellate>
<altitudeMode>clampToGround</altitudeMode>
<coordinates>
-98.422222,29.433767,0 
-98.422308,29.435561,0 
-98.433809,29.435486,0 
-98.434324,29.436907,0 
-98.437672,29.441317,0 
-98.438101,29.441915,0 
-98.443165,29.439747,0 
-98.450632,29.439523,0 
-98.459816,29.438402,0 
-98.477325,29.43885,0 
-98.481188,29.439598,0 
-98.485737,29.440495,0 
-98.488312,29.439448,0 
-98.493376,29.436458,0 
-98.495522,29.435486,0 
-98.497667,29.438103,0 
-98.499041,29.440495,0 
-98.499041,29.441616,0 
-98.499384,29.466428,0 
-98.499298,29.494074,0 
-98.499169,29.520517,0 
-98.480029,29.520069,0 
-98.479557,29.519546,0 
-98.476639,29.513496,0 
-98.475952,29.51189,0 
-98.476467,29.510322,0 
-98.479257,29.505392,0 
-98.481832,29.500984,0 
-98.483591,29.497959,0 
-98.484364,29.496353,0 
-98.483162,29.488732,0 
-98.48166,29.480215,0 
-98.480973,29.47674,0 
-98.480415,29.475283,0 
-98.477712,29.471846,0 
-98.475051,29.468932,0 
-98.474064,29.467176,0 
-98.473806,29.465457,0 
-98.475266,29.463776,0 
-98.480244,29.460973,0 
-98.481402,29.459329,0 
-98.481832,29.457685,0 
-98.48196,29.454695,0 
-98.483205,29.452229,0 
-98.483891,29.450585,0 
-98.483677,29.449501,0 
-98.482604,29.448231,0 
-98.479514,29.44681,0 
-98.478098,29.445951,0 
-98.478184,29.443111,0 
-98.47887,29.440943,0 
-98.47887,29.438028,0 
-98.477497,29.436084,0 
-98.478184,29.434365,0 
-98.4793,29.432197,0 
-98.481531,29.428908,0 
-98.481531,29.425395,0 
-98.48093,29.422404,0 
-98.480587,29.420087,0 
-98.48033,29.417096,0 
-98.48033,29.414255,0 
-98.48033,29.411937,0 
-98.479729,29.409918,0 
-98.4799,29.408049,0 
-98.480415,29.405956,0 
-98.480844,29.404236,0 
-98.48093,29.402516,0 
-98.480587,29.400198,0 
-98.47827,29.395337,0 
-98.476982,29.392122,0 
-98.473463,29.387635,0 
-98.470287,29.384568,0 
-98.465052,29.379931,0 
-98.462048,29.377239,0 
-98.461275,29.375967,0 
-98.461533,29.375519,0 
-98.475266,29.375519,0 
-98.478184,29.373948,0 
-98.479815,29.37305,0 
-98.481274,29.37305,0 
-98.482046,29.372751,0 
-98.482819,29.371854,0 
-98.486166,29.369011,0 
-98.484278,29.365122,0 
-98.483677,29.363925,0 
-98.481531,29.362952,0 
-98.481445,29.361307,0 
-98.479986,29.361307,0 
-98.481359,29.360933,0 
-98.481274,29.36385,0 
-98.481274,29.373574,0 
-98.481188,29.377613,0 
-98.482904,29.382025,0 
-98.484192,29.384269,0 
-98.485222,29.385241,0 
-98.486166,29.390925,0 
-98.486252,29.391598,0 
-98.486252,29.392271,0 
-98.485823,29.395711,0 
-98.486338,29.39945,0 
-98.486338,29.40102,0 
-98.485737,29.404086,0 
-98.490286,29.418143,0 
-98.490973,29.420012,0 
-98.490801,29.421432,0 
-98.489857,29.424348,0 
-98.489685,29.42846,0 
-98.491402,29.428534,0 
-98.491316,29.431225,0 
-98.485394,29.434814,0 
-98.484621,29.437056,0 
-98.484364,29.438925,0 
-98.484106,29.44042,0 
-98.487883,29.439074,0 
-98.496294,29.434888,0 
-98.499126,29.433169,0 
-98.500328,29.430926,0 
-98.501101,29.432272,0 
-98.50419,29.437206,0 
-98.504963,29.43885,0 
-98.505993,29.439523,0 
-98.508739,29.44042,0 
-98.511915,29.441167,0 
-98.514061,29.442139,0 
-98.51449,29.443783,0 
-98.515005,29.446773,0 
-98.515005,29.448492,0 
-98.515778,29.450884,0 
-98.515005,29.454695,0 
-98.515348,29.456788,0 
-98.515606,29.459254,0 
-98.515863,29.461123,0 
-98.516035,29.465233,0 
-98.515692,29.468969,0 
-98.515949,29.47136,0 
-98.51655,29.473378,0 
-98.517838,29.475395,0 
-98.526506,29.482494,0 
-98.528738,29.48354,0 
-98.531313,29.48481,0 
-98.534575,29.484959,0 
-98.539467,29.485183,0 
-98.542471,29.486454,0 
-98.544617,29.488097,0 
-98.546076,29.490862,0 
-98.54805,29.499079,0 
-98.548822,29.502366,0 
-98.550882,29.507371,0 
-98.551826,29.509761,0 
-98.552771,29.513421,0 
-98.555431,29.522758,0 
-98.556633,29.525745,0 
-98.559637,29.528807,0 
-98.562555,29.531645,0 
-98.569164,29.538067,0 
-98.573713,29.541577,0 
-98.578777,29.544862,0 
-98.583755,29.548148,0 
-98.585644,29.551209,0 
-98.587875,29.555465,0 
-98.589678,29.558974,0 
-98.59251,29.568829,0 
-98.594742,29.575697,0 
-98.596029,29.58025,0 
-98.597145,29.583982,0 
-98.598261,29.589431,0 
-98.599463,29.596148,0 
-98.600149,29.599506,0 
-98.601437,29.605476,0 
-98.604012,29.611969,0 
-98.606501,29.615923,0 
-98.611479,29.629801,0 
-98.613367,29.635322,0 
-98.615685,29.638903,0 
-98.618603,29.642633,0 
-98.623323,29.650018,0 
-98.625126,29.654866,0 
-98.626328,29.65867,0 
-98.627701,29.66225,0 
-98.629932,29.666352,0 
-98.629932,29.666576,0 
-98.631821,29.666725,0 
-98.630705,29.664115,0 
-98.627615,29.660236,0 
-98.625813,29.656806,0 
-98.623838,29.650988,0 
-98.621435,29.646736,0 
-98.616285,29.639201,0 
-98.613281,29.634874,0 
-98.609934,29.625474,0 
-98.607016,29.616819,0 
-98.605385,29.614282,0 
-98.603497,29.6107,0 
-98.600492,29.602118,0 
-98.598347,29.590849,0 
-98.578091,29.593386,0 
-98.576374,29.593909,0 
-98.562212,29.600402,0 
-98.536892,29.602342,0 
-98.534317,29.602939,0 
-98.525047,29.608014,0 
-98.522558,29.608611,0 
-98.519812,29.608461,0 
-98.492689,29.609058,0 
-98.49432,29.619654,0 
-98.494921,29.626742,0 
-98.495607,29.635248,0 
-98.494663,29.638828,0 
-98.49226,29.64129,0 
-98.488998,29.642036,0 
-98.473206,29.644349,0 
-98.469772,29.645244,0 
-98.468657,29.645691,0 
-98.467112,29.64599,0 
-98.466511,29.646512,0 
-98.464966,29.648302,0 
-98.464622,29.647482,0 
-98.464622,29.648526,0 
-98.460674,29.649869,0 
-98.457069,29.650391,0 
-98.454323,29.649943,0 
-98.451061,29.648974,0 
-98.450718,29.648675,0 
-98.452263,29.644722,0 
-98.455181,29.6395,0 
-98.458014,29.633905,0 
-98.461275,29.628235,0 
-98.463936,29.623161,0 
-98.465223,29.620475,0 
-98.466425,29.616371,0 
-98.466854,29.613909,0 
-98.468227,29.608984,0 
-98.463764,29.608163,0 
-98.458185,29.606223,0 
-98.453979,29.604954,0 
-98.432178,29.600103,0 
-98.429604,29.599879,0 
-98.415356,29.600775,0 
-98.402138,29.601969,0 
-98.392181,29.602044,0 
-98.379393,29.60279,0 
-98.363943,29.60279,0 
-98.361626,29.602715,0 
-98.35948,29.60182,0 
-98.356562,29.59876,0 
-98.349695,29.588834,0 
-98.343258,29.579578,0 
-98.341627,29.577115,0 
-98.337765,29.57398,0 
-98.335962,29.570546,0 
-98.33313,29.568082,0 
-98.339911,29.561737,0 
-98.346519,29.556286,0 
-98.349094,29.554644,0 
-98.354931,29.552255,0 
-98.358364,29.551508,0 
-98.382654,29.538142,0 
-98.38995,29.532616,0 
-98.391924,29.529405,0 
-98.393898,29.524849,0 
-98.39716,29.513347,0 
-98.39922,29.503487,0 
-98.401537,29.49258,0 
-98.403339,29.484212,0 
-98.404369,29.479131,0 
-98.405657,29.473976,0 
-98.406343,29.469866,0 
-98.409348,29.464037,0 
-98.412609,29.456938,0 
-98.414927,29.454098,0 
-98.417845,29.452603,0 
-98.425226,29.449015,0 
-98.437586,29.442064,0 
-98.437586,29.441466,0 
-98.435612,29.438476,0 
-98.433895,29.435636,0 
-98.42248,29.435561,0 
-98.422565,29.434963,0 
</coordinates>
</LineString>
</Placemark>

<Placemark><name>Day 44</name>
<description>McKinney Falls</description>
<styleUrl>#linecolor</styleUrl>
<LineString>
<tessellate>1</tessellate>
<altitudeMode>clampToGround</altitudeMode>
<coordinates>
-98.422823,29.434664,0 
-98.421965,29.435561,0 
-98.405571,29.435711,0 
-98.404884,29.447296,0 
-98.405828,29.448567,0 
-98.407631,29.451183,0 
-98.40806,29.452229,0 
-98.408661,29.452678,0 
-98.410549,29.454247,0 
-98.412352,29.455966,0 
-98.412437,29.456564,0 
-98.412437,29.457535,0 
-98.406172,29.470314,0 
-98.404284,29.478683,0 
-98.402395,29.488172,0 
-98.400764,29.496016,0 
-98.39776,29.509761,0 
-98.396645,29.516484,0 
-98.395271,29.519098,0 
-98.394241,29.523056,0 
-98.392267,29.528956,0 
-98.389778,29.532541,0 
-98.38789,29.534856,0 
-98.382225,29.538217,0 
-98.361969,29.549641,0 
-98.358536,29.55106,0 
-98.354502,29.552404,0 
-98.351068,29.553598,0 
-98.34609,29.556884,0 
-98.336735,29.564797,0 
-98.331928,29.568679,0 
-98.32695,29.573681,0 
-98.321972,29.577115,0 
-98.314848,29.580026,0 
-98.309441,29.581817,0 
-98.305407,29.584803,0 
-98.300171,29.587938,0 
-98.294678,29.5907,0 
-98.287125,29.594879,0 
-98.284807,29.5957,0 
-98.281288,29.597491,0 
-98.276138,29.600327,0 
-98.273048,29.603462,0 
-98.26807,29.608461,0 
-98.262577,29.613312,0 
-98.258543,29.616147,0 
-98.219404,29.635994,0 
-98.207817,29.641738,0 
-98.191252,29.652256,0 
-98.183184,29.657402,0 
-98.181467,29.658446,0 
-98.170481,29.662922,0 
-98.169365,29.663518,0 
-98.163099,29.668142,0 
-98.153915,29.674779,0 
-98.145075,29.681267,0 
-98.142586,29.682684,0 
-98.140612,29.68343,0 
-98.137608,29.683728,0 
-98.126793,29.685965,0 
-98.122072,29.687233,0 
-98.108425,29.692526,0 
-98.100185,29.696031,0 
-98.095465,29.698268,0 
-98.093061,29.701026,0 
-98.090315,29.706096,0 
-98.088598,29.715116,0 
-98.08774,29.717725,0 
-98.086195,29.721228,0 
-98.064394,29.740756,0 
-98.059244,29.745004,0 
-98.057442,29.747239,0 
-98.042336,29.768997,0 
-98.032293,29.782779,0 
-98.027401,29.789856,0 
-98.025255,29.792239,0 
-98.01959,29.797304,0 
-98.002682,29.812498,0 
-97.979336,29.833496,0 
-97.958393,29.852034,0 
-97.944059,29.865061,0 
-97.938051,29.870122,0 
-97.925434,29.8795,0 
-97.92243,29.881881,0 
-97.920971,29.883369,0 
-97.913761,29.891406,0 
-97.908096,29.897434,0 
-97.904406,29.901228,0 
-97.902689,29.903907,0 
-97.900801,29.907032,0 
-97.883377,29.940953,0 
-97.880974,29.945341,0 
-97.879944,29.948093,0 
-97.878485,29.951737,0 
-97.876339,29.96133,0 
-97.874708,29.970699,0 
-97.873936,29.97687,0 
-97.87282,29.984676,0 
-97.871876,29.990103,0 
-97.871275,29.992854,0 
-97.870245,29.996273,0 
-97.868614,29.999172,0 
-97.866383,30.002963,0 
-97.863293,30.008463,0 
-97.860804,30.012477,0 
-97.859516,30.01426,0 
-97.858744,30.015449,0 
-97.852221,30.024888,0 
-97.847843,30.031353,0 
-97.846127,30.034474,0 
-97.841148,30.04443,0 
-97.832994,30.06122,0 
-97.824755,30.077784,0 
-97.822609,30.081795,0 
-97.820377,30.085583,0 
-97.815399,30.094494,0 
-97.808189,30.109717,0 
-97.804928,30.117364,0 
-97.802095,30.124046,0 
-97.795744,30.140451,0 
-97.794628,30.143717,0 
-97.791967,30.15062,0 
-97.790079,30.157076,0 
-97.789307,30.160861,0 
-97.787848,30.164275,0 
-97.777462,30.179857,0 
-97.770596,30.190318,0 
-97.76742,30.189206,0 
-97.758751,30.186164,0 
-97.756433,30.185125,0 
-97.753258,30.182825,0 
-97.751369,30.181267,0 
-97.749653,30.180748,0 
-97.747078,30.179857,0 
-97.745018,30.177928,0 
-97.743559,30.176147,0 
-97.742443,30.174738,0 
-97.740469,30.172512,0 
-97.739096,30.170656,0 
-97.738581,30.169024,0 
-97.737722,30.167688,0 
-97.736435,30.166501,0 
-97.735062,30.165536,0 
-97.73283,30.164868,0 
-97.731714,30.16472,0 
-97.728968,30.164349,0 
-97.72768,30.164201,0 
-97.726049,30.16331,0 
-97.723989,30.166056,0 
-97.722702,30.168653,0 
-97.722015,30.172734,0 
-97.721157,30.17867,0 
-97.721157,30.179338,0 
-97.721672,30.179709,0 
-97.721586,30.180599,0 
-97.722788,30.181267,0 
-97.72459,30.181786,0 
-97.726049,30.180896,0 
-97.725878,30.179857,0 
-97.726049,30.179189,0 
-97.725792,30.178448,0 
-97.725534,30.178151,0 
-97.725019,30.177631,0 
-97.725019,30.177335,0 
-97.725878,30.177186,0 
-97.726479,30.177186,0 
-97.727594,30.176147,0 
-97.727766,30.175776,0 
</coordinates>
</LineString>
</Placemark>

<Placemark><name>Day 46</name>
<description>around austin</description>
<styleUrl>#linecolor</styleUrl>
<LineString>
<tessellate>1</tessellate>
<altitudeMode>clampToGround</altitudeMode>
<coordinates>
-97.727809,30.175962,0 
-97.727208,30.176778,0 
-97.726135,30.177297,0 
-97.725234,30.17726,0 
-97.725191,30.177668,0 
-97.725878,30.178262,0 
-97.725792,30.179375,0 
-97.72635,30.180599,0 
-97.725234,30.181601,0 
-97.722058,30.180933,0 
-97.721629,30.179894,0 
-97.721114,30.179264,0 
-97.720642,30.181193,0 
-97.718239,30.184012,0 
-97.716179,30.186386,0 
-97.712746,30.188464,0 
-97.709656,30.190244,0 
-97.701416,30.189651,0 
-97.698326,30.192321,0 
-97.69249,30.197366,0 
-97.690086,30.19885,0 
-97.683907,30.19796,0 
-97.683563,30.219619,0 
-97.682877,30.229408,0 
-97.68322,30.231781,0 
-97.687683,30.239197,0 
-97.688713,30.240976,0 
-97.69043,30.244239,0 
-97.690773,30.25106,0 
-97.692833,30.25106,0 
-97.698326,30.25106,0 
-97.709656,30.25195,0 
-97.712746,30.25284,0 
-97.720728,30.255731,0 
-97.718625,30.260328,0 
-97.734118,30.265702,0 
-97.745233,30.268779,0 
-97.74313,30.274523,0 
-97.751369,30.276895,0 
-97.754588,30.270298,0 
-97.753129,30.269742,0 
-97.751112,30.269335,0 
-97.742829,30.267,0 
-97.737508,30.265443,0 
-97.738838,30.261884,0 
-97.736864,30.261291,0 
-97.737722,30.258474,0 
-97.737164,30.255842,0 
-97.73622,30.25195,0 
-97.735276,30.247019,0 
-97.735105,30.244313,0 
-97.741027,30.234043,0 
-97.751412,30.216652,0 
-97.756476,30.208085,0 
-97.761884,30.201446,0 
-97.768149,30.193694,0 
-97.770939,30.190838,0 
-97.76978,30.189985,0 
-97.768021,30.189131,0 
-97.763858,30.188019,0 
-97.759995,30.186869,0 
-97.75682,30.185199,0 
-97.754331,30.183641,0 
-97.751799,30.181638,0 
-97.747121,30.17982,0 
-97.745962,30.178893,0 
-97.743173,30.175405,0 
-97.740211,30.172141,0 
-97.738194,30.168467,0 
-97.73695,30.166761,0 
-97.735233,30.165907,0 
-97.732444,30.164683,0 
-97.728152,30.164238,0 
-97.725792,30.16331,0 
-97.723174,30.167614,0 
-97.721887,30.174292,0 
-97.7212,30.179301,0 
-97.721801,30.180711,0 
-97.723732,30.181564,0 
-97.724504,30.181601,0 
</coordinates>
</LineString>
</Placemark>

<Placemark><name>day 48</name>
<description>around Austin</description>
<styleUrl>#linecolor</styleUrl>
<LineString>
<tessellate>1</tessellate>
<altitudeMode>clampToGround</altitudeMode>
<coordinates>
-97.840805,30.08484,0 
-97.841835,30.084246,0 
-97.843122,30.081721,0 
-97.846212,30.083058,0 
-97.849474,30.087662,0 
-97.849474,30.088479,0 
-97.848272,30.090336,0 
-97.848444,30.09947,0 
-97.849131,30.100806,0 
-97.869129,30.100584,0 
-97.874966,30.097836,0 
-97.875223,30.114097,0 
-97.875051,30.115137,0 
-97.86664,30.124194,0 
-97.866039,30.124491,0 
-97.863035,30.124937,0 
-97.860203,30.127089,0 
-97.8584,30.129168,0 
-97.857885,30.130653,0 
-97.852221,30.135404,0 
-97.850418,30.137482,0 
-97.848787,30.13815,0 
-97.847328,30.140525,0 
-97.845955,30.141564,0 
-97.847672,30.142158,0 
-97.84956,30.143643,0 
-97.852306,30.144459,0 
-97.856169,30.150991,0 
-97.857971,30.154479,0 
-97.859859,30.157151,0 
-97.860289,30.168208,0 
-97.859344,30.170063,0 
-97.857714,30.171027,0 
-97.849817,30.183344,0 
-97.854366,30.186015,0 
-97.856512,30.188019,0 
-97.857542,30.190838,0 
-97.859774,30.195808,0 
-97.863207,30.199072,0 
-97.865438,30.20063,0 
-97.863464,30.204339,0 
-97.859087,30.210125,0 
-97.85634,30.212943,0 
-97.852821,30.215465,0 
-97.850246,30.216429,0 
-97.846127,30.216652,0 
-97.842007,30.216726,0 
-97.839432,30.217764,0 
-97.836599,30.219619,0 
-97.835569,30.22214,0 
-97.831793,30.225626,0 
-97.828102,30.229408,0 
-97.824583,30.235341,0 
-97.822523,30.237491,0 
-97.816515,30.240012,0 
-97.808876,30.243794,0 
-97.805786,30.246315,0 
-97.803125,30.250096,0 
-97.80098,30.254841,0 
-97.79952,30.257214,0 
-97.793341,30.260624,0 
-97.78656,30.264183,0 
-97.784243,30.264924,0 
-97.780209,30.266777,0 
-97.774372,30.270706,0 
-97.771626,30.274042,0 
-97.769737,30.276414,0 
-97.768965,30.276858,0 
-97.765789,30.275302,0 
-97.7633,30.273597,0 
-97.754717,30.270261,0 
-97.75197,30.269372,0 
-97.749996,30.269223,0 
-97.746563,30.267963,0 
-97.743216,30.267148,0 
-97.741156,30.272633,0 
-97.740812,30.272856,0 
-97.740297,30.274116,0 
-97.741327,30.274709,0 
-97.742443,30.274264,0 
-97.74313,30.274561,0 
-97.751284,30.277081,0 
-97.753859,30.271596,0 
-97.743301,30.268111,0 
-97.743473,30.266406,0 
-97.749224,30.250764,0 
-97.751026,30.24587,0 
-97.752657,30.242014,0 
-97.752829,30.239716,0 
-97.753601,30.2389,0 
-97.759695,30.242163,0 
-97.763214,30.243349,0 
-97.764845,30.244239,0 
-97.767076,30.244832,0 
-97.768536,30.245499,0 
-97.770081,30.248539,0 
-97.768621,30.248836,0 
-97.766218,30.250467,0 
-97.765274,30.251653,0 
-97.763557,30.252914,0 
-97.762442,30.254545,0 
-97.761841,30.255805,0 
-97.76124,30.256769,0 
-97.759695,30.258103,0 
-97.758493,30.260921,0 
-97.757421,30.260661,0 
-97.754631,30.260068,0 
-97.750125,30.258474,0 
-97.74828,30.258622,0 
-97.74652,30.259104,0 
-97.744374,30.263404,0 
-97.738023,30.261477,0 
-97.736907,30.261254,0 
-97.737808,30.258437,0 
-97.737594,30.257028,0 
-97.736993,30.255509,0 
-97.735963,30.250912,0 
-97.735062,30.246389,0 
-97.735147,30.24409,0 
-97.740469,30.235229,0 
-97.750297,30.218691,0 
-97.752228,30.215243,0 
-97.756133,30.208753,0 
-97.770553,30.190541,0 
-97.775617,30.183085,0 
-97.786388,30.166798,0 
-97.788448,30.162791,0 
-97.792912,30.148393,0 
-97.805958,30.114394,0 
-97.818832,30.089445,0 
-97.822051,30.088888,0 
-97.821836,30.085026,0 
-97.822609,30.084172,0 
-97.823553,30.083986,0 
-97.825441,30.084394,0 
-97.827158,30.084691,0 
-97.8269,30.085768,0 
-97.827287,30.087996,0 
-97.832394,30.087217,0 
-97.839432,30.085286,0 
</coordinates>
</LineString>
</Placemark>

<Placemark><name>day 51</name>
<description>into houston</description>
<styleUrl>#linecolor</styleUrl>
<LineString>
<tessellate>1</tessellate>
<altitudeMode>clampToGround</altitudeMode>
<coordinates>
-97.838745,30.086919,0 
-97.818146,30.088999,0 
-97.823982,30.079493,0 
-97.821922,30.079195,0 
-97.820892,30.071174,0 
-97.808533,30.069688,0 
-97.806129,30.070282,0 
-97.805099,30.067905,0 
-97.804756,30.06226,0 
-97.803383,30.059289,0 
-97.803383,30.045619,0 
-97.793427,30.04443,0 
-97.77935,30.034028,0 
-97.776604,30.031947,0 
-97.767677,30.032542,0 
-97.759781,30.026002,0 
-97.758064,30.025408,0 
-97.753258,30.028678,0 
-97.751884,30.028678,0 
-97.727509,30.011139,0 
-97.724075,30.011139,0 
-97.709999,30.021246,0 
-97.703133,30.024219,0 
-97.688713,30.02838,0 
-97.669144,30.031353,0 
-97.662964,30.034622,0 
-97.655411,30.042647,0 
-97.643738,30.047699,0 
-97.598076,30.061963,0 
-97.585716,30.06642,0 
-97.547607,30.083949,0 
-97.544518,30.084543,0 
-97.501602,30.086919,0 
-97.488899,30.087811,0 
-97.483406,30.08989,0 
-97.478943,30.092564,0 
-97.47139,30.091969,0 
-97.462463,30.096128,0 
-97.439117,30.109494,0 
-97.435341,30.110088,0 
-97.418518,30.110682,0 
-97.415428,30.112464,0 
-97.410278,30.110979,0 
-97.376976,30.110979,0 
-97.345047,30.110979,0 
-97.329941,30.105039,0 
-97.326851,30.105039,0 
-97.307281,30.104445,0 
-97.291832,30.104742,0 
-97.272949,30.098504,0 
-97.267113,30.095237,0 
-97.265396,30.093158,0 
-97.256126,30.090781,0 
-97.25132,30.088702,0 
-97.242393,30.083058,0 
-97.238274,30.075927,0 
-97.23381,30.072659,0 
-97.222481,30.070282,0 
-97.216988,30.067014,0 
-97.201881,30.054534,0 
-97.176132,30.043836,0 
-97.163429,30.035514,0 
-97.12944,29.999544,0 
-97.124977,29.989731,0 
-97.120857,29.987353,0 
-97.089958,29.959991,0 
-97.085152,29.952555,0 
-97.062492,29.942143,0 
-97.0467,29.940953,0 
-97.036743,29.940953,0 
-97.020607,29.94244,0 
-96.983185,29.93649,0 
-96.976662,29.92935,0 
-96.972198,29.928755,0 
-96.961212,29.927564,0 
-96.944046,29.917447,0 
-96.91246,29.906139,0 
-96.907997,29.906139,0 
-96.904907,29.908817,0 
-96.899414,29.912091,0 
-96.892204,29.915067,0 
-96.884995,29.919233,0 
-96.878128,29.923696,0 
-96.868515,29.923399,0 
-96.858559,29.920423,0 
-96.850319,29.91596,0 
-96.840363,29.910603,0 
-96.816673,29.900187,0 
-96.81221,29.898996,0 
-96.797447,29.900484,0 
-96.781998,29.899591,0 
-96.778564,29.899294,0 
-96.760712,29.887983,0 
-96.756592,29.879351,0 
-96.750755,29.875778,0 
-96.744919,29.866847,0 
-96.742172,29.864465,0 
-96.735649,29.859999,0 
-96.733246,29.856426,0 
-96.696854,29.824859,0 
-96.692047,29.820391,0 
-96.682777,29.815625,0 
-96.674538,29.807582,0 
-96.670418,29.803114,0 
-96.590424,29.739936,0 
-96.582527,29.733079,0 
-96.579437,29.712209,0 
-96.574631,29.697597,0 
-96.572227,29.693719,0 
-96.561241,29.694018,0 
-96.550941,29.692825,0 
-96.542358,29.69193,0 
-96.538239,29.692228,0 
-96.530342,29.697,0 
-96.524849,29.699982,0 
-96.515923,29.703263,0 
-96.503906,29.710419,0 
-96.47953,29.714296,0 
-96.441765,29.718768,0 
-96.384087,29.730694,0 
-96.298599,29.748282,0 
-96.290016,29.750071,0 
-96.190109,29.763781,0 
-96.180153,29.761397,0 
-96.17157,29.760205,0 
-96.15921,29.762291,0 
-96.152,29.764973,0 
-96.140671,29.76855,0 
-96.134834,29.773914,0 
-96.115608,29.776298,0 
-96.099815,29.776894,0 
-96.041107,29.769146,0 
-95.990639,29.781364,0 
-95.979996,29.781364,0 
-95.969696,29.779278,0 
-95.93605,29.779576,0 
-95.918884,29.777192,0 
-95.816574,29.77749,0 
-95.813828,29.78047,0 
-95.806274,29.784939,0 
-95.799065,29.785833,0 
-95.652809,29.785535,0 
-95.563202,29.784343,0 
-95.562859,29.78047,0 
-95.562515,29.767358,0 
-95.558395,29.762291,0 
-95.557022,29.71847,0 
-95.557365,29.704157,0 
-95.557365,29.690737,0 
-95.559082,29.679403,0 
-95.560455,29.667769,0 
-95.558052,29.662101,0 
-95.52578,29.633755,0 
-95.518227,29.626295,0 
-95.464325,29.648078,0 
-95.447502,29.653449,0 
-95.446129,29.651659,0 
-95.444069,29.652256,0 
</coordinates>
</LineString>
</Placemark>

<Placemark><name>Day 52</name>
<description>Around Houston</description>
<styleUrl>#linecolor</styleUrl>
<LineString>
<tessellate>1</tessellate>
<altitudeMode>clampToGround</altitudeMode>
<coordinates>
-95.444412,29.653598,0 
-95.442524,29.654642,0 
-95.442009,29.656134,0 
-95.441666,29.659864,0 
-95.427589,29.677912,0 
-95.425186,29.677315,0 
-95.410767,29.677762,0 
-95.407505,29.67821,0 
-95.39669,29.680447,0 
-95.392914,29.680149,0 
-95.384331,29.681043,0 
-95.382614,29.682535,0 
-95.379181,29.687009,0 
-95.377464,29.69357,0 
-95.374203,29.703412,0 
-95.378494,29.713103,0 
-95.376778,29.722197,0 
-95.374546,29.725775,0 
-95.371799,29.729949,0 
-95.371284,29.733974,0 
-95.36253,29.744556,0 
-95.373688,29.750816,0 
-95.374718,29.753797,0 
-95.373859,29.760205,0 
-95.372314,29.76244,0 
-95.367336,29.764675,0 
-95.365276,29.769146,0 
-95.36768,29.775106,0 
-95.368538,29.777192,0 
-95.368195,29.782407,0 
-95.368366,29.784194,0 
-95.371799,29.788962,0 
-95.371628,29.797155,0 
-95.372658,29.805795,0 
-95.375061,29.813093,0 
-95.377636,29.8192,0 
-95.379524,29.822923,0 
-95.380726,29.828284,0 
-95.382442,29.830816,0 
-95.389824,29.840644,0 
-95.39463,29.848089,0 
-95.399609,29.855682,0 
-95.402184,29.859106,0 
-95.407505,29.870271,0 
-95.410938,29.87563,0 
-95.412655,29.91834,0 
-95.411797,29.927416,0 
-95.411797,29.935151,0 
-95.412827,29.938127,0 
-95.414028,29.941399,0 
-95.417805,29.951365,0 
-95.417976,29.95434,0 
-95.41832,29.963412,0 
-95.419006,29.965791,0 
-95.422611,29.981851,0 
-95.422032,29.982018,0 
-95.424886,29.997908,0 
-95.426087,29.997741,0 
-95.424714,29.990177,0 
-95.425808,29.989992,0 
-95.429499,29.989992,0 
-95.429542,29.989471,0 
-95.429735,29.989546,0 
-95.429692,29.989954,0 
-95.428576,29.989917,0 
-95.425465,29.989992,0 
-95.424285,29.990047,0 
-95.423126,29.982669,0 
-95.422783,29.980364,0 
-95.41935,29.965271,0 
-95.418577,29.954711,0 
-95.417719,29.950026,0 
-95.414028,29.940284,0 
-95.412312,29.93478,0 
-95.413084,29.918266,0 
-95.412741,29.905841,0 
-95.412397,29.893862,0 
-95.41214,29.878681,0 
-95.411539,29.876076,0 
-95.41008,29.87362,0 
-95.40287,29.85985,0 
-95.39669,29.850396,0 
-95.386992,29.836251,0 
-95.381241,29.828433,0 
-95.379953,29.822998,0 
-95.376692,29.8157,0 
-95.375748,29.813093,0 
-95.373688,29.807955,0 
-95.372486,29.802071,0 
-95.372143,29.790079,0 
-95.371542,29.78777,0 
-95.36871,29.783971,0 
-95.369396,29.778309,0 
-95.369396,29.776596,0 
-95.368452,29.774659,0 
-95.365791,29.769295,0 
-95.367508,29.765271,0 
-95.372057,29.762813,0 
-95.374117,29.761397,0 
-95.374889,29.757821,0 
-95.385704,29.757597,0 
-95.392399,29.757373,0 
-95.392141,29.753126,0 
-95.392056,29.749177,0 
-95.391884,29.746792,0 
-95.391283,29.745451,0 
-95.391369,29.744482,0 
-95.388279,29.744407,0 
-95.392485,29.744705,0 
-95.393429,29.744705,0 
-95.397205,29.742917,0 
-95.402012,29.742693,0 
-95.410681,29.742544,0 
-95.418921,29.742321,0 
-95.418577,29.729949,0 
-95.418234,29.70043,0 
-95.418234,29.698044,0 
-95.417719,29.696851,0 
-95.416174,29.695509,0 
-95.414457,29.694316,0 
-95.441408,29.659491,0 
-95.442524,29.655836,0 
-95.443039,29.653897,0 
-95.445871,29.651286,0 
</coordinates>
</LineString>
</Placemark>

<Placemark><name>Day 53</name>
<description>To the Space Center</description>
<styleUrl>#linecolor</styleUrl>
<LineString>
<tessellate>1</tessellate>
<altitudeMode>clampToGround</altitudeMode>
<coordinates>
-95.446043,29.651808,0 
-95.44467,29.653374,0 
-95.443897,29.653822,0 
-95.442095,29.655538,0 
-95.441923,29.656507,0 
-95.441494,29.65964,0 
-95.440636,29.661132,0 
-95.427589,29.677613,0 
-95.425272,29.677315,0 
-95.417547,29.677688,0 
-95.412226,29.677986,0 
-95.407248,29.677986,0 
-95.402699,29.679179,0 
-95.396433,29.680447,0 
-95.393,29.680447,0 
-95.381327,29.680596,0 
-95.369654,29.68082,0 
-95.366306,29.680894,0 
-95.359011,29.680223,0 
-95.355577,29.681043,0 
-95.349054,29.682908,0 
-95.341845,29.685518,0 
-95.339699,29.685741,0 
-95.330172,29.689619,0 
-95.31601,29.696254,0 
-95.312233,29.697,0 
-95.300388,29.695956,0 
-95.289488,29.696776,0 
-95.287685,29.695658,0 
-95.277472,29.685294,0 
-95.269747,29.677539,0 
-95.264597,29.672169,0 
-95.256271,29.659714,0 
-95.249577,29.649719,0 
-95.245457,29.643081,0 
-95.243826,29.641141,0 
-95.24271,29.640097,0 
-95.221424,29.62055,0 
-95.205374,29.606073,0 
-95.201426,29.602417,0 
-95.184431,29.586221,0 
-95.181341,29.583833,0 
-95.165806,29.565992,0 
-95.157309,29.556585,0 
-95.154133,29.5533,0 
-95.128813,29.526119,0 
-95.12701,29.524251,0 
-95.125637,29.522086,0 
-95.116539,29.506568,0 
-95.112569,29.499789,0 
-95.112827,29.499714,0 
-95.112913,29.499415,0 
</coordinates>
</LineString>
</Placemark>

<Placemark><name>day 54</name>
<description>outta houston</description>
<styleUrl>#linecolor</styleUrl>
<LineString>
<tessellate>1</tessellate>
<altitudeMode>clampToGround</altitudeMode>
<coordinates>
-95.112934,29.499528,0 
-95.111904,29.499677,0 
-95.114307,29.503113,0 
-95.095425,29.507446,0 
-95.077057,29.521637,0 
-95.070877,29.532242,0 
-95.062637,29.540457,0 
-95.060234,29.542548,0 
-95.037403,29.541054,0 
-95.024357,29.540905,0 
-95.019894,29.541054,0 
-95.021954,29.545086,0 
-95.022297,29.546879,0 
-95.023499,29.551209,0 
-95.02573,29.563752,0 
-95.028133,29.576742,0 
-95.029163,29.586296,0 
-95.028992,29.587192,0 
-95.028648,29.590326,0 
-95.029335,29.594357,0 
-95.030537,29.598984,0 
-95.031738,29.604208,0 
-95.03397,29.61749,0 
-95.034313,29.623012,0 
-95.034142,29.625101,0 
-95.032597,29.629428,0 
-95.029507,29.635098,0 
-95.029163,29.637784,0 
-95.030022,29.652405,0 
-95.143147,29.650316,0 
-95.156193,29.649869,0 
-95.176792,29.64957,0 
-95.18177,29.651808,0 
-95.186749,29.651361,0 
-95.19207,29.65151,0 
-95.206661,29.650913,0 
-95.215244,29.650316,0 
-95.221767,29.647631,0 
-95.225201,29.645691,0 
-95.231552,29.645841,0 
-95.234642,29.645095,0 
-95.243053,29.641365,0 
-95.247345,29.646288,0 
-95.255585,29.65867,0 
-95.264683,29.671946,0 
-95.284939,29.693421,0 
-95.290432,29.699237,0 
-95.294552,29.701473,0 
-95.318069,29.717129,0 
-95.322361,29.719141,0 
-95.329828,29.723688,0 
-95.337038,29.728086,0 
-95.342789,29.73211,0 
-95.347681,29.735912,0 
-95.356264,29.741352,0 
-95.359182,29.743141,0 
-95.362787,29.744556,0 
-95.372143,29.749996,0 
-95.373945,29.751412,0 
-95.374718,29.755958,0 
-95.374374,29.759087,0 
-95.373344,29.760428,0 
-95.372229,29.76244,0 
-95.3724,29.767134,0 
-95.406303,29.770636,0 
-95.408621,29.770487,0 
-95.411282,29.770487,0 
-95.416946,29.770785,0 
-95.423212,29.771157,0 
-95.42407,29.771157,0 
-95.423985,29.770859,0 
-95.427933,29.769667,0 
-95.428276,29.769518,0 
-95.430164,29.77004,0 
-95.430079,29.768848,0 
-95.430336,29.767805,0 
-95.431023,29.766315,0 
-95.43128,29.764601,0 
-95.434542,29.765122,0 
-95.43746,29.765048,0 
-95.439348,29.765048,0 
-95.441666,29.765942,0 
-95.44467,29.767507,0 
-95.448446,29.768699,0 
-95.450077,29.769667,0 
-95.451021,29.771977,0 
-95.452566,29.773169,0 
-95.455313,29.773541,0 
-95.456686,29.773243,0 
-95.456514,29.765644,0 
-95.456085,29.754318,0 
-95.456772,29.753946,0 
-95.458403,29.753648,0 
-95.461063,29.751263,0 
-95.46072,29.735539,0 
-95.461321,29.735464,0 
-95.46072,29.735241,0 
-95.460634,29.732036,0 
-95.459089,29.732036,0 
-95.456944,29.732558,0 
-95.454884,29.732856,0 
-95.450592,29.732409,0 
-95.441666,29.732781,0 
-95.433683,29.733005,0 
-95.42922,29.733899,0 
-95.418577,29.734123,0 
-95.418835,29.738594,0 
-95.391111,29.738893,0 
-95.391197,29.744631,0 
-95.391283,29.745749,0 
-95.391798,29.746494,0 
-95.391884,29.748059,0 
-95.385876,29.748059,0 
-95.38579,29.761248,0 
-95.379524,29.761024,0 
-95.378494,29.760726,0 
-95.376778,29.760205,0 
-95.375576,29.760205,0 
-95.374804,29.760205,0 
-95.374718,29.753946,0 
-95.374289,29.752083,0 
-95.363302,29.744556,0 
-95.35944,29.742842,0 
-95.34811,29.735762,0 
-95.337811,29.728011,0 
-95.317726,29.716607,0 
-95.299015,29.704008,0 
-95.289059,29.697,0 
-95.285454,29.697969,0 
-95.278587,29.701995,0 
-95.272837,29.706096,0 
-95.268373,29.708779,0 
-95.266485,29.709599,0 
-95.256186,29.707512,0 
-95.246229,29.705797,0 
-95.2349,29.707065,0 
-95.228205,29.707512,0 
-95.223055,29.709674,0 
-95.215845,29.710792,0 
-95.196877,29.712581,0 
-95.18898,29.712954,0 
-95.168724,29.712432,0 
-95.153446,29.71206,0 
-95.135851,29.71124,0 
-95.133362,29.71109,0 
-95.116367,29.711016,0 
-95.112848,29.710345,0 
-95.077744,29.699759,0 
-95.062208,29.695211,0 
-95.050621,29.691483,0 
-95.042124,29.688873,0 
-95.03706,29.688127,0 
-95.032425,29.687754,0 
-95.030537,29.686114,0 
-95.030107,29.679627,0 
-95.029507,29.674481,0 
-95.029249,29.665234,0 
-95.028906,29.660535,0 
-95.030022,29.653151,0 
-95.030365,29.651957,0 
-95.046587,29.651659,0 
-95.047016,29.636367,0 
-95.047016,29.635098,0 
-95.044098,29.621594,0 
-95.044012,29.61861,0 
-95.044012,29.614879,0 
-95.045729,29.612491,0 
-95.068731,29.602641,0 
-95.070019,29.602118,0 
-95.061178,29.595625,0 
-95.054655,29.590998,0 
-95.053968,29.5907,0 
-95.056286,29.588535,0 
-95.057745,29.585699,0 
-95.058689,29.566813,0 
-95.062208,29.566813,0 
-95.070019,29.564499,0 
-95.072937,29.561737,0 
-95.076199,29.556212,0 
-95.078516,29.554793,0 
-95.096455,29.549492,0 
-95.09654,29.550911,0 
-95.097055,29.550687,0 
-95.097055,29.548895,0 
-95.078859,29.555017,0 
-95.075769,29.556884,0 
-95.075083,29.558377,0 
-95.072079,29.562931,0 
-95.068903,29.565096,0 
-95.062294,29.566813,0 
-95.055599,29.566291,0 
-95.054569,29.565768,0 
-95.052166,29.564499,0 
-95.050449,29.563976,0 
-95.04487,29.564349,0 
-95.04384,29.564051,0 
-95.042295,29.562931,0 
-95.039635,29.55987,0 
-95.038347,29.559795,0 
-95.033026,29.560542,0 
-95.02779,29.562259,0 
-95.026331,29.564051,0 
-95.029249,29.58443,0 
-95.028992,29.590252,0 
-95.029335,29.595551,0 
-95.029335,29.595924,0 
-95.031395,29.600327,0 
-95.033369,29.611521,0 
-95.034485,29.625176,0 
-95.030622,29.634874,0 
-95.030022,29.64226,0 
-95.029507,29.659491,0 
-95.028992,29.671871,0 
-95.030365,29.687083,0 
-95.030022,29.691334,0 
-95.028391,29.693943,0 
-95.020323,29.700877,0 
-95.012512,29.707288,0 
-95.009937,29.708929,0 
-95.001783,29.713476,0 
-94.998436,29.715563,0 
-94.991655,29.723539,0 
-94.991312,29.725402,0 
-94.992428,29.728607,0 
-94.994574,29.73293,0 
-94.993715,29.736061,0 
-94.985046,29.747984,0 
-94.982471,29.749177,0 
-94.979038,29.749922,0 
-94.963932,29.75022,0 
-94.954834,29.752008,0 
-94.950542,29.75335,0 
-94.946251,29.754095,0 
-94.942818,29.755287,0 
-94.938526,29.756032,0 
-94.930801,29.756777,0 
-94.925652,29.759311,0 
-94.92342,29.761993,0 
-94.921875,29.765122,0 
-94.914494,29.772275,0 
-94.91312,29.779427,0 
-94.912777,29.782109,0 
-94.911404,29.786876,0 
-94.91003,29.791494,0 
-94.904881,29.799539,0 
-94.903679,29.804454,0 
-94.902306,29.809966,0 
-94.899216,29.821583,0 
-94.846516,29.826199,0 
-94.806004,29.829476,0 
-94.755878,29.838559,0 
-94.690304,29.840346,0 
-94.667645,29.840644,0 
-94.658375,29.840346,0 
-94.613228,29.838708,0 
-94.580784,29.837666,0 
-94.502678,29.832007,0 
-94.465256,29.82888,0 
-94.438133,29.826646,0 
-94.3923,29.827689,0 
-94.388695,29.829327,0 
-94.354534,29.861488,0 
-94.320717,29.889472,0 
-94.247417,29.948836,0 
-94.245529,29.950621,0 
-94.151287,30.044133,0 
-94.137554,30.056911,0 
-94.135151,30.060774,0 
-94.134636,30.064786,0 
-94.136868,30.108603,0 
-94.138584,30.11083,0 
-94.144936,30.117216,0 
-94.138927,30.1236,0 
-94.134464,30.125827,0 
-94.129658,30.125679,0 
-94.129658,30.126718,0 
</coordinates>
</LineString>
</Placemark>

<Placemark><name>Day 55</name>
<description>To the Gulf of Mexico</description>
<styleUrl>#linecolor</styleUrl>
<LineString>
<tessellate>1</tessellate>
<altitudeMode>clampToGround</altitudeMode>
<coordinates>
-94.127254,30.127312,0 
-94.127254,30.125382,0 
-94.134293,30.12553,0 
-94.138241,30.124046,0 
-94.145279,30.117216,0 
-94.137726,30.109939,0 
-94.136868,30.107415,0 
-94.135323,30.076522,0 
-94.134464,30.063597,0 
-94.134979,30.06018,0 
-94.137383,30.057654,0 
-94.141502,30.053345,0 
-94.141502,30.051414,0 
-94.140987,30.047402,0 
-94.138412,30.045767,0 
-94.134464,30.043687,0 
-94.118328,30.039823,0 
-94.086399,30.030461,0 
-94.081764,30.029866,0 
-94.077301,30.03165,0 
-94.073181,30.031947,0 
-94.060135,30.033433,0 
-94.057045,30.032244,0 
-94.054985,30.027191,0 
-94.053955,30.023624,0 
-94.049492,30.017382,0 
-94.023743,29.972186,0 
-94.011383,29.957612,0 
-93.955765,29.91834,0 
-93.983917,29.887686,0 
-93.986664,29.883816,0 
-93.985291,29.882328,0 
-93.962975,29.866549,0 
-93.972931,29.853151,0 
-93.972931,29.850471,0 
-93.969154,29.836177,0 
-93.962288,29.81771,0 
-93.948555,29.784343,0 
-93.945465,29.778086,0 
-93.940659,29.774212,0 
-93.937569,29.769742,0 
-93.936195,29.757522,0 
-93.932419,29.752754,0 
-93.927612,29.748581,0 
-93.923149,29.746494,0 
-93.909416,29.74083,0 
-93.90152,29.737253,0 
-93.894653,29.732781,0 
-93.908043,29.719365,0 
-93.912678,29.715787,0 
-93.921089,29.708929,0 
-93.924522,29.706841,0 
-93.938942,29.701772,0 
-93.942547,29.699833,0 
-93.970356,29.692377,0 
-93.996449,29.687456,0 
-94.015331,29.684175,0 
-94.031811,29.680298,0 
-94.059448,29.671647,0 
</coordinates>
</LineString>
</Placemark>

<Placemark><name>Day 56</name>
<description>Into Louisiana</description>
<styleUrl>#linecolor</styleUrl>
<LineString>
<tessellate>1</tessellate>
<altitudeMode>clampToGround</altitudeMode>
<coordinates>
-94.04417,29.67642,0 
-94.04108,29.677464,0 
-94.022198,29.682684,0 
-94.015675,29.683877,0 
-94.0028,29.685667,0 
-93.983574,29.689693,0 
-93.970184,29.692079,0 
-93.954735,29.696254,0 
-93.943062,29.699684,0 
-93.937397,29.702368,0 
-93.923149,29.707587,0 
-93.921432,29.70863,0 
-93.900318,29.726371,0 
-93.898945,29.727266,0 
-93.894482,29.733079,0 
-93.902893,29.737849,0 
-93.918514,29.744855,0 
-93.927956,29.748133,0 
-93.934479,29.754542,0 
-93.93671,29.758417,0 
-93.937225,29.766166,0 
-93.937397,29.768848,0 
-93.940144,29.774063,0 
-93.944092,29.776745,0 
-93.950615,29.788366,0 
-93.964348,29.82337,0 
-93.969326,29.835581,0 
-93.973274,29.851215,0 
-93.973103,29.853597,0 
-93.971558,29.857022,0 
-93.963661,29.866103,0 
-93.962116,29.866847,0 
-93.957825,29.868187,0 
-93.909588,29.919084,0 
-93.908386,29.922655,0 
-93.907356,29.924143,0 
-93.887959,29.945564,0 
-93.876629,29.956571,0 
-93.874226,29.960437,0 
-93.867359,29.9933,0 
-93.865986,30.000584,0 
-93.863583,30.004004,0 
-93.804016,30.061517,0 
-93.786335,30.07875,0 
-93.766422,30.093455,0 
-93.762131,30.095088,0 
-93.746853,30.093306,0 
-93.747368,30.121225,0 
-93.740501,30.120631,0 
-93.736725,30.119443,0 
-93.73106,30.118552,0 
-93.721104,30.119294,0 
-93.567982,30.184754,0 
-93.561802,30.186386,0 
-93.412971,30.214872,0 
-93.409367,30.215317,0 
-93.325596,30.21591,0 
-93.322163,30.2168,0 
-93.317699,30.22125,0 
-93.280449,30.236972,0 
-93.25779,30.237417,0 
-93.25779,30.241124,0 
-93.258305,30.242756,0 
-93.258305,30.284715,0 
-93.249722,30.285012,0 
-93.249722,30.295536,0 
-93.245945,30.30013,0 
-93.243713,30.300575,0 
-93.250751,30.304725,0 
-93.265514,30.304577,0 
-93.265514,30.295239,0 
</coordinates>
</LineString>
</Placemark>

<Placemark><name>Day 60</name>
<description>Across the Mississippi</description>
<styleUrl>#linecolor</styleUrl>
<LineString>
<tessellate>1</tessellate>
<altitudeMode>clampToGround</altitudeMode>
<coordinates>
-93.264141,30.294498,0 
-93.263626,30.303243,0 
-93.250408,30.304577,0 
-93.243885,30.300723,0 
-93.195477,30.300575,0 
-93.195305,30.298945,0 
-93.195133,30.296425,0 
-93.185863,30.281602,0 
-93.183804,30.277896,0 
-93.181057,30.265739,0 
-93.180542,30.263367,0 
-93.180027,30.197366,0 
-93.178139,30.197366,0 
-93.174191,30.197663,0 
-93.171787,30.200185,0 
-93.170414,30.202559,0 
-93.170071,30.217987,0 
-93.168182,30.227925,0 
-93.162861,30.242756,0 
-93.160114,30.24409,0 
-93.156853,30.245277,0 
-93.134022,30.243794,0 
-93.128185,30.244832,0 
-93.112564,30.247501,0 
-93.069992,30.247649,0 
-93.038921,30.247649,0 
-93.015747,30.248984,0 
-92.997208,30.25017,0 
-92.991199,30.249874,0 
-92.971973,30.246611,0 
-92.890778,30.246611,0 
-92.774906,30.247056,0 
-92.75465,30.247353,0 
-92.746754,30.247798,0 
-92.727528,30.247353,0 
-92.717915,30.246463,0 
-92.663155,30.24676,0 
-92.647362,30.246611,0 
-92.64101,30.245573,0 
-92.613201,30.237713,0 
-92.60582,30.236379,0 
-92.584877,30.23623,0 
-92.559128,30.236527,0 
-92.552776,30.235786,0 
-92.534237,30.231781,0 
-92.530804,30.231633,0 
-92.487545,30.230743,0 
-92.481537,30.230891,0 
-92.468834,30.233116,0 
-92.450294,30.235934,0 
-92.383862,30.235786,0 
-92.341633,30.235637,0 
-92.315712,30.242311,0 
-92.285156,30.251505,0 
-92.281036,30.252098,0 
-92.249622,30.252098,0 
-92.242756,30.251802,0 
-92.213917,30.247649,0 
-92.11401,30.247353,0 
-92.05307,30.24676,0 
-92.047577,30.247649,0 
-92.037621,30.250467,0 
-91.993332,30.267963,0 
-91.945782,30.28264,0 
-91.923637,30.293164,0 
-91.913509,30.295684,0 
-91.869049,30.308133,0 
-91.840725,30.313617,0 
-91.828365,30.315691,0 
-91.814804,30.318359,0 
-91.804504,30.321322,0 
-91.794033,30.322804,0 
-91.721764,30.342658,0 
-91.638336,30.365322,0 
-91.580486,30.380872,0 
-91.507015,30.401158,0 
-91.501865,30.402195,0 
-91.47234,30.410042,0 
-91.468906,30.410486,0 
-91.456203,30.413002,0 
-91.430626,30.419368,0 
-91.422386,30.422032,0 
-91.413288,30.424105,0 
-91.399555,30.428841,0 
-91.332951,30.447342,0 
-91.318531,30.450597,0 
-91.271152,30.454001,0 
-91.265488,30.452817,0 
-91.244373,30.44749,0 
-91.229095,30.444678,0 
-91.219311,30.441274,0 
-91.216908,30.44083,0 
-91.178112,30.439498,0 
-91.178112,30.442606,0 
-91.180344,30.447786,0 
-91.180687,30.455777,0 
-91.179314,30.457257,0 
-91.17691,30.457257,0 
-91.170216,30.457848,0 
-91.165752,30.459328,0 
-91.165752,30.461252,0 
-91.166439,30.464063,0 
-91.167126,30.478266,0 
-91.166096,30.481521,0 
-91.166267,30.488326,0 
-91.164722,30.490989,0 
-91.160431,30.496905,0 
-91.159058,30.500603,0 
-91.158371,30.509921,0 
-91.159401,30.517019,0 
-91.160603,30.519681,0 
-91.170559,30.533433,0 
-91.17485,30.535503,0 
-91.186523,30.536242,0 
-91.189098,30.537277,0 
-91.224976,30.603197,0 
-91.252956,30.656668,0 
-91.261539,30.673353,0 
-91.266346,30.680145,0 
-91.278019,30.744049,0 
-91.280079,30.746262,0 
-91.288319,30.748327,0 
-91.296387,30.75054,0 
-91.30291,30.759391,0 
-91.305828,30.761604,0 
-91.314411,30.764112,0 
-91.317329,30.765587,0 
-91.322136,30.770307,0 
-91.33604,30.776944,0 
-91.346684,30.782106,0 
-91.344452,30.78299,0 
-91.343079,30.783875,0 
-91.323853,30.790069,0 
-91.322823,30.791249,0 
-91.319389,30.796705,0 
-91.318531,30.800096,0 
-91.312351,30.802898,0 
-91.303425,30.802308,0 
-91.303253,30.80393,0 
</coordinates>
</LineString>
</Placemark>

<Placemark><name>Day 61</name>
<description>Into New Orleans</description>
<styleUrl>#linecolor</styleUrl>
<LineString>
<tessellate>1</tessellate>
<altitudeMode>clampToGround</altitudeMode>
<coordinates>
-91.30291,30.803635,0 
-91.304283,30.802603,0 
-91.311922,30.802898,0 
-91.31321,30.803635,0 
-91.316128,30.805036,0 
-91.317759,30.807468,0 
-91.318102,30.811449,0 
-91.318274,30.814619,0 
-91.321707,30.818526,0 
-91.319818,30.822137,0 
-91.321793,30.825307,0 
-91.322479,30.827444,0 
-91.327372,30.830098,0 
-91.330891,30.829434,0 
-91.33338,30.827813,0 
-91.335611,30.821253,0 
-91.338787,30.817936,0 
-91.345396,30.810859,0 
-91.349945,30.80533,0 
-91.352005,30.80334,0 
-91.354408,30.801866,0 
-91.356726,30.799285,0 
-91.359987,30.798253,0 
-91.372604,30.790954,0 
-91.373291,30.795673,0 
-91.371231,30.796115,0 
-91.371574,30.796631,0 
-91.373634,30.796115,0 
-91.372862,30.790585,0 
-91.373034,30.79029,0 
-91.376381,30.788373,0 
-91.374578,30.786604,0 
-91.37166,30.786087,0 
-91.368055,30.78594,0 
-91.352262,30.783875,0 
-91.350889,30.783654,0 
-91.321964,30.770085,0 
-91.318617,30.766398,0 
-91.316385,30.764923,0 
-91.306429,30.76153,0 
-91.303596,30.759834,0 
-91.301022,30.757031,0 
-91.296215,30.750393,0 
-91.293468,30.749065,0 
-91.280594,30.746409,0 
-91.278019,30.744639,0 
-91.276989,30.740655,0 
-91.267033,30.681916,0 
-91.264114,30.676601,0 
-91.1903,30.538904,0 
-91.18721,30.53639,0 
-91.174164,30.535503,0 
-91.167469,30.530328,0 
-91.159058,30.516724,0 
-91.158543,30.500751,0 
-91.164036,30.491728,0 
-91.166267,30.488474,0 
-91.165752,30.480781,0 
-91.167126,30.477379,0 
-91.165924,30.463027,0 
-91.165581,30.461252,0 
-91.165581,30.45918,0 
-91.180172,30.457109,0 
-91.181202,30.454445,0 
-91.180172,30.44749,0 
-91.17794,30.444382,0 
-91.178112,30.438758,0 
-91.173992,30.431062,0 
-91.167126,30.426473,0 
-91.151676,30.423809,0 
-91.123867,30.4207,0 
-91.118717,30.419812,0 
-91.112366,30.416407,0 
-91.08696,30.396569,0 
-91.055374,30.375541,0 
-91.048679,30.370209,0 
-91.040783,30.36073,0 
-91.019325,30.335398,0 
-91.003017,30.319396,0 
-90.996494,30.31169,0 
-90.993576,30.303687,0 
-90.988083,30.275969,0 
-90.985508,30.269446,0 
-90.970573,30.241718,0 
-90.945339,30.208641,0 
-90.939846,30.202707,0 
-90.930748,30.197514,0 
-90.91959,30.192025,0 
-90.879593,30.172586,0 
-90.864315,30.168282,0 
-90.819168,30.155963,0 
-90.811272,30.15433,0 
-90.777626,30.149135,0 
-90.773678,30.14869,0 
-90.734711,30.135923,0 
-90.694714,30.124788,0 
-90.679607,30.123155,0 
-90.508118,30.108306,0 
-90.50005,30.106375,0 
-90.405464,30.078007,0 
-90.306244,30.01099,0 
-90.298176,30.00772,0 
-90.289764,30.005936,0 
-90.277748,30.006828,0 
-90.243416,30.009652,0 
-90.239983,30.009281,0 
-90.241785,29.990698,0 
-90.246677,29.973227,0 
-90.23818,29.971368,0 
-90.236635,29.970773,0 
-90.234833,29.97003,0 
-90.234575,29.970364,0 
-90.234361,29.970885,0 
</coordinates>
</LineString>
</Placemark>

<Placemark><name>Day 62</name>
<description>Around New Orleans</description>
<styleUrl>#linecolor</styleUrl>
<LineString>
<tessellate>1</tessellate>
<altitudeMode>clampToGround</altitudeMode>
<coordinates>
-90.234318,29.970699,0 
-90.23479,29.969992,0 
-90.23818,29.971368,0 
-90.24642,29.973152,0 
-90.244875,29.979844,0 
-90.2108,29.977911,0 
-90.180073,29.975606,0 
-90.156555,29.974714,0 
-90.144796,29.973524,0 
-90.128059,29.972335,0 
-90.115528,29.971368,0 
-90.109091,29.969881,0 
-90.106516,29.969063,0 
-90.090723,29.961925,0 
-90.071583,29.983412,0 
-90.062313,29.967204,0 
-90.072613,29.955827,0 
-90.06403,29.949878,0 
-90.064116,29.948241,0 
-90.065875,29.948576,0 
-90.066025,29.95051,0 
-90.070982,29.952666,0 
-90.069072,29.954693,0 
-90.069952,29.955362,0 
-90.061648,29.964583,0 
-90.056798,29.961274,0 
-90.060983,29.958671,0 
-90.062742,29.956664,0 
-90.062871,29.956794,0 
-90.061455,29.958392,0 
-90.065961,29.961478,0 
-90.066648,29.960661,0 
-90.063922,29.958894,0 
-90.067527,29.954897,0 
-90.065725,29.95367,0 
-90.067592,29.954842,0 
-90.068986,29.953298,0 
-90.069973,29.951793,0 
-90.072162,29.944393,0 
-90.067592,29.94337,0 
-90.067484,29.944932,0 
-90.069201,29.94536,0 
-90.073192,29.93212,0 
-90.07905,29.928234,0 
-90.08656,29.923938,0 
-90.088899,29.923027,0 
-90.091753,29.922078,0 
-90.095036,29.921334,0 
-90.10143,29.920814,0 
-90.108018,29.920274,0 
-90.112803,29.92046,0 
-90.11379,29.920665,0 
-90.11276,29.926449,0 
-90.112352,29.928085,0 
-90.108147,29.926188,0 
-90.107696,29.926114,0 
-90.107675,29.926542,0 
-90.107288,29.93491,0 
-90.10304,29.935226,0 
-90.102117,29.926616,0 
-90.095186,29.927099,0 
-90.089886,29.92894,0 
-90.083599,29.932418,0 
-90.077827,29.936286,0 
-90.073621,29.94192,0 
-90.072806,29.942961,0 
-90.072999,29.943649,0 
-90.072398,29.943798,0 
-90.071926,29.943389,0 
-90.072055,29.942961,0 
-90.072634,29.942887,0 
-90.077591,29.936267,0 
-90.082419,29.93292,0 
-90.088792,29.929275,0 
-90.094371,29.927174,0 
-90.102139,29.926393,0 
-90.107331,29.926151,0 
-90.112073,29.928234,0 
-90.115764,29.929982,0 
-90.118961,29.931841,0 
-90.123789,29.935226,0 
-90.127158,29.93742,0 
-90.130119,29.939949,0 
-90.134304,29.943277,0 
-90.134819,29.943761,0 
-90.135891,29.952016,0 
-90.136878,29.953206,0 
-90.137479,29.953763,0 
-90.138016,29.955344,0 
-90.139089,29.956812,0 
-90.140419,29.957482,0 
-90.142651,29.958244,0 
-90.144496,29.958783,0 
-90.1475,29.960047,0 
-90.150633,29.9604,0 
-90.151834,29.960586,0 
-90.155182,29.959805,0 
-90.160353,29.958374,0 
-90.163615,29.956998,0 
-90.164773,29.955938,0 
-90.166039,29.954618,0 
-90.17312,29.94839,0 
-90.17488,29.947144,0 
-90.177884,29.944746,0 
-90.180202,29.94311,0 
-90.182991,29.941474,0 
-90.189557,29.936416,0 
-90.194364,29.93292,0 
-90.200114,29.928717,0 
-90.203462,29.927416,0 
-90.206852,29.92682,0 
-90.207839,29.927006,0 
-90.206122,29.935858,0 
-90.209684,29.936416,0 
-90.212474,29.938387,0 
-90.213976,29.950882,0 
-90.216551,29.954786,0 
-90.222001,29.962482,0 
-90.222731,29.96304,0 
-90.234575,29.969992,0 
-90.234189,29.970662,0 
</coordinates>
</LineString>
</Placemark>

<Placemark><name>Day 64</name>
<description>Into Mississippi</description>
<styleUrl>#linecolor</styleUrl>
<LineString>
<tessellate>1</tessellate>
<altitudeMode>clampToGround</altitudeMode>
<coordinates>
-90.234532,29.970439,0 
-90.234725,29.970067,0 
-90.237494,29.971071,0 
-90.246677,29.97345,0 
-90.242043,29.990772,0 
-90.240154,30.009206,0 
-90.214233,30.007646,0 
-90.212517,30.007497,0 
-90.210371,30.006382,0 
-90.201359,30.000882,0 
-90.199814,30.000436,0 
-90.193892,29.999692,0 
-90.124283,29.995976,0 
-90.11982,29.994861,0 
-90.117245,29.993448,0 
-90.115957,29.990921,0 
-90.116043,29.987873,0 
-90.109262,29.970104,0 
-90.107803,29.968022,0 
-90.105228,29.965866,0 
-90.091496,29.956273,0 
-90.087204,29.954488,0 
-90.082569,29.953298,0 
-90.081196,29.954488,0 
-90.078106,29.958801,0 
-90.058537,29.980067,0 
-90.055103,29.982892,0 
-90.052528,29.986609,0 
-90.05167,29.99107,0 
-90.048409,29.9933,0 
-90.04343,29.9988,0 
-90.038452,30.001774,0 
-90.014248,30.008314,0 
-90.01236,30.010396,0 
-90.012875,30.013963,0 
-90.013733,30.023922,0 
-90.013046,30.025556,0 
-90.008583,30.026745,0 
-89.999828,30.028678,0 
-89.991932,30.03061,0 
-89.975967,30.037594,0 
-89.940605,30.058991,0 
-89.935455,30.06226,0 
-89.892712,30.110385,0 
-89.880867,30.1236,0 
-89.858208,30.151065,0 
-89.855289,30.153588,0 
-89.852886,30.155073,0 
-89.79538,30.209383,0 
-89.79332,30.212053,0 
-89.768772,30.235786,0 
-89.765854,30.241124,0 
-89.742851,30.301909,0 
-89.739933,30.303836,0 
-89.73547,30.304725,0 
-89.71384,30.2985,0 
-89.707317,30.297907,0 
-89.67041,30.297611,0 
-89.626293,30.307096,0 
-89.596252,30.31584,0 
-89.539948,30.333028,0 
-89.535828,30.332583,0 
-89.528961,30.330954,0 
-89.523296,30.33125,0 
-89.4524,30.349028,0 
-89.423046,30.358064,0 
-89.348717,30.381317,0 
-89.322109,30.389757,0 
-89.311638,30.395828,0 
-89.303913,30.399974,0 
-89.274902,30.404268,0 
-89.262371,30.403083,0 
-89.247952,30.403083,0 
-89.23233,30.40412,0 
-89.197483,30.416851,0 
-89.173965,30.417592,0 
-89.142723,30.423513,0 
-89.135513,30.424697,0 
-89.127617,30.424401,0 
-89.075089,30.437722,0 
-89.031315,30.444234,0 
-89.010544,30.448526,0 
-88.994579,30.451041,0 
-88.990631,30.452669,0 
-88.979473,30.460068,0 
-88.970032,30.460956,0 
-88.958015,30.460512,0 
-88.938446,30.451337,0 
-88.927803,30.447638,0 
-88.918533,30.447786,0 
-88.909264,30.44897,0 
-88.898277,30.452965,0 
-88.893471,30.454001,0 
-88.888407,30.454223,0 
-88.842916,30.454371,0 
-88.841543,30.450597,0 
-88.839054,30.44379,0 
-88.836908,30.441496,0 
-88.832016,30.437278,0 
-88.830214,30.435354,0 
-88.829784,30.433356,0 
-88.829184,30.429804,0 
-88.829012,30.423661,0 
-88.827724,30.41848,0 
-88.827553,30.415963,0 
-88.812189,30.416259,0 
-88.804464,30.416259,0 
-88.782492,30.412558,0 
-88.779402,30.41204,0 
-88.77923,30.41093,0 
-88.779058,30.405822,0 
-88.778114,30.40412,0 
-88.778286,30.398345,0 
-88.7782,30.396939,0 
-88.778973,30.395902,0 
-88.78438,30.396198,0 
-88.787127,30.396124,0 
-88.787727,30.397531,0 
-88.788843,30.397975,0 
-88.795538,30.397901,0 
</coordinates>
</LineString>
</Placemark>

<Placemark><name>Day 65</name>
<description>Into Florida</description>
<styleUrl>#linecolor</styleUrl>
<LineString>
<tessellate>1</tessellate>
<altitudeMode>clampToGround</altitudeMode>
<coordinates>
-88.790474,30.395384,0 
-88.790474,30.395384,0 
-88.788757,30.397457,0 
-88.787212,30.396569,0 
-88.786354,30.395828,0 
-88.783436,30.395828,0 
-88.781548,30.395384,0 
-88.779144,30.39568,0 
-88.778458,30.396717,0 
-88.778286,30.398938,0 
-88.778114,30.403972,0 
-88.778801,30.404712,0 
-88.779144,30.412114,0 
-88.725586,30.403379,0 
-88.719578,30.402343,0 
-88.684387,30.397013,0 
-88.649883,30.391238,0 
-88.64542,30.390794,0 
-88.638897,30.389609,0 
-88.570747,30.374208,0 
-88.554783,30.371098,0 
-88.553238,30.37095,0 
-88.538647,30.370802,0 
-88.536243,30.372135,0 
-88.469639,30.414187,0 
-88.4408,30.432838,0 
-88.439426,30.434318,0 
-88.404579,30.471165,0 
-88.403034,30.472053,0 
-88.403206,30.473236,0 
-88.400459,30.47442,0 
-88.362007,30.490101,0 
-88.356686,30.492024,0 
-88.335571,30.496462,0 
-88.317547,30.500011,0 
-88.31068,30.501934,0 
-88.295746,30.507259,0 
-88.256264,30.528701,0 
-88.239441,30.537277,0 
-88.222961,30.545557,0 
-88.216782,30.548513,0 
-88.198757,30.561965,0 
-88.179188,30.57645,0 
-88.170261,30.581179,0 
-88.160992,30.586499,0 
-88.1567,30.590933,0 
-88.148632,30.604674,0 
-88.134212,30.620187,0 
-88.128033,30.623732,0 
-88.121166,30.625505,0 
-88.117733,30.625948,0 
-88.11121,30.629197,0 
-88.088894,30.640423,0 
-88.075161,30.649432,0 
-88.071041,30.651795,0 
-88.051472,30.665675,0 
-88.043575,30.676601,0 
-88.041515,30.688707,0 
-88.028984,30.691807,0 
-88.026066,30.692102,0 
-88.000317,30.684721,0 
-87.992935,30.681768,0 
-87.987442,30.678078,0 
-87.978516,30.671729,0 
-87.965469,30.665232,0 
-87.953281,30.662132,0 
-87.924099,30.655044,0 
-87.911396,30.655782,0 
-87.856636,30.66287,0 
-87.851486,30.663313,0 
-87.836723,30.661689,0 
-87.789516,30.65209,0 
-87.786083,30.652238,0 
-87.780933,30.652238,0 
-87.733212,30.651499,0 
-87.728062,30.650761,0 
-87.717762,30.647955,0 
-87.710381,30.645444,0 
-87.701454,30.644706,0 
-87.691669,30.642047,0 
-87.68137,30.637321,0 
-87.659054,30.635401,0 
-87.641373,30.63289,0 
-87.629013,30.630084,0 
-87.61528,30.629197,0 
-87.603779,30.626243,0 
-87.597599,30.62388,0 
-87.588673,30.619448,0 
-87.572708,30.613686,0 
-87.540092,30.590637,0 
-87.534943,30.58709,0 
-87.516918,30.581179,0 
-87.512455,30.580293,0 
-87.487049,30.580736,0 
-87.470055,30.577485,0 
-87.461987,30.577632,0 
-87.440701,30.577928,0 
-87.423191,30.576893,0 
-87.379074,30.563739,0 
-87.373066,30.561078,0 
-87.320194,30.524857,0 
-87.314873,30.522047,0 
-87.283287,30.505632,0 
-87.278824,30.504301,0 
-87.271957,30.504301,0 
-87.266808,30.502378,0 
-87.265434,30.502526,0 
-87.259598,30.504153,0 
-87.23711,30.504005,0 
-87.231445,30.503117,0 
-87.230244,30.503709,0 
-87.230587,30.482557,0 
-87.228355,30.473384,0 
-87.225437,30.461992,0 
-87.223549,30.454741,0 
-87.219086,30.44897,0 
-87.217541,30.446454,0 
-87.215137,30.434318,0 
-87.216167,30.430322,0 
-87.213936,30.42144,0 
-87.212048,30.416999,0 
-87.210846,30.415963,0 
-87.207756,30.415815,0 
-87.200031,30.416703,0 
-87.19883,30.417444,0 
-87.196255,30.41848,0 
-87.193851,30.418036,0 
-87.192822,30.415371,0 
-87.1772,30.373468,0 
-87.175312,30.369617,0 
-87.173252,30.367988,0 
-87.170334,30.366062,0 
-87.168446,30.361471,0 
-87.165184,30.35836,0 
-87.162437,30.357768,0 
-87.160034,30.357768,0 
-87.158146,30.355398,0 
-87.146473,30.338806,0 
-87.143211,30.334954,0 
-87.14098,30.333324,0 
-87.143898,30.331546,0 
-87.145958,30.331546,0 
-87.147675,30.330805,0 
-87.159691,30.328435,0 
-87.168617,30.327546,0 
-87.184582,30.325027,0 
-87.19986,30.322804,0 
-87.208786,30.322063,0 
-87.225266,30.319692,0 
-87.227325,30.319692,0 
-87.236595,30.318507,0 
-87.247066,30.318062,0 
-87.255821,30.318211,0 
-87.262688,30.318211,0 
-87.268181,30.318655,0 
-87.272472,30.319544,0 
-87.275562,30.321471,0 
-87.279339,30.32236,0 
-87.28569,30.32473,0 
-87.289295,30.325916,0 
-87.292042,30.326064,0 
-87.293072,30.327397,0 
-87.296333,30.328731,0 
</coordinates>
</LineString>
</Placemark>

<Placemark><name>Day 66</name>
<description>Across Florida</description>
<styleUrl>#linecolor</styleUrl>
<LineString>
<tessellate>1</tessellate>
<altitudeMode>clampToGround</altitudeMode>
<coordinates>
-87.293329,30.327175,0 
-87.292557,30.326064,0 
-87.291355,30.325842,0 
-87.289639,30.326212,0 
-87.283115,30.324064,0 
-87.280025,30.322952,0 
-87.275133,30.320952,0 
-87.272387,30.319544,0 
-87.270498,30.319174,0 
-87.268438,30.318211,0 
-87.264662,30.318655,0 
-87.264233,30.318211,0 
-87.259083,30.318433,0 
-87.257023,30.317914,0 
-87.249727,30.317914,0 
-87.231789,30.319026,0 
-87.228012,30.319989,0 
-87.222004,30.320063,0 
-87.205696,30.322508,0 
-87.191448,30.324138,0 
-87.176857,30.327101,0 
-87.172909,30.327101,0 
-87.164669,30.328287,0 
-87.160378,30.328435,0 
-87.157116,30.328731,0 
-87.153683,30.329324,0 
-87.147675,30.330509,0 
-87.146473,30.331546,0 
-87.144585,30.33125,0 
-87.140636,30.333324,0 
-87.13995,30.333472,0 
-87.139263,30.333546,0 
-87.133684,30.334435,0 
-87.130337,30.334806,0 
-87.125187,30.335621,0 
-87.115488,30.337769,0 
-87.115316,30.336361,0 
-87.097721,30.339621,0 
-87.098322,30.34125,0 
-87.101068,30.340658,0 
-87.101412,30.341325,0 
-87.112055,30.339547,0 
-87.112055,30.338436,0 
-87.128105,30.33488,0 
-87.134457,30.334583,0 
-87.140722,30.33362,0 
-87.144327,30.336361,0 
-87.159262,30.356509,0 
-87.160463,30.35799,0 
-87.161665,30.358064,0 
-87.162867,30.357916,0 
-87.164583,30.357916,0 
-87.166643,30.359101,0 
-87.170506,30.366284,0 
-87.17248,30.367692,0 
-87.174282,30.368802,0 
-87.176342,30.371542,0 
-87.192564,30.415223,0 
-87.194281,30.41774,0 
-87.195568,30.418406,0 
-87.198315,30.41848,0 
-87.205868,30.417592,0 
-87.212648,30.44749,0 
-87.218056,30.44675,0 
-87.218742,30.448082,0 
-87.220201,30.450228,0 
-87.222176,30.452595,0 
-87.223721,30.454593,0 
-87.227755,30.470055,0 
-87.228785,30.47331,0 
-87.230244,30.480929,0 
-87.23033,30.482409,0 
-87.229815,30.50186,0 
-87.228956,30.502748,0 
-87.227154,30.503931,0 
-87.221575,30.503931,0 
-87.218657,30.503635,0 
-87.212391,30.50297,0 
-87.172565,30.502378,0 
-87.168102,30.50297,0 
-87.126389,30.532398,0 
-87.12347,30.533877,0 
-87.12038,30.533729,0 
-87.086906,30.534024,0 
-87.078323,30.534468,0 
-87.074375,30.536538,0 
-86.972065,30.615459,0 
-86.969147,30.616641,0 
-86.96125,30.619153,0 
-86.934299,30.628754,0 
-86.900997,30.644854,0 
-86.849327,30.669957,0 
-86.84761,30.6704,0 
-86.779289,30.688559,0 
-86.733627,30.705091,0 
-86.730709,30.705829,0 
-86.693802,30.713799,0 
-86.688309,30.714685,0 
-86.656895,30.716603,0 
-86.635265,30.71498,0 
-86.625481,30.713061,0 
-86.617241,30.715127,0 
-86.5975,30.720145,0 
-86.587543,30.724572,0 
-86.567802,30.726048,0 
-86.558189,30.72649,0 
-86.501026,30.726638,0 
-86.495018,30.725605,0 
-86.486263,30.722801,0 
-86.47974,30.720735,0 
-86.470985,30.71985,0 
-86.44249,30.717341,0 
-86.43528,30.717489,0 
-86.380692,30.731507,0 
-86.369362,30.733721,0 
-86.356831,30.73254,0 
-86.348248,30.732393,0 
-86.336231,30.732835,0 
-86.304302,30.745229,0 
-86.282845,30.74995,0 
-86.277866,30.750098,0 
-86.266193,30.749212,0 
-86.261902,30.74877,0 
-86.246109,30.748327,0 
-86.234779,30.746114,0 
-86.212463,30.727818,0 
-86.209717,30.726786,0 
-86.202164,30.725162,0 
-86.184826,30.721473,0 
-86.180878,30.71926,0 
-86.146374,30.694759,0 
-86.142597,30.693726,0 
-86.129208,30.692397,0 
-86.11702,30.691659,0 
-86.026039,30.690478,0 
-86.022434,30.690331,0 
-85.9972,30.695054,0 
-85.964413,30.701254,0 
-85.9021,30.727818,0 
-85.859184,30.75113,0 
-85.855751,30.752163,0 
-85.812492,30.758359,0 
-85.79361,30.760424,0 
-85.733356,30.760129,0 
-85.727005,30.760129,0 
-85.709667,30.763079,0 
-85.684433,30.763227,0 
-85.656452,30.762046,0 
-85.653877,30.761309,0 
-85.637054,30.757031,0 
-85.561523,30.750098,0 
-85.548992,30.74759,0 
-85.544529,30.746704,0 
-85.496979,30.746114,0 
-85.477066,30.744786,0 
-85.465736,30.745229,0 
-85.451832,30.745082,0 
-85.415783,30.747442,0 
-85.381966,30.752901,0 
-85.370464,30.755113,0 
-85.3545,30.755851,0 
-85.338879,30.757621,0 
-85.335102,30.757621,0 
-85.323944,30.756441,0 
-85.313301,30.758064,0 
-85.284634,30.7574,0 
-85.273132,30.753269,0 
-85.230045,30.732983,0 
-85.220175,30.728704,0 
-85.185413,30.721473,0 
-85.165844,30.716898,0 
-85.16387,30.716456,0 
-85.108509,30.685459,0 
-85.106363,30.684869,0 
-85.08997,30.680661,0 
-85.086451,30.679554,0 
-85.061216,30.669662,0 
-85.037956,30.656963,0 
-85.034695,30.655191,0 
-85.026112,30.650613,0 
-85.02182,30.650318,0 
-85.016499,30.649284,0 
-85.013752,30.648989,0 
-85.006027,30.643967,0 
-84.997959,30.639832,0 
-84.989891,30.638651,0 
-84.981995,30.639389,0 
-84.965,30.641014,0 
-84.963112,30.639832,0 
-84.954872,30.636583,0 
-84.950066,30.636435,0 
-84.931698,30.636287,0 
-84.927235,30.638503,0 
-84.921055,30.639684,0 
-84.91745,30.638798,0 
-84.91127,30.636435,0 
-84.893761,30.629345,0 
-84.888439,30.628163,0 
-84.880028,30.630231,0 
-84.873161,30.631709,0 
-84.870586,30.631561,0 
-84.857712,30.628016,0 
-84.834366,30.619596,0 
-84.828701,30.618118,0 
-84.824238,30.617971,0 
-84.820118,30.612948,0 
-84.815826,30.610879,0 
-84.811707,30.60822,0 
-84.809132,30.604083,0 
-84.807072,30.600833,0 
-84.810162,30.605413,0 
-84.811535,30.608663,0 
-84.814281,30.610584,0 
-84.818573,30.611914,0 
-84.820805,30.614868,0 
-84.822865,30.618709,0 
-84.824924,30.625357,0 
-84.825783,30.630231,0 
-84.825783,30.632152,0 
-84.827843,30.635844,0 
-84.826813,30.63806,0 
-84.824238,30.639684,0 
-84.822006,30.643081,0 
-84.819088,30.645444,0 
-84.818058,30.649284,0 
-84.818573,30.653419,0 
-84.820633,30.656373,0 
-84.825096,30.658883,0 
-84.826126,30.659474,0 
-84.827843,30.662722,0 
-84.829903,30.666118,0 
-84.832306,30.668776,0 
-84.834881,30.671877,0 
-84.837799,30.675863,0 
-84.839516,30.678521,0 
-84.839516,30.68103,0 
-84.839687,30.68354,0 
-84.840717,30.685902,0 
-84.841919,30.68915,0 
-84.841747,30.690921,0 
-84.840889,30.691807,0 
-84.840546,30.694759,0 
-84.840546,30.697564,0 
-84.840546,30.698892,0 
-84.842434,30.701401,0 
-84.843292,30.705091,0 
-84.8493,30.704649,0 
-84.852905,30.704796,0 
-84.855995,30.70332,0 
-84.85754,30.701992,0 
</coordinates>
</LineString>
</Placemark>

<Placemark><name>day 67</name>
<description>Back into the Swamps</description>
<styleUrl>#linecolor</styleUrl>
<LineString>
<tessellate>1</tessellate>
<altitudeMode>clampToGround</altitudeMode>
<coordinates>
-84.79969,30.603344,0 
-84.79866,30.600094,0 
-84.803467,30.599207,0 
-84.807587,30.601276,0 
-84.810677,30.606595,0 
-84.811363,30.608959,0 
-84.81411,30.610141,0 
-84.818573,30.611027,0 
-84.820633,30.6128,0 
-84.822006,30.618414,0 
-84.8172,30.618414,0 
-84.81102,30.619891,0 
-84.80381,30.62255,0 
-84.784584,30.621959,0 
-84.779434,30.620778,0 
-84.773254,30.620187,0 
-84.761238,30.613391,0 
-84.754028,30.610732,0 
-84.747162,30.610436,0 
-84.743729,30.608663,0 
-84.736176,30.60364,0 
-84.730682,30.602458,0 
-84.727936,30.600094,0 
-84.716949,30.587682,0 
-84.706993,30.580588,0 
-84.69635,30.577041,0 
-84.648972,30.563148,0 
-84.612923,30.544817,0 
-84.606743,30.541861,0 
-84.568977,30.530919,0 
-84.537735,30.530624,0 
-84.522972,30.528554,0 
-84.504089,30.527075,0 
-84.501343,30.526779,0 
-84.465981,30.508442,0 
-84.445381,30.495426,0 
-84.439545,30.493651,0 
-84.426498,30.489805,0 
-84.411736,30.485959,0 
-84.386673,30.484776,0 
-84.377747,30.482705,0 
-84.358864,30.479154,0 
-84.331055,30.477971,0 
-84.327621,30.478562,0 
-84.302902,30.48448,0 
-84.259644,30.501047,0 
-84.253807,30.501934,0 
-84.234238,30.501638,0 
-84.205742,30.498384,0 
-84.179649,30.498089,0 
-84.175873,30.496018,0 
-84.148064,30.47945,0 
-84.143944,30.478562,0 
-84.137077,30.478266,0 
-84.064293,30.477971,0 
-84.056053,30.481225,0 
-84.020691,30.489214,0 
-83.989792,30.489805,0 
-83.952713,30.486847,0 
-83.94928,30.485072,0 
-83.940353,30.478562,0 
-83.904648,30.477971,0 
-83.898811,30.477675,0 
-83.877869,30.47294,0 
-83.823624,30.472349,0 
-83.764572,30.456665,0 
-83.739853,30.445418,0 
-83.674965,30.44453,0 
-83.669128,30.443346,0 
-83.646812,30.436242,0 
-83.597374,30.43121,0 
-83.559265,30.430026,0 
-83.552742,30.430618,0 
-83.517723,30.436242,0 
-83.512573,30.435946,0 
-83.471718,30.435058,0 
-83.464851,30.435058,0 
-83.456268,30.431802,0 
-83.449402,30.428249,0 
-83.430862,30.41315,0 
-83.370438,30.398345,0 
-83.359451,30.395976,0 
-83.352242,30.39568,0 
-83.341942,30.392423,0 
-83.316193,30.386203,0 
-83.3004,30.379688,0 
-83.294907,30.379391,0 
-83.218002,30.361619,0 
-83.185387,30.356583,0 
-83.175087,30.355101,0 
-83.115005,30.339102,0 
-83.107109,30.337028,0 
-83.102989,30.336732,0 
-83.08136,30.347991,0 
-83.075523,30.349769,0 
-83.054581,30.349769,0 
-83.035355,30.352435,0 
-82.992439,30.348287,0 
-82.985229,30.345917,0 
-82.947464,30.319841,0 
-82.919998,30.305021,0 
-82.906265,30.299093,0 
-82.878799,30.291682,0 
-82.832451,30.28516,0 
-82.826271,30.282788,0 
-82.806358,30.275969,0 
-82.754517,30.266481,0 
-82.740097,30.263219,0 
-82.692719,30.245425,0 
-82.667656,30.245425,0 
-82.64637,30.242459,0 
-82.638817,30.242163,0 
-82.636757,30.189057,0 
-82.620621,30.189354,0 
-82.611694,30.188167,0 
-82.604141,30.187277,0 
-82.599335,30.18609,0 
-82.590065,30.18698,0 
-82.581825,30.188464,0 
-82.553673,30.188167,0 
-82.539253,30.18876,0 
-82.480545,30.199443,0 
-82.457886,30.202114,0 
-82.428703,30.204339,0 
-82.41806,30.205674,0 
-82.409992,30.206713,0 
-82.411366,30.219915,0 
-82.410679,30.22303,0 
-82.413254,30.23623,0 
-82.416515,30.238158,0 
-82.418919,30.239345,0 
-82.42115,30.239641,0 
-82.42424,30.239938,0 
-82.424927,30.239938,0 
-82.427502,30.241273,0 
-82.431622,30.239641,0 
-82.432652,30.238158,0 
</coordinates>
</LineString>
</Placemark>

<Placemark><name>Day 71</name>
<description>To Orlando</description>
<styleUrl>#linecolor</styleUrl>
<LineString>
<tessellate>1</tessellate>
<altitudeMode>clampToGround</altitudeMode>
<coordinates>
-82.434025,30.23979,0 
-82.433767,30.23979,0 
-82.432909,30.239641,0 
-82.430077,30.240531,0 
-82.426987,30.241124,0 
-82.425356,30.239864,0 
-82.422094,30.240235,0 
-82.418318,30.239197,0 
-82.414541,30.237046,0 
-82.413597,30.23623,0 
-82.413168,30.235489,0 
-82.412996,30.233413,0 
-82.410679,30.222956,0 
-82.411366,30.220138,0 
-82.409906,30.206416,0 
-82.428875,30.204413,0 
-82.428703,30.195066,0 
-82.42836,30.193583,0 
-82.427502,30.192841,0 
-82.417889,30.184457,0 
-82.414541,30.180599,0 
-82.412739,30.178448,0 
-82.412653,30.177186,0 
-82.410164,30.170434,0 
-82.404156,30.159154,0 
-82.403898,30.158115,0 
-82.401066,30.147725,0 
-82.392483,30.140525,0 
-82.390509,30.138595,0 
-82.383471,30.133474,0 
-82.382526,30.132434,0 
-82.382441,30.131247,0 
-82.381668,30.120853,0 
-82.381325,30.119294,0 
-82.380981,30.117661,0 
-82.380724,30.116844,0 
-82.373857,30.101103,0 
-82.370939,30.094346,0 
-82.361498,30.083058,0 
-82.358408,30.079344,0 
-82.358408,30.07823,0 
-82.357979,30.045916,0 
-82.35755,30.02786,0 
-82.344332,30.02303,0 
-82.345104,30.021395,0 
-82.344933,30.017976,0 
-82.348194,30.017976,0 
-82.354031,30.017233,0 
-82.393513,29.981256,0 
-82.402439,29.973375,0 
-82.407932,29.966237,0 
-82.412052,29.956571,0 
-82.413425,29.954488,0 
-82.415314,29.953001,0 
-82.420635,29.951811,0 
-82.424068,29.950175,0 
-82.424755,29.947052,0 
-82.423382,29.932176,0 
-82.423725,29.928903,0 
-82.427502,29.918489,0 
-82.426472,29.916555,0 
-82.424583,29.914174,0 
-82.422867,29.910901,0 
-82.422867,29.907627,0 
-82.422523,29.892448,0 
-82.422867,29.888281,0 
-82.423553,29.885007,0 
-82.422523,29.883221,0 
-82.421322,29.881435,0 
-82.412224,29.873992,0 
-82.404842,29.853449,0 
-82.404842,29.851066,0 
-82.405186,29.840495,0 
-82.405186,29.837815,0 
-82.404327,29.835581,0 
-82.400723,29.832156,0 
-82.392139,29.826795,0 
-82.388878,29.822923,0 
-82.386303,29.812944,0 
-82.384758,29.799986,0 
-82.377892,29.786429,0 
-82.368793,29.771828,0 
-82.357635,29.758119,0 
-82.356777,29.75633,0 
-82.355576,29.751114,0 
-82.353687,29.73934,0 
-82.354031,29.719514,0 
-82.353172,29.711314,0 
-82.354717,29.708481,0 
-82.357121,29.706394,0 
-82.368107,29.701473,0 
-82.371197,29.699237,0 
-82.372398,29.696553,0 
-82.372398,29.688351,0 
-82.372398,29.654046,0 
-82.372742,29.626892,0 
-82.371197,29.603909,0 
-82.373428,29.601969,0 
-82.363644,29.591073,0 
-82.359695,29.585848,0 
-82.355747,29.578384,0 
-82.343388,29.556734,0 
-82.331028,29.542398,0 
-82.327938,29.539411,0 
-82.319355,29.533288,0 
-82.315407,29.528956,0 
-82.308712,29.521339,0 
-82.302361,29.511778,0 
-82.300644,29.510284,0 
-82.293777,29.494896,0 
-82.291718,29.490413,0 
-82.273006,29.466802,0 
-82.271633,29.463215,0 
-82.266483,29.444531,0 
-82.26202,29.427189,0 
-82.247429,29.406554,0 
-82.240562,29.397132,0 
-82.222366,29.35809,0 
-82.22065,29.352404,0 
-82.208805,29.312447,0 
-82.205887,29.30137,0 
-82.192154,29.263789,0 
-82.189922,29.257948,0 
-82.189922,29.235182,0 
-82.187004,29.229939,0 
-82.185116,29.226194,0 
-82.184429,29.221849,0 
-82.184772,29.197876,0 
-82.184601,29.130721,0 
-82.184772,29.083176,0 
-82.184772,29.078826,0 
-82.182369,29.073275,0 
-82.171898,29.05812,0 
-82.161942,29.039962,0 
-82.157307,29.025403,0 
-82.15147,29.005888,0 
-82.128124,28.9688,0 
-82.112503,28.937106,0 
-82.111988,28.93305,0 
-82.111473,28.917274,0 
-82.110786,28.913217,0 
-82.098255,28.891276,0 
-82.093105,28.881356,0 
-82.092419,28.87369,0 
-82.091732,28.861212,0 
-82.090874,28.857905,0 
-82.088127,28.854597,0 
-82.086239,28.852643,0 
-82.081776,28.848884,0 
-82.071476,28.845576,0 
-82.060146,28.842268,0 
-82.049847,28.839411,0 
-82.039719,28.833546,0 
-82.037315,28.831441,0 
-82.029247,28.827681,0 
-81.998863,28.799104,0 
-81.990967,28.791883,0 
-81.986332,28.788423,0 
-81.983242,28.786015,0 
-81.976547,28.783608,0 
-81.960068,28.77428,0 
-81.95612,28.772023,0 
-81.954231,28.770067,0 
-81.902905,28.721152,0 
-81.857414,28.67839,0 
-81.853123,28.675076,0 
-81.846085,28.671913,0 
-81.800079,28.647813,0 
-81.789951,28.64254,0 
-81.7733,28.633048,0 
-81.754074,28.624008,0 
-81.72987,28.611048,0 
-81.726608,28.608637,0 
-81.709614,28.587235,0 
-81.698799,28.574573,0 
-81.683521,28.561456,0 
-81.661549,28.553013,0 
-81.652794,28.552862,0 
-81.646099,28.551203,0 
-81.635971,28.548188,0 
-81.627216,28.548338,0 
-81.62344,28.547132,0 
-81.616058,28.545473,0 
-81.609707,28.54487,0 
-81.571426,28.54487,0 
-81.563358,28.545926,0 
-81.559753,28.546378,0 
-81.557522,28.546529,0 
-81.548939,28.546981,0 
-81.540871,28.545172,0 
-81.536407,28.542608,0 
-81.531944,28.536275,0 
-81.527996,28.533711,0 
-81.52216,28.530695,0 
-81.517181,28.527527,0 
-81.509457,28.522249,0 
-81.504993,28.518025,0 
-81.503105,28.515763,0 
-81.497955,28.513048,0 
-81.494694,28.510936,0 
-81.493149,28.510031,0 
-81.479244,28.500075,0 
-81.475468,28.498113,0 
-81.467228,28.495096,0 
-81.459503,28.489514,0 
-81.455212,28.486949,0 
-81.44989,28.479405,0 
-81.443024,28.470653,0 
-81.432724,28.461599,0 
-81.426373,28.456015,0 
-81.422424,28.452091,0 
-81.409378,28.433223,0 
-81.404743,28.433676,0 
-81.404228,28.43745,0 
-81.402855,28.443185,0 
-81.400795,28.451638,0 
-81.397362,28.461599,0 
-81.396847,28.465522,0 
-81.397018,28.472917,0 
-81.374016,28.472917,0 
-81.371999,28.472841,0 
-81.371999,28.471257,0 
-81.371655,28.471219,0 
</coordinates>
</LineString>
</Placemark>

<Placemark><name>day 75</name>
<description>Into the Magic Kingdom</description>
<styleUrl>#linecolor</styleUrl>
<LineString>
<tessellate>1</tessellate>
<altitudeMode>clampToGround</altitudeMode>
<coordinates>
-81.371355,28.471181,0 
-81.371956,28.471219,0 
-81.372042,28.472841,0 
-81.396761,28.472652,0 
-81.396589,28.466805,0 
-81.397705,28.461561,0 
-81.404142,28.438619,0 
-81.404314,28.436997,0 
-81.404657,28.434544,0 
-81.404786,28.432997,0 
-81.404657,28.414239,0 
-81.404614,28.404764,0 
-81.404486,28.395666,0 
-81.404529,28.373202,0 
-81.404443,28.353225,0 
-81.404314,28.349863,0 
-81.403799,28.346124,0 
-81.403885,28.344727,0 
-81.403756,28.336984,0 
-81.403756,28.304456,0 
-81.41603,28.304456,0 
-81.445298,28.304381,0 
-81.45225,28.304305,0 
-81.45577,28.303852,0 
-81.45946,28.304003,0 
-81.462121,28.304872,0 
-81.464138,28.307706,0 
-81.468558,28.31598,0 
-81.470532,28.319342,0 
-81.470876,28.322025,0 
-81.470704,28.325802,0 
-81.469502,28.325765,0 
-81.469588,28.32448,0 
-81.469803,28.32448,0 
-81.469846,28.324027,0 
-81.469288,28.323989,0 
-81.468773,28.323989,0 
-81.46843,28.323498,0 
-81.470661,28.323536,0 
-81.470747,28.326142,0 
-81.470833,28.326822,0 
-81.471605,28.328182,0 
-81.474566,28.331695,0 
-81.475725,28.332337,0 
-81.479115,28.333017,0 
-81.479716,28.333811,0 
-81.480017,28.337475,0 
-81.481218,28.339174,0 
-81.482291,28.340685,0 
-81.491132,28.351185,0 
-81.492248,28.352507,0 
-81.494694,28.354584,0 
-81.497226,28.357643,0 
-81.500831,28.357643,0 
-81.513534,28.358512,0 
-81.51701,28.358852,0 
-81.526494,28.362288,0 
-81.532459,28.364592,0 
-81.534262,28.365498,0 
-81.536021,28.367273,0 
-81.53718,28.369728,0 
-81.538596,28.37407,0 
-81.540012,28.377431,0 
-81.541471,28.379923,0 
-81.544905,28.382943,0 
-81.548853,28.383887,0 
-81.550441,28.383396,0 
-81.550913,28.382943,0 
-81.550441,28.382641,0 
-81.550226,28.382264,0 
-81.549497,28.381735,0 
-81.549368,28.379696,0 
-81.548638,28.379696,0 
-81.549497,28.379658,0 
-81.549497,28.381962,0 
-81.550956,28.382226,0 
-81.553144,28.381697,0 
-81.556363,28.381357,0 
-81.55911,28.379998,0 
-81.560054,28.380414,0 
-81.563787,28.379092,0 
-81.564817,28.378941,0 
-81.56589,28.379772,0 
-81.566792,28.380716,0 
-81.567779,28.384944,0 
-81.568508,28.386379,0 
-81.569152,28.387587,0 
-81.570911,28.39359,0 
-81.571512,28.394081,0 
-81.571727,28.394383,0 
-81.573744,28.39476,0 
-81.57443,28.395289,0 
-81.574774,28.396195,0 
-81.575847,28.398309,0 
-81.577177,28.40182,0 
</coordinates>
</LineString>
</Placemark>

<Placemark><name>Day 78</name>
<description>Out of Orlando</description>
<styleUrl>#linecolor</styleUrl>
<LineString>
<tessellate>1</tessellate>
<altitudeMode>clampToGround</altitudeMode>
<coordinates>
-81.469374,28.324556,0 
-81.470747,28.324858,0 
-81.470747,28.325689,0 
-81.471434,28.328182,0 
-81.472721,28.329467,0 
-81.474953,28.331809,0 
-81.475983,28.332564,0 
-81.478558,28.333244,0 
-81.479588,28.333169,0 
-81.479673,28.334906,0 
-81.480532,28.338079,0 
-81.480875,28.339363,0 
-81.481647,28.340421,0 
-81.485424,28.344651,0 
-81.491175,28.351148,0 
-81.49538,28.355302,0 
-81.498642,28.359305,0 
-81.500959,28.362326,0 
-81.501818,28.363686,0 
-81.504135,28.376449,0 
-81.504135,28.376827,0 
-81.501818,28.380527,0 
-81.49375,28.390041,0 
-81.482077,28.402575,0 
-81.475811,28.409445,0 
-81.474524,28.411181,0 
-81.474094,28.412993,0 
-81.474094,28.414578,0 
-81.474438,28.441827,0 
-81.474266,28.44545,0 
-81.474094,28.450279,0 
-81.474094,28.456769,0 
-81.472721,28.459486,0 
-81.463966,28.466428,0 
-81.460705,28.467031,0 
-81.458473,28.468691,0 
-81.455727,28.473671,0 
-81.444397,28.482875,0 
-81.439075,28.487553,0 
-81.437187,28.48891,0 
-81.420364,28.507466,0 
-81.414871,28.509126,0 
-81.408863,28.509126,0 
-81.401138,28.509427,0 
-81.398735,28.509578,0 
-81.395817,28.511087,0 
-81.391182,28.513651,0 
-81.386375,28.518025,0 
-81.386375,28.529036,0 
-81.38586,28.531599,0 
-81.382771,28.536425,0 
-81.382256,28.553164,0 
-81.322861,28.553616,0 
-81.318398,28.554068,0 
-81.313076,28.556028,0 
-81.309643,28.55829,0 
-81.306381,28.560552,0 
-81.299858,28.564924,0 
-81.294193,28.567336,0 
-81.28973,28.567939,0 
-81.285439,28.568241,0 
-81.265697,28.568693,0 
-81.259346,28.568542,0 
-81.252823,28.568542,0 
-81.24321,28.569899,0 
-81.23806,28.570351,0 
-81.234112,28.570351,0 
-81.230679,28.569447,0 
-81.221066,28.568542,0 
-81.195316,28.565527,0 
-81.19154,28.565376,0 
-81.149654,28.565678,0 
-81.145535,28.565527,0 
-81.132145,28.561607,0 
-81.100388,28.551354,0 
-81.094894,28.549545,0 
-81.093693,28.547283,0 
-81.08614,28.542307,0 
-81.08099,28.538084,0 
-81.07584,28.536425,0 
-81.071377,28.536124,0 
-81.045799,28.536425,0 
-81.0355,28.53552,0 
-81.01696,28.536576,0 
-80.992069,28.537029,0 
-80.983143,28.536878,0 
-80.979538,28.53733,0 
-80.965977,28.540045,0 
-80.951557,28.541251,0 
-80.945549,28.542156,0 
-80.938168,28.543815,0 
-80.903492,28.543965,0 
-80.899544,28.544116,0 
-80.891304,28.550148,0 
-80.886669,28.550751,0 
-80.856285,28.551053,0 
-80.85165,28.551203,0 
-80.851822,28.567185,0 
-80.850964,28.618131,0 
-80.850964,28.620843,0 
-80.853024,28.625665,0 
-80.869675,28.666115,0 
-80.874996,28.666115,0 
-80.875168,28.664985,0 
</coordinates>
</LineString>
</Placemark>

<Placemark><name>Day 79</name>
<description>Into Kennedy Space Center</description>
<styleUrl>#linecolor</styleUrl>
<LineString>
<tessellate>1</tessellate>
<altitudeMode>clampToGround</altitudeMode>
<coordinates>
-80.875254,28.66506,0 
-80.876112,28.66619,0 
-80.87388,28.666039,0 
-80.869761,28.666341,0 
-80.864525,28.666341,0 
-80.863237,28.666341,0 
-80.849762,28.664006,0 
-80.848475,28.664006,0 
-80.844955,28.665738,0 
-80.842724,28.658885,0 
-80.841866,28.657152,0 
-80.828562,28.634856,0 
-80.820408,28.621446,0 
-80.81852,28.62009,0 
-80.816717,28.619487,0 
-80.810022,28.619336,0 
-80.808735,28.619261,0 
-80.807962,28.618658,0 
-80.807705,28.617076,0 
-80.808306,28.615946,0 
-80.808477,28.61474,0 
-80.808392,28.604267,0 
-80.808392,28.601931,0 
-80.807619,28.600649,0 
-80.806761,28.598765,0 
-80.805044,28.595148,0 
-80.803843,28.592661,0 
-80.802727,28.590024,0 
-80.80204,28.587461,0 
-80.801268,28.584296,0 
-80.800838,28.582185,0 
-80.800066,28.580075,0 
-80.799294,28.57706,0 
-80.798779,28.574949,0 
-80.798092,28.572839,0 
-80.798264,28.570201,0 
-80.798264,28.566658,0 
-80.798693,28.562436,0 
-80.798693,28.559722,0 
-80.798006,28.557913,0 
-80.796804,28.555274,0 
-80.79586,28.552334,0 
-80.795774,28.550148,0 
-80.79586,28.548565,0 
-80.795431,28.546529,0 
-80.79071,28.531826,0 
-80.789595,28.530091,0 
-80.789423,28.528055,0 
-80.788393,28.527904,0 
-80.773287,28.527527,0 
-80.729342,28.526472,0 
-80.693121,28.526321,0 
-80.664282,28.526245,0 
-80.662823,28.530167,0 
-80.657759,28.551203,0 
-80.655613,28.560099,0 
-80.655527,28.579924,0 
-80.655527,28.581281,0 
-80.649433,28.582411,0 
-80.648832,28.582713,0 
-80.645828,28.586255,0 
-80.644712,28.586933,0 
-80.64188,28.587838,0 
-80.639391,28.588893,0 
-80.635271,28.590024,0 
-80.62657,28.593471,0 
-80.622826,28.594884,0 
-80.622482,28.594837,0 
-80.622042,28.594715,0 
-80.621302,28.594536,0 
-80.620937,28.594526,0 
-80.6195,28.595063,0 
-80.619049,28.595327,0 
-80.618867,28.59529,0 
-80.618513,28.595148,0 
-80.618266,28.595261,0 
-80.618255,28.595421,0 
-80.618352,28.595582,0 
-80.618395,28.595704,0 
-80.618362,28.595874,0 
</coordinates>
</LineString>
</Placemark>

<Placemark><name>Day 80</name>
<description>Into St Augustine</description>
<styleUrl>#linecolor</styleUrl>
<LineString>
<tessellate>1</tessellate>
<altitudeMode>clampToGround</altitudeMode>
<coordinates>
-80.877914,28.664081,0 
-80.875511,28.664081,0 
-80.874825,28.666039,0 
-80.952415,28.665136,0 
-80.960312,28.665136,0 
-80.962887,28.666039,0 
-80.96529,28.667094,0 
-80.969067,28.669654,0 
-80.97559,28.674549,0 
-80.988121,28.684188,0 
-81.004686,28.696837,0 
-81.020651,28.708882,0 
-81.023827,28.711291,0 
-81.025801,28.71227,0 
-81.027861,28.713173,0 
-81.037216,28.714528,0 
-81.04125,28.715055,0 
-81.057644,28.716862,0 
-81.062965,28.717464,0 
-81.069918,28.717915,0 
-81.07172,28.718292,0 
-81.081934,28.721002,0 
-81.089659,28.72326,0 
-81.105108,28.727776,0 
-81.1094,28.728905,0 
-81.111031,28.730184,0 
-81.113176,28.731539,0 
-81.114979,28.733195,0 
-81.139698,28.755395,0 
-81.165104,28.778267,0 
-81.167593,28.780223,0 
-81.170254,28.781803,0 
-81.173773,28.783383,0 
-81.177721,28.784812,0 
-81.183128,28.786617,0 
-81.184158,28.786993,0 
-81.185961,28.787219,0 
-81.212654,28.786918,0 
-81.249647,28.786768,0 
-81.264668,28.786617,0 
-81.273079,28.786768,0 
-81.273165,28.811664,0 
-81.273165,28.814446,0 
-81.27368,28.815649,0 
-81.275053,28.815875,0 
-81.276426,28.816101,0 
-81.28046,28.816251,0 
-81.282606,28.816176,0 
-81.283808,28.816176,0 
-81.286039,28.816552,0 
-81.287928,28.817229,0 
-81.29076,28.819861,0 
-81.292133,28.821214,0 
-81.294451,28.822944,0 
-81.295996,28.823696,0 
-81.297112,28.824297,0 
-81.298056,28.824598,0 
-81.302004,28.8252,0 
-81.303291,28.8252,0 
-81.305437,28.825801,0 
-81.306553,28.826102,0 
-81.307583,28.826779,0 
-81.309042,28.827832,0 
-81.3099,28.828508,0 
-81.310759,28.828734,0 
-81.311789,28.829486,0 
-81.312904,28.829937,0 
-81.314793,28.830463,0 
-81.317368,28.831366,0 
-81.318998,28.831742,0 
-81.321316,28.832569,0 
-81.322689,28.83317,0 
-81.323805,28.833997,0 
-81.324749,28.835276,0 
-81.324749,28.836178,0 
-81.324577,28.83708,0 
-81.324062,28.838283,0 
-81.323633,28.83911,0 
-81.322603,28.842193,0 
-81.322346,28.843546,0 
-81.32226,28.853695,0 
-81.321917,28.85565,0 
-81.320887,28.858506,0 
-81.31402,28.872638,0 
-81.309729,28.880529,0 
-81.308613,28.882709,0 
-81.306982,28.890149,0 
-81.306124,28.892629,0 
-81.305351,28.89586,0 
-81.305094,28.89864,0 
-81.305094,28.901571,0 
-81.304836,28.903975,0 
-81.303205,28.910136,0 
-81.299171,28.92366,0 
-81.299,28.925237,0 
-81.298914,28.943115,0 
-81.324835,28.94334,0 
-81.331787,28.94289,0 
-81.332045,28.943866,0 
-81.33213,28.944317,0 
-81.333332,28.944467,0 
-81.335907,28.943265,0 
-81.335993,28.942439,0 
-81.338224,28.942439,0 
-81.337881,28.943641,0 
-81.332045,28.944692,0 
-81.332045,28.942664,0 
-81.325092,28.943941,0 
-81.298914,28.943641,0 
-81.298742,28.948673,0 
-81.298656,28.97308,0 
-81.295996,28.97323,0 
-81.287327,28.97278,0 
-81.285439,28.972704,0 
-81.284494,28.972404,0 
-81.283894,28.971803,0 
-81.283464,28.971278,0 
-81.259432,28.956409,0 
-81.255569,28.95393,0 
-81.254711,28.952503,0 
-81.255741,28.951903,0 
-81.257286,28.951903,0 
-81.257973,28.952053,0 
-81.258316,28.953104,0 
-81.252909,28.969551,0 
-81.241493,29.005663,0 
-81.240377,29.008366,0 
-81.238489,29.010242,0 
-81.214285,29.03561,0 
-81.203814,29.046941,0 
-81.191454,29.059846,0 
-81.186047,29.065473,0 
-81.181498,29.070649,0 
-81.171198,29.081301,0 
-81.140642,29.113775,0 
-81.122704,29.132745,0 
-81.119785,29.135369,0 
-81.118326,29.136719,0 
-81.114292,29.138968,0 
-81.111374,29.140467,0 
-81.084166,29.151712,0 
-81.079359,29.15381,0 
-81.077814,29.155384,0 
-81.076698,29.157258,0 
-81.076612,29.158757,0 
-81.076698,29.159732,0 
-81.077814,29.160856,0 
-81.07893,29.162055,0 
-81.079874,29.16303,0 
-81.082706,29.168276,0 
-81.083479,29.170899,0 
-81.084337,29.172923,0 
-81.085711,29.174496,0 
-81.087255,29.17577,0 
-81.087942,29.177119,0 
-81.088886,29.179293,0 
-81.100559,29.212935,0 
-81.105108,29.225819,0 
-81.110258,29.240574,0 
-81.115837,29.257049,0 
-81.116781,29.259446,0 
-81.127682,29.29089,0 
-81.131458,29.301894,0 
-81.131458,29.30354,0 
-81.130943,29.33587,0 
-81.130857,29.346943,0 
-81.131115,29.348364,0 
-81.131458,29.349561,0 
-81.143475,29.376865,0 
-81.152229,29.397057,0 
-81.158581,29.411862,0 
-81.163902,29.424198,0 
-81.166306,29.430478,0 
-81.168795,29.436682,0 
-81.172743,29.447296,0 
-81.182184,29.472556,0 
-81.184244,29.477263,0 
-81.189051,29.48989,0 
-81.197033,29.510957,0 
-81.202955,29.526417,0 
-81.206474,29.53523,0 
-81.20759,29.537096,0 
-81.223125,29.560841,0 
-81.240292,29.586968,0 
-81.245184,29.594581,0 
-81.254539,29.611745,0 
-81.257114,29.61667,0 
-81.266127,29.633159,0 
-81.27574,29.650615,0 
-81.279087,29.656358,0 
-81.281834,29.659118,0 
-81.287498,29.662623,0 
-81.293764,29.666129,0 
-81.311445,29.676196,0 
-81.313591,29.67724,0 
-81.31711,29.680223,0 
-81.318998,29.681789,0 
-81.321316,29.684772,0 
-81.321831,29.686636,0 
-81.327925,29.701846,0 
-81.337538,29.726148,0 
-81.345778,29.746345,0 
-81.346464,29.748059,0 
-81.336336,29.752232,0 
-81.327066,29.756181,0 
-81.325693,29.75633,0 
-81.312904,29.756554,0 
-81.284151,29.757001,0 
-81.275482,29.75715,0 
-81.273251,29.757224,0 
-81.270418,29.759013,0 
-81.26338,29.763558,0 
-81.262865,29.764228,0 
-81.257029,29.769518,0 
-81.254539,29.770859,0 
-81.256599,29.776074,0 
-81.257114,29.778309,0 
-81.257114,29.779278,0 
-81.260204,29.788813,0 
-81.26235,29.795219,0 
-81.264153,29.798794,0 
-81.264496,29.800135,0 
-81.267414,29.812051,0 
-81.271706,29.825976,0 
-81.276362,29.841072,0 
-81.278121,29.850359,0 
-81.280224,29.855496,0 
-81.28134,29.858231,0 
-81.28149,29.859292,0 
-81.281941,29.859292,0 
-81.282027,29.858455,0 
-81.281683,29.857375,0 
-81.28119,29.856221,0 
-81.28119,29.855868,0 
-81.28119,29.855458,0 
-81.280031,29.855514,0 
-81.281426,29.858082,0 
-81.281469,29.860874,0 
-81.281576,29.86253,0 
-81.285031,29.874662,0 
-81.286554,29.880597,0 
-81.287155,29.88123,0 
-81.290245,29.884244,0 
-81.291511,29.888095,0 
-81.292326,29.889193,0 
-81.294923,29.890197,0 
-81.304686,29.892913,0 
-81.311445,29.892783,0 
-81.313999,29.892727,0 
-81.314621,29.894941,0 
-81.314771,29.895759,0 
-81.31475,29.89775,0 
-81.320651,29.897378,0 
-81.321037,29.896857,0 
-81.321123,29.895611,0 
-81.321208,29.894271,0 
-81.321659,29.893341,0 
-81.323333,29.892411,0 
-81.324363,29.891518,0 
-81.324642,29.890867,0 
-81.324556,29.889267,0 
-81.323891,29.88802,0 
-81.323655,29.886737,0 
-81.324363,29.884858,0 
-81.325178,29.8811,0 
-81.324856,29.879816,0 
-81.323354,29.872894,0 
-81.323118,29.867145,0 
</coordinates>
</LineString>
</Placemark>

<Placemark><name>Day 82</name>
<description>Around St Augustine</description>
<styleUrl>#linecolor</styleUrl>
<LineString>
<tessellate>1</tessellate>
<altitudeMode>clampToGround</altitudeMode>
<coordinates>
-81.281834,29.857543,0 
-81.28207,29.858808,0 
-81.281962,29.859199,0 
-81.281383,29.859199,0 
-81.281555,29.862214,0 
-81.281791,29.863274,0 
-81.285524,29.876523,0 
-81.286511,29.880504,0 
-81.286769,29.880876,0 
-81.287713,29.881583,0 
-81.289129,29.882886,0 
-81.290073,29.884114,0 
-81.290803,29.885676,0 
-81.291189,29.887611,0 
-81.291618,29.888318,0 
-81.29209,29.888913,0 
-81.293035,29.889509,0 
-81.295223,29.89029,0 
-81.299515,29.891555,0 
-81.302433,29.892336,0 
-81.303763,29.892597,0 
-81.304836,29.893043,0 
-81.310372,29.892783,0 
-81.31402,29.892764,0 
-81.314385,29.893974,0 
-81.314728,29.895164,0 
-81.314836,29.896299,0 
-81.31475,29.89775,0 
-81.314857,29.89801,0 
-81.315114,29.898103,0 
-81.316617,29.898066,0 
-81.316745,29.899387,0 
-81.314621,29.899517,0 
-81.313913,29.89855,0 
-81.313655,29.898159,0 
-81.313076,29.897675,0 
-81.312668,29.896931,0 
-81.312068,29.897564,0 
-81.312304,29.898419,0 
-81.311424,29.898457,0 
-81.311274,29.897638,0 
-81.311746,29.897638,0 
-81.311982,29.897303,0 
-81.31254,29.89682,0 
-81.312711,29.896745,0 
-81.312969,29.897099,0 
-81.313441,29.897024,0 
-81.313119,29.895759,0 
-81.312969,29.894848,0 
-81.312883,29.894234,0 
-81.31284,29.893657,0 
-81.312797,29.892671,0 
-81.313162,29.892671,0 
-81.313977,29.892616,0 
-81.314471,29.893843,0 
-81.315565,29.893601,0 
-81.316187,29.89349,0 
-81.315887,29.891853,0 
-81.3146,29.891964,0 
-81.31357,29.889267,0 
-81.312883,29.889453,0 
-81.31211,29.887723,0 
-81.311274,29.887909,0 
-81.310372,29.885435,0 
-81.309836,29.885546,0 
-81.309192,29.885639,0 
-81.309621,29.887965,0 
-81.309364,29.888095,0 
-81.309235,29.888374,0 
-81.309536,29.890123,0 
-81.310716,29.89163,0 
-81.310952,29.892113,0 
-81.311488,29.892355,0 
-81.311488,29.893034,0 
-81.31166,29.893815,0 
-81.313527,29.893555,0 
-81.313709,29.89469,0 
-81.312486,29.894932,0 
-81.311853,29.895071,0 
-81.311939,29.896243,0 
-81.312282,29.896485,0 
-81.313355,29.89801,0 
-81.314685,29.899684,0 
-81.315072,29.900094,0 
-81.319749,29.899666,0 
-81.320028,29.900763,0 
-81.320157,29.901879,0 
-81.3205,29.90307,0 
-81.321251,29.905321,0 
-81.321509,29.907627,0 
-81.319556,29.907739,0 
-81.318827,29.906771,0 
-81.316466,29.906753,0 
-81.316381,29.905711,0 
-81.318097,29.905507,0 
-81.318312,29.905321,0 
-81.321101,29.905153,0 
-81.320565,29.903553,0 
-81.320264,29.902772,0 
-81.320114,29.900652,0 
-81.319728,29.899089,0 
-81.320372,29.897899,0 
-81.321144,29.896615,0 
-81.321123,29.895313,0 
-81.321101,29.894383,0 
-81.321552,29.893471,0 
-81.323483,29.892411,0 
-81.324255,29.891723,0 
-81.324685,29.89083,0 
-81.32477,29.890067,0 
-81.32417,29.88869,0 
-81.32374,29.887165,0 
-81.323934,29.885788,0 
-81.324492,29.884821,0 
-81.325135,29.883035,0 
-81.325157,29.880486,0 
-81.323891,29.875927,0 
-81.32344,29.873304,0 
-81.323204,29.871666,0 
-81.322968,29.862716,0 
-81.322603,29.845688,0 
-81.322174,29.827912,0 
-81.322067,29.825436,0 
-81.322432,29.8235,0 
-81.323097,29.817971,0 
-81.323011,29.81596,0 
-81.321723,29.808011,0 
-81.320457,29.800358,0 
-81.317925,29.785572,0 
-81.315522,29.773001,0 
-81.3146,29.766352,0 
-81.312883,29.756554,0 
-81.312304,29.756517,0 
-81.292691,29.756815,0 
-81.285782,29.756926,0 
-81.275182,29.757075,0 
-81.273808,29.757299,0 
-81.272864,29.757634,0 
-81.271663,29.758305,0 
-81.264453,29.762775,0 
-81.263595,29.763521,0 
-81.257544,29.76922,0 
-81.256599,29.769891,0 
-81.254797,29.770561,0 
-81.254325,29.770934,0 
-81.254883,29.77194,0 
-81.255956,29.774361,0 
-81.256728,29.776857,0 
-81.257286,29.779576,0 
-81.258016,29.782071,0 
-81.259432,29.786466,0 
-81.261106,29.791532,0 
-81.262264,29.794958,0 
-81.262736,29.796113,0 
-81.263852,29.798496,0 
-81.265655,29.805236,0 
-81.266942,29.810114,0 
-81.271148,29.824077,0 
-81.273465,29.831672,0 
-81.27634,29.840904,0 
-81.276641,29.842058,0 
-81.277113,29.845669,0 
-81.278272,29.851141,0 
-81.280074,29.855533,0 
-81.281233,29.855942,0 
-81.281791,29.857431,0 
</coordinates>
</LineString>
</Placemark>

<Placemark><name>Day 83</name>
<description>Into GA</description>
<styleUrl>#linecolor</styleUrl>
<LineString>
<tessellate>1</tessellate>
<altitudeMode>clampToGround</altitudeMode>
<coordinates>
-81.281962,29.857357,0 
-81.282134,29.858771,0 
-81.282005,29.859218,0 
-81.281362,29.859218,0 
-81.281533,29.862642,0 
-81.282606,29.866214,0 
-81.283894,29.870308,0 
-81.28664,29.880653,0 
-81.287584,29.881435,0 
-81.289172,29.882997,0 
-81.290417,29.884486,0 
-81.291318,29.887462,0 
-81.291747,29.888355,0 
-81.292434,29.889025,0 
-81.295094,29.890179,0 
-81.301532,29.891927,0 
-81.30475,29.893006,0 
-81.310973,29.892857,0 
-81.311188,29.895797,0 
-81.311617,29.896094,0 
-81.312518,29.896615,0 
-81.313162,29.897806,0 
-81.31402,29.898587,0 
-81.314578,29.899443,0 
-81.3199,29.899033,0 
-81.320243,29.901526,0 
-81.3202,29.902307,0 
-81.320629,29.903572,0 
-81.321144,29.905358,0 
-81.321487,29.907441,0 
-81.322002,29.91038,0 
-81.323676,29.914025,0 
-81.32462,29.916145,0 
-81.324663,29.917075,0 
-81.325135,29.922394,0 
-81.32565,29.924924,0 
-81.32947,29.93106,0 
-81.335049,29.940358,0 
-81.350155,29.965159,0 
-81.351786,29.967613,0 
-81.355391,29.971628,0 
-81.374574,29.992965,0 
-81.403842,30.025594,0 
-81.427102,30.051228,0 
-81.44474,30.070877,0 
-81.461649,30.087736,0 
-81.469975,30.095757,0 
-81.49684,30.12219,0 
-81.538467,30.165239,0 
-81.536064,30.168876,0 
-81.516151,30.176889,0 
-81.513748,30.181044,0 
-81.513062,30.186683,0 
-81.514091,30.240976,0 
-81.516495,30.25284,0 
-81.521645,30.273004,0 
-81.521301,30.288717,0 
-81.523018,30.301464,0 
-81.524391,30.305021,0 
-81.525421,30.318062,0 
-81.529541,30.328138,0 
-81.537437,30.337028,0 
-81.548424,30.34651,0 
-81.554947,30.351546,0 
-81.55529,30.356286,0 
-81.55117,30.366359,0 
-81.552544,30.373171,0 
-81.554947,30.380576,0 
-81.56456,30.402491,0 
-81.564903,30.416999,0 
-81.56765,30.422032,0 
-81.578636,30.432394,0 
-81.589622,30.440978,0 
-81.593399,30.442754,0 
-81.609535,30.44601,0 
-81.612968,30.447194,0 
-81.624985,30.456073,0 
-81.645584,30.459624,0 
-81.648331,30.464655,0 
-81.644554,30.479746,0 
-81.641808,30.490989,0 
-81.634598,30.506075,0 
-81.634254,30.5114,0 
-81.637688,30.542452,0 
-81.646957,30.580588,0 
-81.646614,30.585908,0 
-81.644554,30.603935,0 
-81.645241,30.60689,0 
-81.675797,30.696088,0 
-81.676483,30.701992,0 
-81.669617,30.714094,0 
-81.651421,30.749803,0 
-81.650391,30.753933,0 
-81.666183,30.824422,0 
-81.67202,30.847416,0 
-81.68438,30.873351,0 
-81.68541,30.877476,0 
-81.68644,30.946108,0 
-81.684723,30.950819,0 
-81.668243,30.985556,0 
-81.665154,30.992914,0 
-81.652107,31.040286,0 
-81.650391,31.045287,0 
-81.645927,31.049993,0 
-81.605759,31.089986,0 
-81.601295,31.097042,0 
-81.597519,31.102922,0 
-81.576662,31.134958,0 
-81.573744,31.137089,0 
-81.581297,31.140175,0 
-81.58473,31.142085,0 
-81.575632,31.145904,0 
-81.575975,31.146786,0 
</coordinates>
</LineString>
</Placemark>

<Placemark><name>Day 84</name>
<description>Georgia Coastal Islands</description>
<styleUrl>#linecolor</styleUrl>
<LineString>
<tessellate>1</tessellate>
<altitudeMode>clampToGround</altitudeMode>
<coordinates>
-81.576362,31.146492,0 
-81.575568,31.145849,0 
-81.574945,31.146327,0 
-81.571126,31.150312,0 
-81.559668,31.162321,0 
-81.558423,31.163606,0 
-81.555505,31.165075,0 
-81.540914,31.171538,0 
-81.540012,31.172529,0 
-81.532674,31.184719,0 
-81.526065,31.1961,0 
-81.525078,31.197495,0 
-81.524434,31.198339,0 
-81.520743,31.202194,0 
-81.519928,31.202818,0 
-81.516623,31.203405,0 
-81.508598,31.203809,0 
-81.506581,31.203882,0 
-81.505423,31.203515,0 
-81.50156,31.203295,0 
-81.497526,31.203258,0 
-81.495852,31.202634,0 
-81.488986,31.196357,0 
-81.485381,31.195366,0 
-81.469116,31.192245,0 
-81.469846,31.186004,0 
-81.473494,31.176752,0 
-81.474438,31.172162,0 
-81.474867,31.16581,0 
-81.476541,31.162248,0 
-81.475124,31.161329,0 
-81.473966,31.161366,0 
-81.453667,31.162909,0 
-81.450663,31.163055,0 
-81.436758,31.168747,0 
-81.429591,31.171942,0 
-81.42796,31.172015,0 
-81.416717,31.169629,0 
-81.410751,31.166177,0 
-81.409292,31.16592,0 
-81.406288,31.166287,0 
-81.4044,31.16592,0 
-81.399937,31.16357,0 
-81.388736,31.15964,0 
-81.386676,31.157988,0 
-81.382513,31.15751,0 
-81.380796,31.156923,0 
-81.380281,31.156041,0 
-81.380453,31.153911,0 
-81.380925,31.149063,0 
-81.382213,31.146419,0 
-81.382942,31.144545,0 
-81.384144,31.142672,0 
-81.387534,31.139624,0 
-81.390409,31.135399,0 
-81.393843,31.136171,0 
-81.396246,31.137309,0 
-81.400194,31.145794,0 
-81.401267,31.148365,0 
-81.40646,31.154389,0 
-81.408777,31.162284,0 
-81.406589,31.165479,0 
-81.406975,31.16592,0 
-81.410322,31.165846,0 
-81.415901,31.169445,0 
-81.427917,31.171868,0 
-81.43075,31.171575,0 
-81.430879,31.171611,0 
-81.443453,31.165589,0 
-81.449633,31.163349,0 
-81.475339,31.161072,0 
-81.477227,31.160522,0 
-81.478128,31.158685,0 
-81.478729,31.156923,0 
-81.478815,31.153801,0 
-81.4783,31.152369,0 
-81.476841,31.150165,0 
-81.476669,31.148549,0 
-81.478214,31.144656,0 
-81.479158,31.141497,0 
-81.479416,31.13944,0 
-81.478643,31.13584,0 
-81.478815,31.133195,0 
-81.479244,31.130624,0 
-81.481047,31.124379,0 
-81.488085,31.110638,0 
-81.490746,31.107257,0 
-81.493406,31.105935,0 
-81.471605,31.078519,0 
-81.434698,31.048816,0 
-81.432381,31.04786,0 
-81.418304,31.047493,0 
-81.415901,31.047198,0 
-81.416159,31.046169,0 
-81.416759,31.045287,0 
-81.416759,31.043301,0 
-81.417103,31.04161,0 
-81.418219,31.040139,0 
-81.418991,31.037197,0 
-81.419334,31.035506,0 
-81.420107,31.033446,0 
-81.419592,31.029107,0 
-81.419592,31.028004,0 
-81.421909,31.025503,0 
-81.422596,31.024988,0 
-81.424227,31.02337,0 
-81.428089,31.020649,0 
-81.430235,31.020134,0 
-81.431522,31.02006,0 
-81.432638,31.019178,0 
-81.43178,31.018295,0 
-81.430578,31.017633,0 
-81.426716,31.017927,0 
-81.420794,31.023076,0 
-81.417017,31.028739,0 
-81.417017,31.029548,0 
-81.417789,31.03249,0 
-81.417446,31.033152,0 
-81.415215,31.037271,0 
-81.414099,31.04161,0 
-81.411695,31.047713,0 
-81.418219,31.04786,0 
-81.419935,31.049772,0 
-81.421137,31.053743,0 
-81.420622,31.054846,0 
-81.418304,31.057713,0 
-81.418347,31.058669,0 
-81.420493,31.062823,0 
-81.421824,31.063632,0 
-81.424484,31.065139,0 
-81.425257,31.066536,0 
-81.42663,31.073336,0 
-81.42663,31.074255,0 
-81.42045,31.086789,0 
-81.420107,31.088737,0 
-81.419721,31.089545,0 
-81.418991,31.090831,0 
-81.41809,31.092412,0 
-81.417017,31.095058,0 
-81.416073,31.096307,0 
-81.415987,31.098732,0 
-81.414785,31.101893,0 
-81.41324,31.104171,0 
-81.414013,31.1052,0 
-81.414528,31.106523,0 
-81.413069,31.107551,0 
-81.409721,31.10667,0 
-81.408348,31.10542,0 
-81.404486,31.102113,0 
-81.404228,31.101011,0 
-81.405001,31.09932,0 
-81.403627,31.090648,0 
-81.403456,31.08587,0 
-81.403885,31.084253,0 
-81.403713,31.082636,0 
-81.403198,31.081312,0 
-81.404142,31.079254,0 
-81.405001,31.071609,0 
-81.405001,31.069477,0 
-81.405087,31.068521,0 
-81.404486,31.065433,0 
-81.406717,31.058963,0 
-81.409636,31.052934,0 
-81.411524,31.048301,0 
-81.412125,31.047419,0 
-81.426373,31.047272,0 
-81.431179,31.047493,0 
-81.433239,31.047787,0 
-81.459074,31.06808,0 
-81.469717,31.076681,0 
-81.493578,31.105567,0 
-81.494436,31.105347,0 
-81.496754,31.105273,0 
-81.500359,31.105861,0 
-81.507826,31.107698,0 
-81.526365,31.112181,0 
-81.535807,31.114826,0 
-81.536665,31.115341,0 
-81.54439,31.121807,0 
-81.545849,31.122909,0 
-81.552715,31.127391,0 
-81.556749,31.129742,0 
-81.559153,31.131138,0 
-81.575375,31.138118,0 
-81.584473,31.141717,0 
-81.575975,31.145537,0 
</coordinates>
</LineString>
</Placemark>


<Placemark><name>Day 85</name>
<description>Into Savannah</description>
<styleUrl>#linecolor</styleUrl>
<LineString>
<tessellate>1</tessellate>
<altitudeMode>clampToGround</altitudeMode>
<coordinates>
-81.577177,31.146125,0 
-81.576319,31.145317,0 
-81.584387,31.141938,0 
-81.581125,31.140175,0 
-81.573486,31.137456,0 
-81.572971,31.140836,0 
-81.569195,31.146272,0 
-81.56353,31.15325,0 
-81.555977,31.162945,0 
-81.546106,31.178955,0 
-81.544819,31.180938,0 
-81.532373,31.211847,0 
-81.524906,31.218233,0 
-81.522245,31.221023,0 
-81.519241,31.224399,0 
-81.503448,31.240765,0 
-81.501732,31.2426,0 
-81.500187,31.245242,0 
-81.496067,31.257495,0 
-81.492634,31.26762,0 
-81.482763,31.296961,0 
-81.478472,31.310455,0 
-81.476583,31.315735,0 
-81.475296,31.319108,0 
-81.463366,31.343448,0 
-81.462593,31.345794,0 
-81.461735,31.349092,0 
-81.458387,31.360893,0 
-81.449547,31.393209,0 
-81.447573,31.400096,0 
-81.444483,31.410791,0 
-81.443624,31.414674,0 
-81.443024,31.421559,0 
-81.443195,31.425734,0 
-81.444912,31.44741,0 
-81.446457,31.466373,0 
-81.447058,31.473328,0 
-81.447144,31.475597,0 
-81.447229,31.479038,0 
-81.446285,31.501653,0 
-81.445856,31.51102,0 
-81.444912,31.532311,0 
-81.443968,31.548112,0 
-81.443195,31.55294,0 
-81.44105,31.559668,0 
-81.439848,31.563471,0 
-81.433496,31.575611,0 
-81.415215,31.612896,0 
-81.405516,31.632264,0 
-81.394272,31.65477,0 
-81.39307,31.657692,0 
-81.392727,31.66076,0 
-81.391783,31.679826,0 
-81.391611,31.683405,0 
-81.390839,31.700641,0 
-81.389036,31.71926,0 
-81.387835,31.729992,0 
-81.387835,31.732547,0 
-81.385345,31.743351,0 
-81.383028,31.752839,0 
-81.380711,31.764516,0 
-81.379251,31.774732,0 
-81.37805,31.780861,0 
-81.376934,31.785968,0 
-81.375303,31.790856,0 
-81.373587,31.794795,0 
-81.362343,31.815584,0 
-81.351871,31.835201,0 
-81.338739,31.859262,0 
-81.336508,31.863781,0 
-81.33256,31.871508,0 
-81.32947,31.881056,0 
-81.323462,31.897162,0 
-81.322947,31.899931,0 
-81.323462,31.904157,0 
-81.3311,31.927762,0 
-81.335993,31.943787,0 
-81.335907,31.947283,0 
-81.335392,31.95005,0 
-81.334362,31.953109,0 
-81.333075,31.955439,0 
-81.331186,31.958134,0 
-81.315651,31.972988,0 
-81.301575,31.986748,0 
-81.286039,32.002472,0 
-81.283293,32.005019,0 
-81.279259,32.009168,0 
-81.277113,32.012661,0 
-81.266985,32.032382,0 
-81.261492,32.043223,0 
-81.248016,32.069993,0 
-81.237631,32.090646,0 
-81.236687,32.092973,0 
-81.236429,32.096245,0 
-81.237717,32.110423,0 
-81.238403,32.116675,0 
-81.240892,32.141461,0 
-81.240892,32.14495,0 
-81.239777,32.148801,0 
-81.237974,32.151781,0 
-81.234198,32.155487,0 
-81.223211,32.161372,0 
-81.217804,32.164497,0 
-81.214972,32.166967,0 
-81.212225,32.170963,0 
-81.198578,32.186437,0 
-81.194544,32.191085,0 
-81.193771,32.188543,0 
-81.192398,32.185056,0 
-81.189651,32.182296,0 
-81.188278,32.180843,0 
-81.18742,32.171835,0 
-81.18639,32.167621,0 
-81.180725,32.154106,0 
-81.165276,32.157012,0 
-81.165447,32.159192,0 
-81.164246,32.161227,0 
-81.158581,32.16515,0 
-81.157379,32.16515,0 
-81.11721,32.165877,0 
-81.114979,32.166458,0 
-81.080303,32.179681,0 
-81.078415,32.180843,0 
-81.078243,32.184039,0 
-81.074467,32.199293,0 
-81.071892,32.208589,0 
-81.07275,32.216432,0 
-81.071806,32.216432,0 
-81.070175,32.213237,0 
-81.068287,32.210913,0 
-81.066055,32.208008,0 
-81.065025,32.207137,0 
-81.056099,32.201327,0 
-81.054382,32.200455,0 
-81.049061,32.199438,0 
-81.044426,32.197695,0 
-81.029835,32.195516,0 
-81.029835,32.189705,0 
-81.029148,32.189669,0 
-81.029363,32.189415,0 
-81.030092,32.189378,0 
-81.030307,32.187272,0 
-81.030221,32.186146,0 
-81.029234,32.183349,0 
-81.028161,32.180734,0 
-81.027732,32.179281,0 
-81.027904,32.177683,0 
-81.028504,32.175794,0 
-81.054726,32.153125,0 
-81.054211,32.152217,0 
-81.053696,32.150037,0 
-81.053009,32.146548,0 
-81.052494,32.143205,0 
-81.052151,32.139717,0 
-81.052837,32.136228,0 
-81.054897,32.132013,0 
-81.071033,32.118056,0 
-81.084595,32.10657,0 
-81.087856,32.10308,0 
-81.091976,32.097554,0 
-81.093693,32.095082,0 
-81.104851,32.081484,0 
-81.103392,32.080175,0 
-81.09807,32.078647,0 
-81.097212,32.078138,0 
-81.090388,32.076429,0 
-81.089916,32.075557,0 
-81.090088,32.075011,0 
-81.090517,32.075193,0 
-81.090517,32.075738,0 
-81.091247,32.075957,0 
-81.091418,32.075266,0 
-81.092577,32.075666,0 
-81.092556,32.075993,0 
-81.093585,32.076211,0 
-81.093907,32.075647,0 
-81.093349,32.075466,0 
-81.093822,32.074029,0 
-81.093392,32.073775,0 
-81.093585,32.073247,0 
-81.094465,32.073411,0 
-81.094465,32.073284,0 
-81.094122,32.07312,0 
-81.094637,32.071756,0 
-81.095152,32.071829,0 
-81.095302,32.071138,0 
-81.094637,32.07092,0 
-81.094294,32.071575,0 
-81.093671,32.071356,0 
-81.093993,32.070356,0 
-81.095066,32.070629,0 
-81.095281,32.07012,0 
-81.095688,32.068974,0 
-81.096439,32.067283,0 
-81.096675,32.066429,0 
-81.09704,32.065501,0 
-81.09719,32.064901,0 
-81.098306,32.065247,0 
-81.096354,32.070484,0 
-81.095517,32.07272,0 
-81.094508,32.072466,0 
-81.094637,32.072047,0 
-81.093457,32.071738,0 
-81.093457,32.071411,0 
-81.092727,32.071193,0 
-81.092062,32.070956,0 
-81.092277,32.070374,0 
-81.093092,32.070593,0 
-81.09277,32.071265,0 
-81.092491,32.071229,0 
-81.092041,32.072593,0 
-81.092277,32.072775,0 
-81.091933,32.073356,0 
-81.09159,32.073411,0 
-81.09129,32.07412,0 
-81.083758,32.071993,0 
-81.083157,32.071156,0 
-81.080625,32.067211,0 
-81.078887,32.064301,0 
-81.077771,32.062955,0 
-81.076441,32.062137,0 
-81.072021,32.061228,0 
-81.070282,32.060755,0 
-81.06981,32.060319,0 
-81.068716,32.056445,0 
-81.066484,32.051771,0 
-81.064897,32.049098,0 
-81.064661,32.04797,0 
-81.06391,32.047861,0 
-81.063116,32.047606,0 
-81.061506,32.047261,0 
-81.060541,32.046952,0 
-81.059918,32.046824,0 
-81.05891,32.047188,0 
-81.058202,32.047188,0 
-81.057,32.046879,0 
-81.056807,32.046879,0 
-81.051228,32.045424,0 
-81.050112,32.045351,0 
-81.046572,32.045442,0 
-81.046357,32.045242,0 
-81.046271,32.043332,0 
-81.043482,32.042968,0 
-81.04286,32.043059,0 
-81.043139,32.04406,0 
-81.043267,32.046861,0 
-81.043589,32.046988,0 
-81.045392,32.047479,0 
-81.04964,32.045569,0 
-81.050627,32.045278,0 
-81.057429,32.047079,0 
-81.058695,32.047297,0 
-81.06039,32.046842,0 
-81.064596,32.048097,0 
-81.064832,32.048407,0 
-81.068802,32.056427,0 
-81.069939,32.060228,0 
-81.071806,32.061046,0 
-81.071849,32.058955,0 
-81.072621,32.056882,0 
-81.072621,32.055754,0 
-81.072021,32.054299,0 
-81.070304,32.052317,0 
-81.068823,32.049025,0 
-81.069016,32.045915,0 
-81.070712,32.041822,0 
-81.071913,32.040258,0 
-81.075497,32.03833,0 
-81.07805,32.03693,0 
-81.080303,32.036257,0 
-81.08335,32.034947,0 
-81.084402,32.033746,0 
-81.084831,32.032455,0 
-81.084745,32.029963,0 
-81.08614,32.026433,0 
-81.088092,32.023486,0 
-81.088564,32.022122,0 
-81.088843,32.02063,0 
-81.088779,32.019757,0 
-81.088006,32.018465,0 
-81.085324,32.01559,0 
-81.083672,32.01348,0 
-81.082556,32.011151,0 
-81.081462,32.009532,0 
-81.080217,32.008167,0 
-81.078887,32.006202,0 
-81.078479,32.004783,0 
-81.078544,32.00289,0 
-81.079273,32.001052,0 
-81.080239,31.998341,0 
-81.081526,31.99663,0 
-81.082749,31.994738,0 
-81.083093,31.992681,0 
-81.083994,31.990224,0 
-81.082428,31.989951,0 
-81.076312,31.989806,0 
-81.075904,31.989278,0 
-81.074317,31.985747,0 
-81.074896,31.984947,0 
-81.075346,31.985019,0 
</coordinates>
</LineString>
</Placemark>

<Placemark><name>Day 86</name>
<description>Around Savannah</description>
<styleUrl>#linecolor</styleUrl>
<LineString>
<tessellate>1</tessellate>
<altitudeMode>clampToGround</altitudeMode>
<coordinates>
-81.028461,32.185056,0 
-81.030006,32.184475,0 
-81.03035,32.185783,0 
-81.03035,32.186509,0 
-81.029663,32.195807,0 
-81.031723,32.195807,0 
-81.038074,32.196388,0 
-81.044254,32.197695,0 
-81.050777,32.200019,0 
-81.055584,32.200891,0 
-81.059704,32.204232,0 
-81.065025,32.206846,0 
-81.069832,32.213382,0 
-81.07275,32.217884,0 
-81.073437,32.219191,0 
-81.075497,32.223984,0 
-81.096783,32.236327,0 
-81.104679,32.248958,0 
-81.105881,32.25462,0 
-81.109142,32.253894,0 
-81.119957,32.254185,0 
-81.128197,32.251717,0 
-81.133003,32.248813,0 
-81.163731,32.226743,0 
-81.168022,32.223112,0 
-81.194458,32.19232,0 
-81.206646,32.177647,0 
-81.213684,32.168493,0 
-81.219006,32.164569,0 
-81.226044,32.160064,0 
-81.235485,32.154687,0 
-81.239605,32.150037,0 
-81.240635,32.146112,0 
-81.24115,32.142043,0 
-81.236515,32.095227,0 
-81.237373,32.090574,0 
-81.27634,32.013753,0 
-81.281834,32.006766,0 
-81.28458,32.005019,0 
-81.282692,32.004437,0 
-81.268101,32.002108,0 
-81.253681,32.001089,0 
-81.249905,31.999051,0 
-81.272392,31.995265,0 
-81.29076,31.97692,0 
-81.291447,31.977066,0 
-81.291103,31.976483,0 
-81.271877,31.994683,0 
-81.249218,31.999196,0 
-81.243725,32.004291,0 
-81.237373,32.007785,0 
-81.216602,32.035875,0 
-81.213856,32.037621,0 
-81.207848,32.039221,0 
-81.16519,32.048534,0 
-81.13472,32.05559,0 
-81.124678,32.0569,0 
-81.120687,32.057482,0 
-81.119957,32.057227,0 
-81.106997,32.053844,0 
-81.106138,32.053335,0 
-81.102018,32.052499,0 
-81.101332,32.054645,0 
-81.101718,32.05479,0 
-81.102104,32.054026,0 
-81.100302,32.053444,0 
-81.091032,32.07832,0 
-81.090646,32.079302,0 
-81.096954,32.081084,0 
-81.099057,32.075702,0 
-81.098027,32.075593,0 
-81.096311,32.080138,0 
-81.084723,32.077011,0 
-81.086268,32.072793,0 
-81.094637,32.050534,0 
-81.069617,32.043878,0 
-81.064124,32.041149,0 
-81.067686,32.034819,0 
-81.068373,32.033,0 
-81.069016,32.030563,0 
-81.075068,32.019393,0 
-81.078758,32.012115,0 
-81.079016,32.010696,0 
-81.079016,32.009604,0 
-81.078458,32.008185,0 
-81.077127,32.004692,0 
-81.076999,32.003673,0 
-81.077514,32.000142,0 
-81.078329,31.996466,0 
-81.078458,31.994647,0 
-81.078072,31.993227,0 
-81.076398,31.989879,0 
-81.074381,31.985729,0 
-81.074123,31.985292,0 
-81.072836,31.984419,0 
-81.071892,31.983691,0 
-81.070561,31.982453,0 
-81.068974,31.980524,0 
-81.069274,31.980014,0 
-81.06966,31.963122,0 
</coordinates>
</LineString>
</Placemark>

<Placemark><name>Day 87</name>
<description>to Charleston</description>
<styleUrl>#linecolor</styleUrl>
<LineString>
<tessellate>1</tessellate>
<altitudeMode>clampToGround</altitudeMode>
<coordinates>
-81.292133,31.977502,0 
-81.290588,31.977066,0 
-81.273937,31.993518,0 
-81.272392,31.994829,0 
-81.270504,31.995557,0 
-81.269474,31.995848,0 
-81.253166,31.998323,0 
-81.251278,31.998468,0 
-81.248016,32.000215,0 
-81.25248,32.001089,0 
-81.254539,32.001234,0 
-81.265526,32.001962,0 
-81.281662,32.004437,0 
-81.281319,32.006911,0 
-81.279602,32.008949,0 
-81.278057,32.010987,0 
-81.270504,32.025979,0 
-81.247845,32.070211,0 
-81.237202,32.092028,0 
-81.236343,32.094791,0 
-81.236343,32.096973,0 
-81.238232,32.115876,0 
-81.240292,32.137391,0 
-81.240635,32.145676,0 
-81.239605,32.149455,0 
-81.237717,32.152798,0 
-81.232738,32.156286,0 
-81.219692,32.163116,0 
-81.215572,32.166458,0 
-81.212826,32.1698,0 
-81.169052,32.221515,0 
-81.167164,32.223984,0 
-81.162529,32.227324,0 
-81.128368,32.251862,0 
-81.121159,32.253894,0 
-81.118927,32.254039,0 
-81.107941,32.253894,0 
-81.102104,32.255346,0 
-81.097813,32.257669,0 
-81.07069,32.281763,0 
-81.068459,32.285101,0 
-81.059704,32.306577,0 
-81.058846,32.317167,0 
-81.057644,32.319924,0 
-81.037731,32.361838,0 
-81.020222,32.397356,0 
-81.010952,32.416921,0 
-81.009407,32.41895,0 
-81.001511,32.428658,0 
-80.994987,32.444016,0 
-80.991898,32.44981,0 
-80.978336,32.46444,0 
-80.977821,32.466033,0 
-80.969925,32.479067,0 
-80.970268,32.482542,0 
-80.971642,32.501076,0 
-80.971298,32.503682,0 
-80.939026,32.570541,0 
-80.936623,32.574302,0 
-80.934906,32.57546,0 
-80.929756,32.57951,0 
-80.922203,32.589924,0 
-80.919456,32.592527,0 
-80.90126,32.601205,0 
-80.897827,32.604675,0 
-80.889931,32.619714,0 
-80.881348,32.631858,0 
-80.881691,32.637062,0 
-80.886497,32.648626,0 
-80.880318,32.69111,0 
-80.878944,32.69371,0 
-80.863495,32.713933,0 
-80.839462,32.740216,0 
-80.828133,32.751189,0 
-80.814743,32.762738,0 
-80.792084,32.77977,0 
-80.778008,32.791892,0 
-80.774231,32.795933,0 
-80.767365,32.808342,0 
-80.748825,32.826519,0 
-80.725479,32.863728,0 
-80.717239,32.876416,0 
-80.713463,32.888525,0 
-80.700073,32.909856,0 
-80.698013,32.915621,0 
-80.694923,32.923114,0 
-80.688057,32.932335,0 
-80.68222,32.950199,0 
-80.677071,32.965755,0 
-80.672264,32.989948,0 
-80.665398,33.020755,0 
-80.665398,33.02536,0 
-80.669174,33.046083,0 
-80.668144,33.049825,0 
-80.652008,33.084926,0 
-80.645828,33.098445,0 
-80.639992,33.126339,0 
-80.632782,33.137551,0 
-80.625916,33.146463,0 
-80.621109,33.163421,0 
-80.607719,33.190145,0 
-80.599823,33.207095,0 
-80.597763,33.215999,0 
-80.596733,33.220882,0 
-80.589867,33.229498,0 
-80.585747,33.235242,0 
-80.583687,33.238113,0 
-80.57579,33.258212,0 
-80.568924,33.271417,0 
-80.558624,33.292369,0 
-80.557251,33.295812,0 
-80.553818,33.309873,0 
-80.552444,33.312455,0 
-80.547981,33.318193,0 
-80.544548,33.315324,0 
-80.539398,33.309586,0 
-80.527725,33.29696,0 
-80.521889,33.291508,0 
-80.519485,33.290073,0 
-80.513306,33.287203,0 
-80.501976,33.280602,0 
-80.47863,33.262231,0 
-80.471764,33.254192,0 
-80.459747,33.24041,0 
-80.456657,33.236965,0 
-80.451851,33.234093,0 
-80.426102,33.223754,0 
-80.401039,33.201062,0 
-80.382156,33.184111,0 
-80.365677,33.170606,0 
-80.350914,33.158535,0 
-80.347481,33.155373,0 
-80.27607,33.1203,0 
-80.269203,33.11685,0 
-80.230751,33.093843,0 
-80.207405,33.082337,0 
-80.16655,33.054716,0 
-80.137711,33.027663,0 
-80.129471,33.021618,0 
-80.099945,33.003481,0 
-80.094795,32.998154,0 
-80.094795,32.997938,0 
-80.097198,32.995203,0 
-80.09943,32.992755,0 
-80.100117,32.991747,0 
-80.100803,32.98966,0 
-80.092993,32.984836,0 
-80.092306,32.985844,0 
-80.091963,32.985412,0 
-80.092478,32.984692,0 
-80.087242,32.981452,0 
-80.085869,32.981092,0 
-80.07926,32.979364,0 
-80.079088,32.978356,0 
-80.078402,32.977204,0 
-80.076513,32.975908,0 
-80.07617,32.974108,0 
-80.075054,32.967123,0 
-80.074282,32.964963,0 
-80.072823,32.962658,0 
-80.068188,32.957689,0 
-80.053425,32.943933,0 
-80.05085,32.940691,0 
-80.048962,32.937234,0 
-80.044498,32.929238,0 
-80.042353,32.92578,0 
-80.032568,32.916557,0 
-80.029993,32.914252,0 
-80.025959,32.90683,0 
-80.022955,32.90193,0 
-80.020123,32.89775,0 
-80.018921,32.89566,0 
-80.018406,32.89357,0 
-80.019865,32.886002,0 
-80.019693,32.88348,0 
-80.018148,32.88074,0 
-80.013943,32.875046,0 
-80.012569,32.8731,0 
-80.01008,32.870937,0 
-80.00845,32.869711,0 
-80.005102,32.868125,0 
-79.999094,32.865746,0 
-79.997635,32.864665,0 
-79.988537,32.854788,0 
-79.987421,32.852552,0 
-79.987421,32.850606,0 
-79.987335,32.848947,0 
-79.986134,32.84664,0 
-79.984674,32.84527,0 
-79.982786,32.84426,0 
-79.980297,32.843539,0 
-79.975834,32.842457,0 
-79.971199,32.842313,0 
-79.969482,32.84188,0 
-79.968109,32.840871,0 
-79.963818,32.837914,0 
-79.962273,32.836905,0 
-79.958239,32.833803,0 
-79.956522,32.832073,0 
-79.95369,32.826447,0 
-79.95326,32.825077,0 
-79.953346,32.822985,0 
-79.954891,32.819523,0 
-79.954977,32.818369,0 
-79.954205,32.81606,0 
-79.95369,32.813391,0 
-79.952488,32.812165,0 
-79.9506,32.810795,0 
-79.949827,32.809929,0 
-79.948282,32.805023,0 
-79.947681,32.80358,0 
-79.947166,32.803364,0 
-79.944849,32.803075,0 
-79.941158,32.797087,0 
-79.940364,32.795879,0 
-79.937317,32.791369,0 
-79.932318,32.783937,0 
-79.931889,32.783378,0 
-79.931223,32.77802,0 
-79.930322,32.77037,0 
-79.931974,32.770605,0 
-79.932532,32.774556,0 
-79.93324,32.77443,0 
-79.933412,32.776252,0 
-79.934678,32.776162,0 
-79.934807,32.777551,0 
-79.932876,32.777785,0 
-79.929335,32.778363,0 
-79.928042,32.77853,0 
-79.927876,32.77788,0 
-79.926975,32.777943,0 
-79.927018,32.778728,0 
-79.925564,32.778963,0 
-79.925719,32.780284,0 
-79.927093,32.780135,0 
-79.928257,32.779937,0 
-79.931331,32.779405,0 
-79.931368,32.77945,0 
-79.931508,32.780613,0 
</coordinates>
</LineString>
</Placemark>

<Placemark><name>Day 89</name>
<description>To Ft Sumter</description>
<styleUrl>#linecolor</styleUrl>
<LineString>
<tessellate>1</tessellate>
<altitudeMode>clampToGround</altitudeMode>
<coordinates>
-80.092607,32.985844,0 
-80.092564,32.985844,0 
-80.09325,32.985016,0 
-80.088487,32.982172,0 
-80.087671,32.981704,0 
-80.076985,32.97904,0 
-80.075011,32.967123,0 
-80.073509,32.963559,0 
-80.070419,32.959814,0 
-80.063853,32.953836,0 
-80.056515,32.946814,0 
-80.052738,32.94314,0 
-80.049863,32.939215,0 
-80.04673,32.933164,0 
-80.04364,32.927761,0 
-80.039649,32.923114,0 
-80.034285,32.917926,0 
-80.030551,32.914792,0 
-80.026431,32.907623,0 
-80.020809,32.898471,0 
-80.019093,32.89584,0 
-80.01862,32.89411,0 
-80.019307,32.890038,0 
-80.019951,32.886435,0 
-80.020037,32.884633,0 
-80.019693,32.883443,0 
-80.017934,32.880488,0 
-80.015316,32.876704,0 
-80.01317,32.873748,0 
-80.011497,32.871946,0 
-80.00845,32.869856,0 
-80.006132,32.868414,0 
-80.000339,32.866359,0 
-79.998579,32.865386,0 
-79.997506,32.864521,0 
-79.990039,32.856554,0 
-79.988365,32.854824,0 
-79.987721,32.853634,0 
-79.987464,32.85212,0 
-79.987464,32.84956,0 
-79.987164,32.847793,0 
-79.986005,32.846279,0 
-79.983644,32.844512,0 
-79.980297,32.843611,0 
-79.975877,32.842493,0 
-79.970298,32.842061,0 
-79.968796,32.841556,0 
-79.966607,32.839897,0 
-79.965148,32.838635,0 
-79.96223,32.837013,0 
-79.957166,32.832794,0 
-79.953389,32.825726,0 
-79.953175,32.823634,0 
-79.954033,32.821434,0 
-79.954934,32.819451,0 
-79.954462,32.816601,0 
-79.953947,32.814437,0 
-79.953218,32.813067,0 
-79.951587,32.811588,0 
-79.950299,32.810686,0 
-79.949784,32.809749,0 
-79.948454,32.805925,0 
-79.947939,32.803869,0 
-79.946437,32.801344,0 
-79.943991,32.798927,0 
-79.942703,32.797051,0 
-79.941974,32.796907,0 
-79.941158,32.797123,0 
-79.9403,32.795789,0 
-79.934206,32.786625,0 
-79.927039,32.78998,0 
-79.925795,32.790558,0 
-79.924765,32.790846,0 
-79.924207,32.790774,0 
-79.922876,32.789042,0 
-79.919529,32.780203,0 
-79.918456,32.778291,0 
-79.906182,32.767213,0 
-79.884725,32.756747,0 
-79.876099,32.753282,0 
-79.875412,32.753571,0 
-79.875455,32.752199,0 
-79.874597,32.752163,0 
-79.874597,32.752777,0 
-79.87524,32.752813,0 
-79.875669,32.753643,0 
-79.892235,32.766924,0 
-79.9088,32.780022,0 
-79.92382,32.790846,0 
-79.924893,32.79063,0 
-79.92691,32.7898,0 
-79.926224,32.783306,0 
-79.927297,32.783125,0 
-79.927576,32.783973,0 
-79.928455,32.783865,0 
-79.927983,32.783053,0 
-79.927468,32.781827,0 
-79.927146,32.779932,0 
-79.926996,32.778128,0 
-79.927039,32.776937,0 
-79.931073,32.776432,0 
-79.931824,32.783288,0 
-79.934378,32.786679,0 
-79.929442,32.78879,0 
-79.930322,32.790305,0 
-79.932146,32.793949,0 
-79.934721,32.79918,0 
-79.935236,32.800262,0 
-79.940987,32.80423,0 
-79.943089,32.807801,0 
-79.945407,32.809424,0 
-79.948711,32.811191,0 
-79.950557,32.812418,0 
-79.951415,32.812526,0 
-79.951286,32.813932,0 
-79.9512,32.816096,0 
-79.951758,32.818621,0 
-79.952316,32.821218,0 
-79.95266,32.823634,0 
-79.952745,32.826411,0 
-79.952917,32.829476,0 
-79.953303,32.831207,0 
-79.955277,32.833731,0 
-79.957552,32.835066,0 
-79.960427,32.836616,0 
-79.962273,32.838527,0 
-79.965019,32.841664,0 
-79.96592,32.842529,0 
-79.968066,32.844332,0 
-79.968152,32.845306,0 
-79.968023,32.846964,0 
-79.97004,32.851146,0 
-79.971113,32.852624,0 
-79.976864,32.855653,0 
-79.980254,32.857383,0 
-79.984546,32.860051,0 
-79.987807,32.863944,0 
-79.990554,32.867116,0 
-79.994287,32.871694,0 
-79.995832,32.872523,0 
-79.99845,32.873244,0 
-80.001969,32.874397,0 
-80.003214,32.875334,0 
-80.005574,32.879731,0 
-80.010724,32.888525,0 
-80.013814,32.893822,0 
-80.023341,32.909856,0 
-80.033898,32.927761,0 
-80.03746,32.933812,0 
-80.03952,32.937306,0 
-80.041451,32.949407,0 
-80.04364,32.962514,0 
-80.045185,32.968095,0 
-80.045915,32.96932,0 
-80.047889,32.971228,0 
-80.051322,32.972632,0 
-80.052824,32.973064,0 
-80.059004,32.974396,0 
-80.07647,32.978932,0 
-80.086856,32.98138,0 
-80.093594,32.985232,0 
-80.092993,32.986096,0 
</coordinates>
</LineString>
</Placemark>

<Placemark><name>Day 90</name>
<description>Around Charleston</description>
<styleUrl>#linecolor</styleUrl>
<LineString>
<tessellate>1</tessellate>
<altitudeMode>clampToGround</altitudeMode>
<coordinates>
-80.092521,32.985916,0 
-80.093293,32.985124,0 
-80.088186,32.981956,0 
-80.087199,32.98156,0 
-80.077114,32.979076,0 
-80.077028,32.978644,0 
-80.075312,32.968563,0 
-80.074453,32.965287,0 
-80.07381,32.963847,0 
-80.072608,32.961902,0 
-80.071664,32.960966,0 
-80.062995,32.953008,0 
-80.053682,32.944149,0 
-80.051236,32.941232,0 
-80.049605,32.938747,0 
-80.044928,32.929526,0 
-80.043168,32.927076,0 
-80.036216,32.919656,0 
-80.03377,32.917566,0 
-80.030508,32.914756,0 
-80.028062,32.911153,0 
-80.025573,32.906073,0 
-80.021238,32.899155,0 
-80.019264,32.896092,0 
-80.018578,32.893174,0 
-80.019307,32.88957,0 
-80.019908,32.887155,0 
-80.02008,32.885606,0 
-80.019951,32.884813,0 
-80.019779,32.883912,0 
-80.019135,32.882434,0 
-80.01493,32.875875,0 
-80.011883,32.872487,0 
-80.008965,32.869928,0 
-80.005059,32.868089,0 
-79.998279,32.865314,0 
-79.997334,32.864413,0 
-79.990768,32.857275,0 
-79.988666,32.854968,0 
-79.987636,32.853093,0 
-79.982786,32.852841,0 
-79.981842,32.852661,0 
-79.980469,32.853634,0 
-79.979739,32.854896,0 
-79.978881,32.856554,0 
-79.981928,32.858321,0 
-79.976177,32.860916,0 
-79.970899,32.86261,0 
-79.969912,32.863115,0 
-79.968925,32.863259,0 
-79.968195,32.861132,0 
-79.967422,32.860051,0 
-79.963646,32.859078,0 
-79.959826,32.855004,0 
-79.95811,32.856049,0 
-79.956565,32.854391,0 
-79.958153,32.853346,0 
-79.957638,32.852805,0 
-79.958496,32.85212,0 
-79.959912,32.850425,0 
-79.961629,32.848406,0 
-79.961071,32.847325,0 
-79.959998,32.845991,0 
-79.956651,32.841448,0 
-79.956222,32.840474,0 
-79.956007,32.839789,0 
-79.955149,32.836219,0 
-79.954376,32.834453,0 
-79.952316,32.830414,0 
-79.952102,32.829368,0 
-79.952059,32.828466,0 
-79.95193,32.825654,0 
-79.951587,32.823057,0 
-79.951544,32.821867,0 
-79.951072,32.820172,0 
-79.950814,32.81891,0 
-79.950814,32.815664,0 
-79.94678,32.8157,0 
-79.946308,32.815772,0 
-79.945107,32.816024,0 
-79.943175,32.816313,0 
-79.942102,32.816601,0 
-79.942489,32.815592,0 
-79.940944,32.815844,0 
-79.940901,32.816926,0 
-79.941587,32.817142,0 
-79.942746,32.817142,0 
-79.943218,32.817287,0 
-79.944119,32.817756,0 
-79.944634,32.818369,0 
-79.945493,32.818369,0 
-79.946694,32.81808,0 
-79.946737,32.817323,0 
-79.947166,32.817178,0 
-79.946136,32.813427,0 
-79.945836,32.812345,0 
-79.945192,32.811372,0 
-79.949055,32.810109,0 
-79.947467,32.807512,0 
-79.944377,32.802282,0 
-79.939141,32.794057,0 
-79.941244,32.793155,0 
-79.942532,32.792434,0 
-79.939914,32.788609,0 
-79.941244,32.788176,0 
-79.944034,32.791965,0 
-79.947295,32.790377,0 
-79.944463,32.783594,0 
-79.944077,32.783703,0 
-79.942317,32.780744,0 
-79.941201,32.778399,0 
-79.939699,32.775945,0 
-79.939184,32.772914,0 
-79.939528,32.772229,0 
-79.937382,32.771074,0 
-79.935493,32.770677,0 
-79.93382,32.770749,0 
-79.931974,32.770605,0 
-79.928713,32.770172,0 
-79.927425,32.773095,0 
-79.927125,32.775187,0 
-79.927125,32.776919,0 
-79.929271,32.776739,0 
-79.931116,32.776595,0 
-79.930902,32.774718,0 
-79.932489,32.77461,0 
-79.932876,32.777785,0 
-79.936094,32.777569,0 
-79.936352,32.780203,0 
-79.933476,32.781466,0 
-79.933476,32.781754,0 
-79.928627,32.783919,0 
-79.929056,32.785146,0 
-79.932189,32.783991,0 
-79.934506,32.783161,0 
-79.935365,32.78428,0 
-79.936223,32.785976,0 
-79.929528,32.788862,0 
-79.932704,32.79532,0 
-79.933734,32.79752,0 
-79.934936,32.799721,0 
-79.940729,32.804049,0 
-79.940944,32.804374,0 
-79.93854,32.804771,0 
-79.933434,32.805132,0 
-79.926481,32.804446,0 
-79.906225,32.801777,0 
-79.901805,32.801055,0 
-79.899445,32.801055,0 
-79.892106,32.804085,0 
-79.889488,32.805312,0 
-79.86949,32.810867,0 
-79.864168,32.811768,0 
-79.86442,32.812575,0 
-79.865214,32.812282,0 
-79.865515,32.811795,0 
-79.866223,32.811615,0 
-79.866346,32.812048,0 
-79.866512,32.812354,0 
-79.866094,32.812932,0 
-79.866813,32.814005,0 
</coordinates>
</LineString>
</Placemark>

<Placemark><name>Day 91</name>
<description>Across South Carolina</description>
<styleUrl>#linecolor</styleUrl>
<LineString>
<tessellate>1</tessellate>
<altitudeMode>clampToGround</altitudeMode>
<coordinates>
-80.09222,32.986132,0 
-80.093336,32.985124,0 
-80.0984,32.98822,0 
-80.100803,32.989732,0 
-80.114193,32.998514,0 
-80.132132,33.010463,0 
-80.143204,33.01766,0 
-80.144663,33.01802,0 
-80.156593,33.019028,0 
-80.157108,33.019099,0 
-80.165691,33.023849,0 
-80.184402,33.03378,0 
-80.186205,33.034427,0 
-80.196934,33.033492,0 
-80.198822,33.033708,0 
-80.235214,33.05335,0 
-80.237617,33.05486,0 
-80.238733,33.056371,0 
-80.241137,33.060184,0 
-80.242167,33.061047,0 
-80.261478,33.079604,0 
-80.263195,33.081833,0 
-80.266542,33.090822,0 
-80.267487,33.092476,0 
-80.268774,33.093411,0 
-80.276413,33.096935,0 
-80.277443,33.097582,0 
-80.285683,33.103406,0 
-80.30817,33.118647,0 
-80.336237,33.137551,0 
-80.338383,33.138701,0 
-80.340872,33.139492,0 
-80.350657,33.142223,0 
-80.351772,33.142438,0 
-80.355206,33.142438,0 
-80.380783,33.135826,0 
-80.384045,33.135826,0 
-80.389366,33.136401,0 
-80.392628,33.137264,0 
-80.398121,33.14057,0 
-80.400524,33.141145,0 
-80.46524,33.156954,0 
-80.475883,33.159254,0 
-80.483093,33.161265,0 
-80.493908,33.166295,0 
-80.497513,33.167445,0 
-80.500946,33.168019,0 
-80.505238,33.168019,0 
-80.507469,33.167804,0 
-80.511074,33.167804,0 
-80.519056,33.169959,0 
-80.524035,33.17118,0 
-80.544977,33.176425,0 
-80.555191,33.179011,0 
-80.572958,33.185979,0 
-80.590296,33.193234,0 
-80.593472,33.194383,0 
-80.596132,33.194958,0 
-80.605488,33.195101,0 
-80.613899,33.195029,0 
-80.630035,33.200344,0 
-80.633726,33.201637,0 
-80.642824,33.20573,0 
-80.647802,33.207167,0 
-80.653467,33.209465,0 
-80.664024,33.213845,0 
-80.67029,33.216287,0 
-80.684109,33.220523,0 
-80.685911,33.220882,0 
-80.70179,33.222175,0 
-80.703077,33.221959,0 
-80.708227,33.221887,0 
-80.709343,33.221959,0 
-80.712605,33.222821,0 
-80.7199,33.224759,0 
-80.766592,33.237754,0 
-80.784016,33.242851,0 
-80.799379,33.247015,0 
-80.805988,33.249886,0 
-80.809164,33.251537,0 
-80.815258,33.2529,0 
-80.816374,33.249958,0 
-80.825129,33.251178,0 
-80.826674,33.251034,0 
-80.83972,33.246799,0 
-80.882549,33.232801,0 
-80.887957,33.231365,0 
-80.889244,33.231365,0 
-80.890532,33.231939,0 
-80.917139,33.242995,0 
-80.922117,33.245005,0 
-80.923834,33.245866,0 
-80.932503,33.253618,0 
-80.934563,33.255556,0 
-80.95336,33.265245,0 
-80.956879,33.267111,0 
-80.958424,33.269551,0 
-80.96014,33.272206,0 
-80.960999,33.27357,0 
-80.965719,33.277301,0 
-80.970097,33.280889,0 
-80.971298,33.281463,0 
-80.978508,33.2834,0 
-80.984259,33.284333,0 
-80.986404,33.284692,0 
-80.988636,33.284692,0 
-80.990868,33.284548,0 
-80.9937,33.284692,0 
-81.011124,33.289284,0 
-81.016016,33.290575,0 
-81.024084,33.294091,0 
-81.026058,33.294736,0 
-81.03507,33.297175,0 
-81.050091,33.301049,0 
-81.066742,33.305138,0 
-81.069145,33.305856,0 
-81.070862,33.307434,0 
-81.07172,33.307721,0 
-81.099358,33.314893,0 
-81.101074,33.315324,0 
-81.10425,33.316973,0 
-81.106052,33.317978,0 
-81.115665,33.322855,0 
-81.123476,33.325652,0 
-81.124849,33.325795,0 
-81.128368,33.325867,0 
-81.135149,33.325723,0 
-81.139441,33.32601,0 
-81.141758,33.326297,0 
-81.14459,33.326656,0 
-81.147423,33.327516,0 
-81.15283,33.33017,0 
-81.157808,33.332966,0 
-81.161585,33.334831,0 
-81.174459,33.339133,0 
-81.190338,33.343507,0 
-81.192741,33.343938,0 
-81.194887,33.343866,0 
-81.196775,33.344368,0 
-81.206818,33.346734,0 
-81.211624,33.347953,0 
-81.217117,33.348813,0 
-81.229219,33.349243,0 
-81.231194,33.348885,0 
-81.232481,33.34824,0 
-81.235657,33.345658,0 
-81.239004,33.343722,0 
-81.240463,33.343436,0 
-81.242437,33.343794,0 
-81.247587,33.345228,0 
-81.254368,33.347164,0 
-81.257629,33.348311,0 
-81.259689,33.349745,0 
-81.262608,33.35247,0 
-81.264839,33.35333,0 
-81.270504,33.353473,0 
-81.274109,33.353617,0 
-81.277199,33.353903,0 
-81.279602,33.355624,0 
-81.281319,33.356054,0 
-81.294022,33.358922,0 
-81.300888,33.360642,0 
-81.323719,33.365374,0 
-81.327496,33.366234,0 
-81.331959,33.367811,0 
-81.34449,33.371825,0 
-81.352215,33.374262,0 
-81.35479,33.374405,0 
-81.363373,33.376269,0 
-81.378307,33.380856,0 
-81.395988,33.38788,0 
-81.403198,33.392466,0 
-81.409893,33.395332,0 
-81.421394,33.401065,0 
-81.425343,33.402928,0 
-81.432381,33.403358,0 
-81.438046,33.404218,0 
-81.44062,33.405651,0 
-81.44886,33.40909,0 
-81.45504,33.412099,0 
-81.457443,33.412959,0 
-81.460876,33.413102,0 
-81.467056,33.413675,0 
-81.46946,33.414392,0 
-81.471691,33.415395,0 
-81.475468,33.417114,0 
-81.476669,33.41912,0 
-81.481133,33.428003,0 
-81.494007,33.454217,0 
-81.495209,33.455792,0 
-81.499844,33.46195,0 
-81.504993,33.468824,0 
-81.507568,33.472404,0 
-81.507568,33.474265,0 
-81.507568,33.476127,0 
-81.508427,33.478131,0 
-81.51289,33.481281,0 
-81.516495,33.484145,0 
-81.516666,33.487724,0 
-81.516838,33.489728,0 
-81.515293,33.491446,0 
-81.514091,33.494739,0 
-81.51289,33.498604,0 
-81.51186,33.500179,0 
-81.506195,33.507336,0 
-81.504993,33.509196,0 
-81.505165,33.510628,0 
-81.504822,33.516066,0 
-81.503963,33.517354,0 
-81.501217,33.520646,0 
-81.497955,33.523508,0 
-81.49641,33.524939,0 
-81.49538,33.527229,0 
-81.494007,33.533239,0 
-81.493664,33.536101,0 
-81.49229,33.540679,0 
-81.491261,33.544113,0 
-81.489887,33.548262,0 
-81.489544,33.550551,0 
</coordinates>
</LineString>
</Placemark>

<Placemark><name>Day 96</name>
<description>Into Atlanta</description>
<styleUrl>#linecolor</styleUrl>
<LineString>
<tessellate>1</tessellate>
<altitudeMode>clampToGround</altitudeMode>
<coordinates>
-81.489458,33.55048,0 
-81.49066,33.550694,0 
-81.491604,33.550837,0 
-81.495552,33.54955,0 
-81.497269,33.549335,0 
-81.508512,33.551696,0 
-81.511774,33.552912,0 
-81.518726,33.55284,0 
-81.530142,33.551481,0 
-81.538982,33.551696,0 
-81.540527,33.551195,0 
-81.54645,33.550551,0 
-81.555376,33.547761,0 
-81.55632,33.547332,0 
-81.562328,33.543827,0 
-81.564302,33.54304,0 
-81.571941,33.540035,0 
-81.575632,33.538175,0 
-81.582069,33.534455,0 
-81.587563,33.532309,0 
-81.592798,33.532309,0 
-81.602068,33.53145,0 
-81.604815,33.531307,0 
-81.614342,33.528231,0 
-81.616831,33.527658,0 
-81.620264,33.524224,0 
-81.63125,33.5268,0 
-81.634512,33.527658,0 
-81.649961,33.536101,0 
-81.6782,33.544828,0 
-81.688156,33.550837,0 
-81.722488,33.562281,0 
-81.719055,33.569719,0 
-81.720772,33.574582,0 
-81.719742,33.585737,0 
-81.720772,33.587167,0 
-81.723175,33.589455,0 
-81.726265,33.599179,0 
-81.724892,33.608329,0 
-81.728668,33.613476,0 
-81.732445,33.620623,0 
-81.734848,33.630915,0 
-81.736221,33.633202,0 
-81.740685,33.63949,0 
-81.747551,33.637775,0 
-81.76712,33.635488,0 
-81.786346,33.633773,0 
-81.816216,33.624912,0 
-81.822395,33.622624,0 
-81.840935,33.609187,0 
-81.844368,33.607185,0 
-81.854324,33.604326,0 
-81.865997,33.60118,0 
-81.886253,33.584593,0 
-81.899986,33.579159,0 
-81.913376,33.57115,0 
-81.927452,33.567431,0 
-81.938095,33.56457,0 
-81.948395,33.554843,0 
-81.953545,33.550265,0 
-81.972084,33.545973,0 
-81.982384,33.542253,0 
-81.99337,33.539678,0 
-82.002983,33.537102,0 
-82.033882,33.520217,0 
-82.042122,33.512488,0 
-82.047272,33.508481,0 
-82.059975,33.502755,0 
-82.073708,33.497316,0 
-82.084351,33.493307,0 
-82.107353,33.487294,0 
-82.138252,33.480709,0 
-82.149239,33.478131,0 
-82.20005,33.483286,0 
-82.315063,33.496743,0 
-82.383385,33.505045,0 
-82.475739,33.514206,0 
-82.55127,33.505904,0 
-82.570839,33.504759,0 
-82.576332,33.502469,0 
-82.599335,33.496743,0 
-82.619934,33.495025,0 
-82.65667,33.489012,0 
-82.712975,33.503041,0 
-82.722931,33.503614,0 
-82.765846,33.5039,0 
-82.779236,33.50161,0 
-82.813911,33.498174,0 
-82.818718,33.499892,0 
-82.877083,33.523937,0 
-82.906952,33.529948,0 
-82.932014,33.529948,0 
-82.935448,33.529662,0 
-82.950554,33.527372,0 
-82.987289,33.532237,0 
-82.992783,33.534813,0 
-83.000679,33.538533,0 
-83.030033,33.545687,0 
-83.056126,33.550122,0 
-83.057842,33.549836,0 
-83.073807,33.544828,0 
-83.078613,33.544113,0 
-83.081188,33.544113,0 
-83.086338,33.544685,0 
-83.132172,33.549407,0 
-83.168907,33.547833,0 
-83.211823,33.545401,0 
-83.213196,33.544685,0 
-83.214569,33.544828,0 
-83.241692,33.536816,0 
-83.245468,33.535814,0 
-83.2901,33.532953,0 
-83.29319,33.533382,0 
-83.328896,33.543684,0 
-83.358421,33.55141,0 
-83.371811,33.554843,0 
-83.374386,33.555129,0 
-83.379021,33.555272,0 
-83.405457,33.553698,0 
-83.438931,33.555272,0 
-83.444252,33.555558,0 
-83.472748,33.555272,0 
-83.481846,33.554843,0 
-83.486481,33.555558,0 
-83.505878,33.564284,0 
-83.535576,33.577872,0 
-83.537807,33.578444,0 
-83.540039,33.578444,0 
-83.565102,33.576585,0 
-83.570423,33.577014,0 
-83.577118,33.578158,0 
-83.610935,33.587167,0 
-83.63102,33.592887,0 
-83.658485,33.602181,0 
-83.664837,33.603325,0 
-83.675308,33.605184,0 
-83.699341,33.609616,0 
-83.709812,33.611045,0 
-83.750496,33.612475,0 
-83.785,33.610188,0 
-83.791523,33.610188,0 
-83.806629,33.611188,0 
-83.823452,33.612618,0 
-83.825684,33.613047,0 
-83.832378,33.614905,0 
-83.834953,33.615191,0 
-83.841648,33.614905,0 
-83.858471,33.615048,0 
-83.861561,33.613476,0 
-83.868599,33.60933,0 
-83.876324,33.607328,0 
-83.880444,33.608043,0 
-83.88937,33.611188,0 
-83.894348,33.612904,0 
-83.907051,33.613619,0 
-83.913059,33.614333,0 
-83.926277,33.617192,0 
-83.930225,33.619623,0 
-83.943787,33.627627,0 
-83.947392,33.628485,0 
-83.961554,33.630486,0 
-83.970652,33.631772,0 
-83.973227,33.632773,0 
-83.977776,33.635274,0 
-83.991337,33.644778,0 
-84.002151,33.652351,0 
-84.005928,33.653637,0 
-84.016056,33.656781,0 
-84.019833,33.65821,0 
-84.029102,33.664639,0 
-84.032364,33.666211,0 
-84.055538,33.674497,0 
-84.059486,33.677354,0 
-84.06189,33.680354,0 
-84.068756,33.689639,0 
-84.073048,33.692067,0 
-84.081802,33.69678,0 
-84.089355,33.700779,0 
-84.094334,33.702778,0 
-84.097424,33.702921,0 
-84.101028,33.702778,0 
-84.105663,33.702064,0 
-84.113045,33.701064,0 
-84.132271,33.703921,0 
-84.136734,33.703921,0 
-84.148579,33.703349,0 
-84.17038,33.703349,0 
-84.190464,33.702635,0 
-84.193211,33.703207,0 
-84.197502,33.70492,0 
-84.211063,33.710775,0 
-84.214668,33.711346,0 
-84.217587,33.711632,0 
-84.236984,33.714345,0 
-84.238358,33.71563,0 
-84.238701,33.718629,0 
-84.238186,33.719628,0 
-84.235783,33.722769,0 
-84.231834,33.729051,0 
-84.230804,33.731764,0 
-84.230289,33.742327,0 
-84.232006,33.753175,0 
-84.232178,33.76816,0 
-84.233551,33.771014,0 
-84.236298,33.774724,0 
-84.241104,33.778149,0 
-84.244881,33.781573,0 
-84.247971,33.792844,0 
-84.249172,33.79584,0 
-84.250889,33.811388,0 
-84.250374,33.814668,0 
-84.250717,33.816415,0 
-84.254279,33.814775,0 
-84.258614,33.812172,0 
-84.261146,33.811067,0 
-84.264107,33.810567,0 
-84.26651,33.81014,0 
-84.268484,33.809284,0 
-84.268956,33.808713,0 
-84.268098,33.806716,0 
-84.267497,33.804434,0 
</coordinates>
</LineString>
</Placemark>

<Placemark><name>day 97</name>
<description>Around Atlanta</description>
<styleUrl>#linecolor</styleUrl>
<LineString>
<tessellate>1</tessellate>
<altitudeMode>clampToGround</altitudeMode>
<coordinates>
-84.278827,33.802437,0 
-84.279642,33.801581,0 
-84.282346,33.798657,0 
-84.282088,33.79855,0 
-84.282045,33.798051,0 
-84.282818,33.795126,0 
-84.284921,33.792879,0 
-84.285264,33.792344,0 
-84.285564,33.791631,0 
-84.286122,33.790918,0 
-84.288869,33.788386,0 
-84.289985,33.786888,0 
-84.290371,33.78646,0 
-84.292002,33.785532,0 
-84.29359,33.784319,0 
-84.294662,33.782857,0 
-84.295006,33.781074,0 
-84.294834,33.779718,0 
-84.294791,33.777828,0 
-84.294877,33.775545,0 
-84.289727,33.775509,0 
-84.287968,33.775687,0 
-84.28462,33.776151,0 
-84.281702,33.776222,0 
-84.2802,33.776472,0 
-84.279556,33.774724,0 
-84.279728,33.774688,0 
-84.282217,33.774653,0 
-84.282904,33.774546,0 
-84.304919,33.766804,0 
-84.311357,33.764949,0 
-84.3117,33.765484,0 
-84.316077,33.765021,0 
-84.317966,33.764093,0 
-84.321442,33.761988,0 
-84.32333,33.760918,0 
-84.325562,33.760383,0 
-84.327664,33.760383,0 
-84.32981,33.760989,0 
-84.33363,33.762345,0 
-84.335732,33.762559,0 
-84.343457,33.761489,0 
-84.349122,33.76024,0 
-84.34938,33.759919,0 
-84.35174,33.758456,0 
-84.353929,33.756922,0 
-84.355474,33.755637,0 
-84.357448,33.754888,0 
-84.361267,33.753996,0 
-84.370966,33.751534,0 
-84.370151,33.749714,0 
-84.368134,33.747823,0 
-84.368134,33.746681,0 
-84.373412,33.746681,0 
-84.373283,33.742434,0 
-84.373713,33.741578,0 
-84.37367,33.736617,0 
-84.373369,33.736189,0 
-84.372554,33.734512,0 
-84.371867,33.734476,0 
-84.37264,33.734405,0 
-84.37294,33.734512,0 
-84.37367,33.734583,0 
-84.37367,33.730158,0 
-84.368477,33.730193,0 
-84.368134,33.746431,0 
-84.367919,33.746681,0 
-84.375687,33.746824,0 
-84.37942,33.746895,0 
-84.379463,33.743505,0 
-84.384742,33.743683,0 
-84.387102,33.743969,0 
-84.387617,33.744504,0 
-84.388261,33.745289,0 
-84.388175,33.746217,0 
-84.387231,33.746752,0 
-84.3859,33.747787,0 
-84.383883,33.748608,0 
-84.382081,33.749964,0 
-84.379463,33.752283,0 
-84.378219,33.754674,0 
-84.378476,33.758563,0 
-84.379034,33.760026,0 
-84.381351,33.761917,0 
-84.384527,33.764985,0 
-84.385772,33.765805,0 
-84.387875,33.767268,0 
-84.389334,33.768838,0 
-84.389076,33.769551,0 
-84.387445,33.769765,0 
-84.387231,33.777863,0 
-84.387274,33.78011,0 
-84.387789,33.781573,0 
-84.387746,33.786709,0 
-84.392166,33.786709,0 
-84.393668,33.786709,0 
-84.396157,33.786317,0 
-84.398046,33.786317,0 
-84.4068,33.786281,0 
-84.408045,33.78621,0 
-84.408474,33.78621,0 
-84.409719,33.78596,0 
-84.410191,33.785853,0 
-84.411778,33.785817,0 
-84.411821,33.784854,0 
-84.41195,33.784284,0 
-84.412379,33.783784,0 
-84.413238,33.783321,0 
-84.413409,33.782857,0 
-84.413495,33.782179,0 
-84.413495,33.781644,0 
-84.411907,33.779968,0 
-84.410019,33.778969,0 
-84.408946,33.778042,0 
-84.407573,33.776543,0 
-84.406457,33.774724,0 
-84.405384,33.773868,0 
-84.402723,33.77294,0 
-84.401994,33.772619,0 
-84.40002,33.770871,0 
-84.398561,33.771371,0 
-84.390922,33.771228,0 
-84.390364,33.771264,0 
-84.39045,33.769016,0 
-84.389849,33.76791,0 
-84.387531,33.766483,0 
-84.385471,33.765128,0 
-84.384527,33.764307,0 
-84.381266,33.761346,0 
-84.379892,33.759812,0 
-84.378734,33.7576,0 
-84.378734,33.755566,0 
-84.380021,33.751962,0 
-84.382381,33.750071,0 
</coordinates>
</LineString>
</Placemark>

<Placemark><name>Day 99</name>
<description>To Stone Mountain</description>
<styleUrl>#linecolor</styleUrl>
<LineString>
<tessellate>1</tessellate>
<altitudeMode>clampToGround</altitudeMode>
<coordinates>
-84.27887,33.802401,0 
-84.276295,33.804648,0 
-84.275393,33.805647,0 
-84.27402,33.806752,0 
-84.269428,33.809141,0 
-84.266081,33.810175,0 
-84.262905,33.810746,0 
-84.258657,33.812243,0 
-84.252477,33.815452,0 
-84.246984,33.81834,0 
-84.240718,33.821549,0 
-84.235826,33.823831,0 
-84.231105,33.82622,0 
-84.222307,33.830676,0 
-84.216557,33.833599,0 
-84.213767,33.834526,0 
-84.211922,33.834526,0 
-84.20218,33.834918,0 
-84.20012,33.834882,0 
-84.19703,33.834918,0 
-84.194069,33.834241,0 
-84.18437,33.831603,0 
-84.181881,33.830819,0 
-84.179392,33.829393,0 
-84.176731,33.827753,0 
-84.174113,33.82515,0 
-84.172096,33.822833,0 
-84.170465,33.821335,0 
-84.168491,33.820801,0 
-84.166131,33.820729,0 
-84.162097,33.821763,0 
-84.158149,33.823118,0 
-84.154673,33.823546,0 
-84.152784,33.823902,0 
-84.151711,33.824009,0 
-84.14845,33.824009,0 
-84.13918,33.82351,0 
-84.137292,33.823047,0 
-84.135575,33.822583,0 
-84.133902,33.822476,0 
-84.131799,33.822654,0 
-84.131713,33.822155,0 
-84.131799,33.821086,0 
-84.1324,33.82048,0 
-84.134245,33.819446,0 
-84.133945,33.819054,0 
-84.1324,33.818626,0 
-84.131241,33.817984,0 
-84.129825,33.817306,0 
-84.128623,33.81695,0 
-84.127936,33.816415,0 
-84.12755,33.815845,0 
-84.127507,33.814739,0 
-84.127936,33.814311,0 
-84.129181,33.813206,0 
-84.129524,33.812422,0 
-84.129524,33.811316,0 
-84.129138,33.810674,0 
-84.127765,33.809854,0 
-84.127078,33.809284,0 
-84.123559,33.803971,0 
-84.123473,33.802615,0 
-84.123344,33.797088,0 
-84.123645,33.796232,0 
-84.12416,33.795911,0 
-84.128623,33.795019,0 
-84.12961,33.795019,0 
-84.131284,33.795519,0 
-84.133816,33.795483,0 
-84.134288,33.795697,0 
-84.136176,33.795269,0 
-84.137206,33.795091,0 
-84.13888,33.79559,0 
-84.140425,33.795697,0 
-84.140725,33.79534,0 
-84.142699,33.79559,0 
-84.143472,33.795733,0 
-84.145403,33.795305,0 
-84.145961,33.795269,0 
-84.14742,33.796375,0 
-84.148664,33.796232,0 
-84.149179,33.796553,0 
-84.150081,33.797337,0 
-84.151111,33.797801,0 
-84.150939,33.799442,0 
-84.150167,33.799442,0 
-84.149694,33.799156,0 
-84.14845,33.799049,0 
-84.147334,33.798764,0 
-84.145875,33.798657,0 
-84.144931,33.798657,0 
-84.143214,33.799442,0 
-84.142442,33.799442,0 
-84.140983,33.798514,0 
-84.139996,33.798229,0 
-84.138494,33.798621,0 
-84.137464,33.799228,0 
-84.135532,33.798907,0 
-84.134717,33.799085,0 
-84.134738,33.799709,0 
-84.135361,33.80085,0 
-84.134696,33.802134,0 
-84.134459,33.803757,0 
-84.135017,33.804612,0 
-84.135747,33.805789,0 
-84.135661,33.806217,0 
-84.135447,33.806823,0 
-84.135618,33.80718,0 
-84.136863,33.808535,0 
-84.137979,33.811067,0 
-84.138622,33.81235,0 
-84.139438,33.813242,0 
-84.140468,33.813527,0 
-84.141541,33.813527,0 
-84.142699,33.81342,0 
-84.145918,33.814311,0 
-84.14639,33.814918,0 
-84.14669,33.817449,0 
-84.146261,33.817913,0 
-84.145017,33.818875,0 
-84.144244,33.81884,0 
-84.139266,33.818447,0 
-84.138322,33.818447,0 
-84.133215,33.819874,0 
-84.132271,33.820872,0 
-84.132314,33.8213,0 
-84.133687,33.82187,0 
-84.135704,33.822476,0 
-84.139137,33.82351,0 
-84.151068,33.824188,0 
-84.154329,33.823867,0 
-84.156303,33.823653,0 
-84.165273,33.820836,0 
-84.166946,33.820622,0 
-84.17038,33.821585,0 
-84.173813,33.825008,0 
-84.176087,33.827396,0 
-84.178576,33.829179,0 
-84.181581,33.830819,0 
-84.184327,33.831781,0 
-84.195485,33.834882,0 
-84.198103,33.835096,0 
-84.207201,33.834918,0 
-84.212952,33.834704,0 
-84.215612,33.834169,0 
-84.231062,33.826505,0 
-84.23574,33.824294,0 
-84.24664,33.818233,0 
-84.249902,33.816665,0 
-84.255695,33.81399,0 
-84.260201,33.811459,0 
-84.265265,33.810567,0 
-84.270029,33.809426,0 
-84.274535,33.80743,0 
-84.275951,33.804684,0 
-84.279256,33.802116,0 
-84.281101,33.799976,0 
-84.282303,33.79855,0 
-84.290113,33.793557,0 
-84.291573,33.793842,0 
-84.293118,33.793771,0 
-84.295177,33.793058,0 
-84.297323,33.792487,0 
-84.298353,33.791488,0 
-84.300413,33.790775,0 
-84.303846,33.79049,0 
-84.306335,33.790419,0 
-84.30685,33.790419,0 
-84.309511,33.791061,0 
-84.310541,33.791417,0 
-84.312687,33.792344,0 
-84.314146,33.792202,0 
-84.316463,33.791417,0 
-84.318867,33.789777,0 
-84.321012,33.788992,0 
-84.322021,33.788582,0 
-84.322343,33.789554,0 
-84.323137,33.789366,0 
-84.323577,33.789349,0 
-84.324178,33.789161,0 
-84.324617,33.788921,0 
-84.325325,33.788822,0 
-84.32554,33.789161,0 
-84.325508,33.789625,0 
-84.326001,33.790276,0 
-84.326259,33.790534,0 
-84.326838,33.790597,0 
-84.327536,33.79057,0 
-84.327815,33.790775,0 
-84.327911,33.79065,0 
-84.327536,33.790436,0 
-84.327396,33.790258,0 
-84.327385,33.79008,0 
-84.327482,33.790089,0 
-84.327579,33.79032,0 
-84.327986,33.790597,0 
-84.328029,33.790481,0 
-84.327965,33.79032,0 
-84.327793,33.789884,0 
-84.327064,33.789206,0 
-84.325776,33.788279,0 
-84.326162,33.788136,0 
-84.329081,33.787387,0 
-84.329767,33.787886,0 
-84.331956,33.788671,0 
-84.333887,33.789741,0 
-84.338136,33.791061,0 
-84.338908,33.789812,0 
-84.339724,33.787565,0 
-84.340367,33.786246,0 
-84.34144,33.78489,0 
-84.342642,33.783535,0 
-84.345131,33.779361,0 
-84.345903,33.778434,0 
-84.349079,33.774974,0 
-84.349079,33.773761,0 
-84.35204,33.773868,0 
-84.353843,33.773832,0 
-84.356375,33.773832,0 
-84.359035,33.773832,0 
-84.361954,33.773761,0 
-84.363155,33.773832,0 
-84.364271,33.773333,0 
-84.365344,33.773404,0 
-84.368048,33.773618,0 
-84.370108,33.773904,0 
-84.374485,33.772655,0 
-84.375815,33.772227,0 
-84.378304,33.772762,0 
-84.378734,33.772619,0 
-84.380322,33.772548,0 
-84.383283,33.772441,0 
-84.383583,33.771371,0 
-84.387488,33.771371,0 
-84.387445,33.774795,0 
-84.387231,33.777471,0 
-84.38736,33.780324,0 
-84.38766,33.781466,0 
-84.387918,33.78275,0 
-84.387789,33.790847,0 
-84.387875,33.793521,0 
-84.387746,33.795804,0 
-84.387832,33.796589,0 
-84.388347,33.797052,0 
-84.39105,33.798407,0 
-84.392338,33.799834,0 
-84.392638,33.800583,0 
-84.39281,33.802081,0 
-84.392939,33.802936,0 
-84.393239,33.803578,0 
-84.393582,33.804505,0 
-84.393883,33.806074,0 
-84.393818,33.80529,0 
-84.393883,33.80718,0 
-84.393497,33.808357,0 
-84.392509,33.810603,0 
-84.392252,33.811994,0 
-84.392424,33.812743,0 
-84.392467,33.813313,0 
-84.39178,33.814704,0 
-84.391437,33.815488,0 
-84.390621,33.815987,0 
-84.389505,33.817128,0 
-84.390578,33.815845,0 
-84.392123,33.812065,0 
-84.392853,33.809676,0 
-84.393969,33.80718,0 
-84.392166,33.799049,0 
-84.392767,33.797837,0 
-84.393368,33.796268,0 
-84.393196,33.794984,0 
-84.391651,33.791702,0 
-84.390793,33.789991,0 
-84.390879,33.787708,0 
-84.390879,33.78464,0 
-84.390879,33.781716,0 
-84.390879,33.77822,0 
-84.390364,33.775866,0 
-84.39002,33.773654,0 
-84.390278,33.770729,0 
-84.390106,33.768731,0 
-84.386244,33.765805,0 
-84.385128,33.765449,0 
-84.382467,33.763023,0 
-84.38015,33.761239,0 
-84.379034,33.759954,0 
-84.378519,33.758242,0 
-84.37809,33.755316,0 
-84.378862,33.753389,0 
-84.380236,33.751248,0 
-84.382896,33.74925,0 
-84.383926,33.747965,0 
-84.382296,33.747537,0 
-84.379721,33.747466,0 
-84.379635,33.746895,0 
-84.368219,33.746681,0 
-84.359207,33.746681,0 
-84.354572,33.74661,0 
-84.349165,33.74768,0 
-84.349165,33.76024,0 
-84.347963,33.760454,0 
-84.344788,33.761381,0 
-84.339209,33.762309,0 
-84.336119,33.762737,0 
-84.333544,33.762309,0 
-84.330711,33.761381,0 
-84.328222,33.760311,0 
-84.326248,33.76024,0 
-84.323845,33.760882,0 
-84.32024,33.762737,0 
-84.316978,33.764521,0 
-84.313545,33.765377,0 
-84.311399,33.76552,0 
-84.306078,33.767018,0 
-84.30522,33.766947,0 
-84.296551,33.769658,0 
-84.292517,33.771085,0 
-84.282646,33.774653,0 
-84.281445,33.774795,0 
-84.279642,33.774795,0 
-84.279642,33.775366,0 
-84.2805,33.77665,0 
-84.280329,33.77772,0 
-84.279642,33.778719,0 
-84.277496,33.781359,0 
-84.276209,33.784212,0 
-84.276209,33.785211,0 
-84.276638,33.786424,0 
-84.276638,33.788207,0 
-84.276037,33.791203,0 
-84.276552,33.793842,0 
-84.276981,33.795126,0 
-84.279041,33.796767,0 
-84.280758,33.800333,0 
-84.278612,33.802259,0 
</coordinates>
</LineString>
</Placemark>

<Placemark><name>Day 99</name>
<description>Out of Atlanta</description>
<styleUrl>#linecolor</styleUrl>
<LineString>
<tessellate>1</tessellate>
<altitudeMode>clampToGround</altitudeMode>
<coordinates>
-84.278827,33.802401,0 
-84.279985,33.80126,0 
-84.281015,33.799941,0 
-84.282646,33.798443,0 
-84.284492,33.796981,0 
-84.289856,33.793628,0 
-84.290457,33.793628,0 
-84.292431,33.793878,0 
-84.295006,33.793486,0 
-84.295735,33.793022,0 
-84.298568,33.791524,0 
-84.30037,33.790954,0 
-84.305348,33.790347,0 
-84.306507,33.790454,0 
-84.305906,33.791809,0 
-84.305563,33.796054,0 
-84.30582,33.797266,0 
-84.306636,33.798229,0 
-84.308438,33.799976,0 
-84.310112,33.802081,0 
-84.310627,33.803115,0 
-84.310713,33.805112,0 
-84.310369,33.806716,0 
-84.310026,33.808,0 
-84.30788,33.812707,0 
-84.308267,33.812956,0 
-84.308567,33.813349,0 
-84.311614,33.817342,0 
-84.312258,33.81777,0 
-84.313202,33.818733,0 
-84.313889,33.820159,0 
-84.314404,33.821014,0 
-84.315348,33.821941,0 
-84.316721,33.822298,0 
-84.318223,33.822868,0 
-84.32054,33.824544,0 
-84.324875,33.826612,0 
-84.328995,33.827254,0 
-84.329638,33.82761,0 
-84.328094,33.828252,0 
-84.324961,33.830034,0 
-84.323845,33.831246,0 
-84.322257,33.831995,0 
-84.321313,33.833243,0 
-84.320412,33.833813,0 
-84.318609,33.834704,0 
-84.317021,33.83556,0 
-84.315863,33.836879,0 
-84.315176,33.837485,0 
-84.314146,33.83752,0 
-84.311829,33.837556,0 
-84.306421,33.838661,0 
-84.305477,33.83859,0 
-84.30213,33.838697,0 
-84.300413,33.83916,0 
-84.297709,33.840871,0 
-84.29359,33.84301,0 
-84.29256,33.84358,0 
-84.291272,33.844115,0 
-84.290199,33.844043,0 
-84.286208,33.84554,0 
-84.284449,33.846325,0 
-84.283934,33.847144,0 
-84.28329,33.849497,0 
-84.282517,33.852704,0 
-84.281273,33.854914,0 
-84.279943,33.855841,0 
-84.278655,33.855947,0 
-84.276981,33.855484,0 
-84.274921,33.854985,0 
-84.270244,33.854878,0 
-84.268613,33.855021,0 
-84.265566,33.855841,0 
-84.264407,33.855769,0 
-84.263206,33.855128,0 
-84.262733,33.854059,0 
-84.261961,33.851671,0 
-84.26136,33.850994,0 
-84.258056,33.849425,0 
-84.256725,33.848819,0 
-84.253764,33.84693,0 
-84.248056,33.846503,0 
-84.247198,33.846538,0 
-84.247112,33.846075,0 
-84.247541,33.842938,0 
-84.248314,33.838269,0 
-84.25076,33.833563,0 
-84.252305,33.829179,0 
-84.25252,33.826362,0 
-84.252391,33.823296,0 
-84.252176,33.821014,0 
-84.251404,33.820123,0 
-84.249558,33.818697,0 
-84.246683,33.818697,0 
-84.239345,33.82212,0 
-84.230633,33.826505,0 
-84.222822,33.830462,0 
-84.217587,33.833064,0 
-84.215441,33.834027,0 
-84.213295,33.834633,0 
-84.211707,33.834633,0 
-84.202781,33.834562,0 
-84.199991,33.834419,0 
-84.200335,33.835346,0 
-84.200935,33.837449,0 
-84.20085,33.84914,0 
-84.20085,33.853667,0 
-84.200807,33.854664,0 
-84.200292,33.855591,0 
-84.199219,33.856553,0 
-84.198318,33.856874,0 
-84.194756,33.857159,0 
-84.190593,33.85748,0 
-84.189219,33.857979,0 
-84.187889,33.859262,0 
-84.18746,33.860794,0 
-84.187632,33.861899,0 
-84.188061,33.867315,0 
-84.187589,33.867315,0 
-84.184799,33.867066,0 
-84.180593,33.868135,0 
-84.177718,33.869204,0 
-84.17686,33.86981,0 
-84.172783,33.873907,0 
-84.165959,33.880071,0 
-84.161797,33.882993,0 
-84.162183,33.883456,0 
-84.163599,33.884489,0 
-84.166045,33.885772,0 
-84.165659,33.886199,0 
-84.165616,33.886556,0 
-84.165874,33.88766,0 
-84.165616,33.888301,0 
-84.165187,33.889085,0 
-84.165444,33.890474,0 
-84.165144,33.891187,0 
-84.164586,33.891721,0 
-84.163342,33.89279,0 
-84.162741,33.893467,0 
-84.16244,33.894429,0 
-84.162526,33.895675,0 
-84.161839,33.898062,0 
-84.161067,33.899665,0 
-84.160423,33.900734,0 
-84.160037,33.902443,0 
-84.15978,33.90369,0 
-84.15729,33.9054,0 
-84.156003,33.906076,0 
-84.157033,33.908107,0 
-84.15729,33.909674,0 
-84.157763,33.910137,0 
-84.159694,33.911276,0 
-84.16081,33.912559,0 
-84.161325,33.913698,0 
-84.164371,33.917544,0 
-84.165015,33.918257,0 
-84.169693,33.920999,0 
-84.172182,33.922566,0 
-84.175615,33.927729,0 
-84.173384,33.929474,0 
-84.16995,33.930898,0 
-84.166946,33.93218,0 
-84.161968,33.934174,0 
-84.159136,33.93631,0 
-84.154501,33.939942,0 
-84.152441,33.941224,0 
-84.146261,33.944143,0 
-84.13888,33.947846,0 
-84.136992,33.948842,0 
-84.129696,33.952331,0 
-84.113474,33.959878,0 
-84.109182,33.961657,0 
-84.103003,33.96422,0 
-84.098024,33.966356,0 
-84.09399,33.969274,0 
-84.091244,33.972905,0 
-84.087725,33.979738,0 
-84.085064,33.985574,0 
-84.082747,33.989986,0 
-84.081202,33.99205,0 
-84.077768,33.996462,0 
-84.074078,34.001087,0 
-84.071074,34.006139,0 
-84.067726,34.011902,0 
-84.063606,34.017167,0 
-84.061718,34.019514,0 
-84.057169,34.023,0 
-84.050045,34.028691,0 
-84.04541,34.032034,0 
-84.040003,34.036302,0 
-84.035883,34.039574,0 
-84.032793,34.041921,0 
-84.030304,34.043912,0 
-84.029102,34.046188,0 
-84.027987,34.048819,0 
-84.025669,34.052802,0 
-84.022322,34.057139,0 
-84.020433,34.059344,0 
-84.019318,34.060126,0 
-84.014854,34.063255,0 
-84.010477,34.066596,0 
-84.008503,34.068089,0 
-84.006529,34.070222,0 
-83.999577,34.078185,0 
-83.995028,34.083872,0 
-83.992538,34.088635,0 
-83.989277,34.094037,0 
-83.981209,34.107043,0 
-83.978033,34.112018,0 
-83.972626,34.117632,0 
-83.965502,34.125519,0 
-83.963442,34.127934,0 
-83.953228,34.13717,0 
-83.949881,34.140296,0 
-83.946962,34.14264,0 
-83.94207,34.146973,0 
-83.937607,34.150454,0 
-83.932028,34.154645,0 
-83.930397,34.155852,0 
-83.928251,34.159048,0 
-83.922672,34.167784,0 
-83.919582,34.172684,0 
-83.916149,34.176447,0 
-83.914003,34.179004,0 
-83.91057,34.183051,0 
-83.905678,34.188802,0 
-83.90233,34.191997,0 
-83.894348,34.199522,0 
-83.891945,34.202574,0 
-83.886366,34.209531,0 
-83.883276,34.213648,0 
-83.881645,34.215138,0 
-83.879757,34.216771,0 
-83.873749,34.219893,0 
-83.865423,34.2255,0 
-83.861217,34.22841,0 
-83.857698,34.230397,0 
-83.853235,34.230964,0 
-83.849545,34.232313,0 
-83.846455,34.234441,0 
-83.842421,34.237138,0 
-83.835812,34.245439,0 
-83.834181,34.246858,0 
-83.830233,34.249342,0 
-83.825598,34.25296,0 
-83.822165,34.257571,0 
-83.821478,34.261047,0 
-83.820791,34.26502,0 
-83.820362,34.266793,0 
-83.818817,34.268637,0 
-83.814011,34.272822,0 
-83.81135,34.276226,0 
-83.807917,34.28112,0 
-83.805771,34.285446,0 
-83.803196,34.289134,0 
-83.800621,34.290836,0 
-83.798733,34.297217,0 
-83.794785,34.302181,0 
-83.78809,34.309838,0 
-83.78809,34.313383,0 
-83.788776,34.319338,0 
-83.787403,34.322315,0 
-83.784657,34.328411,0 
-83.782082,34.331813,0 
-83.777447,34.337483,0 
-83.769379,34.34457,0 
-83.766975,34.347121,0 
-83.760281,34.348964,0 
-83.755817,34.351656,0 
-83.745689,34.360726,0 
-83.741226,34.36441,0 
-83.735046,34.367669,0 
-83.72921,34.371212,0 
-83.722172,34.376029,0 
-83.71273,34.380704,0 
-83.707066,34.385946,0 
-83.691101,34.395295,0 
-83.68166,34.400961,0 
-83.679085,34.402661,0 
-83.667927,34.409459,0 
-83.655739,34.417106,0 
-83.653507,34.419372,0 
-83.650246,34.42362,0 
-83.646469,34.426877,0 
-83.633423,34.435089,0 
-83.628616,34.439336,0 
-83.624496,34.445282,0 
-83.6166,34.449812,0 
-83.614197,34.452785,0 
-83.60836,34.457314,0 
-83.606815,34.460145,0 
-83.599262,34.468354,0 
-83.589993,34.477128,0 
-83.586559,34.481515,0 
-83.582954,34.486608,0 
-83.579521,34.490004,0 
-83.577976,34.493683,0 
-83.574371,34.497927,0 
-83.569393,34.503869,0 
-83.567333,34.505991,0 
-83.564758,34.508678,0 
-83.55978,34.511649,0 
-83.553944,34.515044,0 
-83.549652,34.517165,0 
-83.544846,34.520277,0 
-83.542271,34.522964,0 
-83.540897,34.526641,0 
-83.540726,34.534137,0 
-83.540382,34.537248,0 
-83.538494,34.541066,0 
-83.535233,34.54658,0 
-83.531113,34.553084,0 
-83.528881,34.555204,0 
-83.524075,34.560294,0 
-83.518925,34.562838,0 
-83.51429,34.563687,0 
-83.493862,34.564535,0 
-83.491287,34.564252,0 
-83.484936,34.564393,0 
-83.482018,34.564676,0 
-83.479786,34.566514,0 
-83.476181,34.569765,0 
-83.472233,34.572168,0 
-83.461933,34.57655,0 
-83.459187,34.578811,0 
-83.454552,34.584606,0 
-83.449059,34.589411,0 
-83.444767,34.591248,0 
-83.442879,34.591954,0 
-83.441849,34.593509,0 
-83.441334,34.595911,0 
-83.44305,34.599444,0 
-83.44614,34.603541,0 
-83.449059,34.608345,0 
-83.44923,34.612019,0 
-83.448544,34.615127,0 
-83.44717,34.620212,0 
-83.44717,34.624168,0 
-83.448029,34.628264,0 
-83.449745,34.634055,0 
-83.450775,34.639422,0 
-83.450775,34.642247,0 
-83.450089,34.645495,0 
-83.447685,34.649167,0 
-83.442707,34.653827,0 
-83.437729,34.658063,0 
-83.435154,34.66004,0 
-83.433609,34.662723,0 
-83.432064,34.667523,0 
-83.430176,34.672747,0 
-83.427944,34.67557,0 
-83.425884,34.677547,0 
-83.424854,34.679947,0 
-83.424511,34.685028,0 
-83.424511,34.689686,0 
-83.421936,34.693356,0 
-83.419361,34.697873,0 
-83.416271,34.69999,0 
-83.413696,34.701824,0 
-83.401852,34.71269,0 
-83.40065,34.716218,0 
-83.399277,34.718476,0 
-83.398075,34.719322,0 
-83.396187,34.720733,0 
-83.392925,34.722708,0 
-83.391209,34.72426,0 
-83.391037,34.726377,0 
-83.390694,34.728916,0 
-83.39035,34.730186,0 
-83.389149,34.731738,0 
-83.388805,34.733007,0 
-83.389492,34.734559,0 
-83.390522,34.736111,0 
-83.393269,34.737804,0 
-83.394985,34.739073,0 
-83.398247,34.740343,0 
-83.399277,34.741189,0 
-83.400478,34.742882,0 
-83.40168,34.745844,0 
-83.40168,34.746973,0 
-83.40168,34.748101,0 
-83.400307,34.749935,0 
-83.397732,34.752191,0 
-83.396358,34.754871,0 
-83.397045,34.762487,0 
-83.397388,34.766999,0 
-83.397388,34.76855,0 
-83.394985,34.771371,0 
-83.394299,34.773627,0 
-83.394642,34.775601,0 
-83.3955,34.777293,0 
-83.397217,34.777857,0 
-83.399792,34.779267,0 
-83.400993,34.781946,0 
-83.402538,34.784906,0 
-83.404255,34.786598,0 
-83.417473,34.797312,0 
-83.420219,34.799286,0 
-83.424339,34.800977,0 
-83.426056,34.803091,0 
-83.426228,34.805629,0 
-83.425198,34.809152,0 
-83.424511,34.813381,0 
-83.424168,34.817045,0 
-83.423481,34.820427,0 
-83.423653,34.823527,0 
-83.426743,34.829587,0 
-83.426399,34.8317,0 
-83.425541,34.833532,0 
-83.420734,34.838886,0 
-83.419018,34.840013,0 
-83.413353,34.844099,0 
-83.411121,34.846212,0 
-83.409405,34.851284,0 
-83.406315,34.859736,0 
-83.40477,34.863539,0 
-83.40065,34.870158,0 
-83.399963,34.872834,0 
-83.39859,34.874806,0 
-83.39756,34.876355,0 
-83.397217,34.878327,0 
-83.395329,34.885509,0 
-83.394985,34.886635,0 
-83.39344,34.888747,0 
-83.391895,34.889874,0 
-83.391724,34.891704,0 
-83.392239,34.893534,0 
-83.393269,34.895646,0 
-83.392582,34.897618,0 
-83.39138,34.902616,0 
-83.391209,34.904727,0 
-83.391123,34.905924,0 
-83.389835,34.906839,0 
-83.388462,34.907754,0 
-83.38769,34.910358,0 
-83.38932,34.910077,0 
-83.390093,34.909866,0 
-83.390779,34.909162,0 
-83.392153,34.909162,0 
-83.392239,34.90881,0 
-83.392839,34.908387,0 
-83.393011,34.909162,0 
-83.392668,34.909373,0 
-83.394127,34.909866,0 
-83.394728,34.911133,0 
-83.3955,34.912188,0 
-83.396273,34.912751,0 
-83.396788,34.913314,0 
-83.396788,34.913666,0 
-83.397388,34.914089,0 
-83.397646,34.915285,0 
-83.399277,34.915707,0 
-83.400049,34.91613,0 
-83.400736,34.915848,0 
-83.401423,34.916059,0 
-83.402452,34.915567,0 
-83.403225,34.915848,0 
-83.403826,34.915285,0 
-83.404512,34.915144,0 
-83.405027,34.915215,0 
-83.405199,34.915848,0 
-83.405628,34.915919,0 
-83.405628,34.91627,0 
-83.405542,34.916482,0 
-83.406057,34.916341,0 
-83.406229,34.91613,0 
-83.406401,34.915919,0 
-83.406916,34.916059,0 
-83.407087,34.917467,0 
-83.407774,34.917045,0 
-83.40786,34.916411,0 
-83.408117,34.915919,0 
-83.408632,34.915426,0 
-83.40889,34.914652,0 
-83.409834,34.914089,0 
-83.410349,34.913948,0 
-83.409748,34.913174,0 
-83.410091,34.91254,0 
-83.410349,34.912399,0 
-83.410606,34.911766,0 
-83.410864,34.911555,0 
-83.410864,34.911273,0 
-83.411036,34.910921,0 
-83.411207,34.910358,0 
-83.411636,34.909725,0 
-83.411636,34.909514,0 
-83.411551,34.909021,0 
-83.411207,34.908669,0 
-83.410864,34.908317,0 
-83.410692,34.907824,0 
-83.410349,34.907543,0 
-83.410521,34.907261,0 
-83.409748,34.907332,0 
-83.409748,34.90698,0 
-83.410435,34.906909,0 
-83.411465,34.906698,0 
-83.412151,34.906628,0 
-83.41258,34.906769,0 
-83.412666,34.906346,0 
-83.412066,34.906065,0 
-83.410263,34.905642,0 
-83.408976,34.905572,0 
-83.407946,34.905924,0 
-83.40889,34.90698,0 
</coordinates>
</LineString>
</Placemark>

<Placemark><name>Day 100</name>
<description>Into North Carolina</description>
<styleUrl>#linecolor</styleUrl>
<LineString>
<tessellate>1</tessellate>
<altitudeMode>clampToGround</altitudeMode>
<coordinates>
-83.410521,34.905572,0 
-83.411121,34.905713,0 
-83.412151,34.905924,0 
-83.412752,34.906065,0 
-83.412752,34.906628,0 
-83.41198,34.90698,0 
-83.41198,34.906557,0 
-83.411379,34.906557,0 
-83.410435,34.90705,0 
-83.410263,34.907402,0 
-83.410263,34.908036,0 
-83.410864,34.908036,0 
-83.410864,34.908317,0 
-83.411293,34.908669,0 
-83.411636,34.909162,0 
-83.411551,34.909936,0 
-83.41095,34.910569,0 
-83.41095,34.911203,0 
-83.410349,34.911836,0 
-83.410177,34.912822,0 
-83.410177,34.913807,0 
-83.410177,34.914159,0 
-83.408976,34.9143,0 
-83.408375,34.915004,0 
-83.408375,34.915707,0 
-83.407946,34.916411,0 
-83.407774,34.917467,0 
-83.407087,34.917256,0 
-83.406487,34.916024,0 
-83.406229,34.91627,0 
-83.405671,34.916411,0 
-83.405199,34.915778,0 
-83.40477,34.915144,0 
-83.403912,34.915074,0 
-83.403053,34.915743,0 
-83.402195,34.915602,0 
-83.401165,34.91613,0 
-83.400521,34.915707,0 
-83.399835,34.916094,0 
-83.399019,34.915602,0 
-83.398118,34.915426,0 
-83.397689,34.915109,0 
-83.397474,34.9143,0 
-83.397388,34.913913,0 
-83.396788,34.913596,0 
-83.39653,34.913138,0 
-83.395414,34.912153,0 
-83.394728,34.910957,0 
-83.394084,34.909725,0 
-83.393784,34.909654,0 
-83.392882,34.909408,0 
-83.392882,34.908704,0 
-83.392625,34.908493,0 
-83.391852,34.909127,0 
-83.391123,34.909091,0 
-83.390737,34.908951,0 
-83.39005,34.909725,0 
-83.389149,34.910042,0 
-83.387733,34.910077,0 
-83.387303,34.912223,0 
-83.386488,34.915391,0 
-83.386102,34.916094,0 
-83.385673,34.91796,0 
-83.385501,34.919226,0 
-83.385458,34.920915,0 
-83.386917,34.924821,0 
-83.388462,34.929149,0 
-83.389063,34.930908,0 
-83.389063,34.93309,0 
-83.389149,34.93513,0 
-83.389149,34.935482,0 
-83.387861,34.940829,0 
-83.387775,34.942377,0 
-83.38726,34.946669,0 
-83.387175,34.948217,0 
-83.386145,34.95497,0 
-83.38623,34.956096,0 
-83.387003,34.959402,0 
-83.388548,34.963341,0 
-83.388891,34.965451,0 
-83.388376,34.967913,0 
-83.387604,34.969742,0 
-83.385544,34.971782,0 
-83.384428,34.973399,0 
-83.383656,34.97572,0 
-83.383656,34.9779,0 
-83.384514,34.98423,0 
-83.384514,34.986199,0 
-83.384256,34.987886,0 
-83.383741,34.989011,0 
-83.382626,34.992246,0 
-83.381681,34.995129,0 
-83.381681,34.996957,0 
-83.382368,34.999488,0 
-83.383398,35.004902,0 
-83.383913,35.007573,0 
-83.384256,35.008628,0 
-83.385286,35.009331,0 
-83.386831,35.011369,0 
-83.387432,35.012986,0 
-83.387346,35.014392,0 
-83.38563,35.016642,0 
-83.383913,35.018329,0 
-83.382196,35.020508,0 
-83.382111,35.021562,0 
-83.382025,35.022476,0 
-83.384256,35.0359,0 
-83.384771,35.0411,0 
-83.385029,35.0463,0 
-83.385372,35.053186,0 
-83.386059,35.057191,0 
-83.38666,35.059229,0 
-83.38829,35.06232,0 
-83.388634,35.066746,0 
-83.388462,35.06787,0 
-83.38769,35.069556,0 
-83.38623,35.073068,0 
-83.385115,35.077423,0 
-83.384686,35.080163,0 
-83.383999,35.084166,0 
-83.383226,35.090698,0 
-83.383484,35.092173,0 
-83.384085,35.095895,0 
-83.386059,35.104111,0 
-83.390179,35.113871,0 
-83.392754,35.121453,0 
-83.398075,35.137177,0 
-83.398247,35.139985,0 
-83.397388,35.14195,0 
-83.391724,35.153881,0 
-83.391724,35.157109,0 
-83.391724,35.162582,0 
-83.390522,35.169178,0 
-83.388977,35.171002,0 
-83.387604,35.172545,0 
-83.38623,35.174229,0 
-83.384171,35.17465,0 
-83.383312,35.176474,0 
-83.384171,35.181104,0 
-83.383141,35.181806,0 
-83.384857,35.184331,0 
-83.386059,35.185454,0 
-83.388977,35.186857,0 
-83.390179,35.187418,0 
-83.39035,35.190224,0 
-83.391037,35.191346,0 
-83.393097,35.192468,0 
-83.391895,35.197098,0 
-83.390522,35.198781,0 
-83.39035,35.199903,0 
-83.391724,35.201025,0 
-83.392067,35.202288,0 
-83.39859,35.206075,0 
-83.399792,35.207337,0 
-83.399792,35.216033,0 
-83.399105,35.216734,0 
-83.396873,35.218838,0 
-83.396873,35.22024,0 
-83.397903,35.222764,0 
-83.397217,35.228934,0 
-83.395844,35.234403,0 
-83.395844,35.235244,0 
-83.394127,35.23945,0 
-83.394299,35.241273,0 
-83.394985,35.242535,0 
-83.394814,35.24618,0 
-83.39653,35.248423,0 
-83.397903,35.248423,0 
-83.399105,35.248423,0 
-83.400478,35.248423,0 
-83.401508,35.248423,0 
-83.402023,35.249685,0 
-83.40271,35.250806,0 
-83.404255,35.250946,0 
-83.405113,35.251647,0 
-83.405113,35.252488,0 
-83.40477,35.25347,0 
-83.405628,35.255292,0 
-83.407345,35.255572,0 
-83.407345,35.258236,0 
-83.407688,35.259357,0 
-83.409405,35.26202,0 
-83.411636,35.26216,0 
-83.412495,35.2616,0 
-83.414211,35.26202,0 
-83.415413,35.263422,0 
-83.415413,35.266085,0 
-83.416615,35.267907,0 
-83.417988,35.267907,0 
-83.419704,35.267907,0 
-83.420906,35.267206,0 
-83.421593,35.266505,0 
-83.422279,35.266645,0 
-83.423824,35.267066,0 
-83.424683,35.267066,0 
-83.425884,35.266645,0 
-83.427601,35.267066,0 
-83.427944,35.269869,0 
-83.428802,35.271551,0 
-83.430691,35.272392,0 
-83.433781,35.272392,0 
-83.434811,35.272392,0 
-83.437386,35.272392,0 
-83.438931,35.272392,0 
-83.43996,35.272952,0 
-83.440132,35.274634,0 
-83.442364,35.276175,0 
-83.44305,35.278698,0 
-83.446484,35.279259,0 
-83.448715,35.279118,0 
-83.450089,35.279819,0 
-83.45232,35.278978,0 
-83.453522,35.279679,0 
-83.453522,35.281921,0 
-83.454208,35.281781,0 
-83.455925,35.282201,0 
-83.457985,35.282482,0 
-83.4585,35.284724,0 
-83.459873,35.284583,0 
-83.461418,35.285284,0 
-83.462963,35.285424,0 
-83.463993,35.285424,0 
-83.465538,35.284023,0 
-83.466911,35.283883,0 
-83.469315,35.283883,0 
-83.471889,35.286265,0 
-83.473091,35.286545,0 
-83.475838,35.287106,0 
-83.477898,35.288227,0 
-83.479786,35.288927,0 
-83.482533,35.289208,0 
-83.484764,35.290188,0 
-83.486652,35.291309,0 
-83.487511,35.29229,0 
-83.488369,35.293131,0 
-83.488541,35.295653,0 
-83.490429,35.296353,0 
-83.491287,35.297054,0 
-83.492146,35.298455,0 
-83.490944,35.299435,0 
-83.490257,35.301117,0 
-83.490429,35.301957,0 
-83.491974,35.301957,0 
-83.491974,35.303078,0 
-83.492661,35.303498,0 
-83.493862,35.304059,0 
-83.494034,35.305039,0 
-83.49472,35.304059,0 
-83.495407,35.305039,0 
-83.495579,35.30546,0 
-83.49678,35.305179,0 
-83.49884,35.30616,0 
-83.49987,35.307141,0 
-83.501415,35.307141,0 
-83.50296,35.307281,0 
-83.503647,35.307141,0 
-83.504162,35.308541,0 
-83.504677,35.309242,0 
-83.505707,35.310082,0 
-83.50605,35.310643,0 
-83.505535,35.311343,0 
-83.506737,35.311623,0 
-83.50605,35.312464,0 
-83.504333,35.312324,0 
-83.504677,35.313304,0 
-83.503647,35.313724,0 
-83.503647,35.314565,0 
-83.502789,35.314565,0 
-83.501759,35.316386,0 
-83.50296,35.316946,0 
-83.50399,35.317226,0 
-83.506737,35.318627,0 
-83.508282,35.320168,0 
-83.508282,35.321848,0 
-83.508797,35.322549,0 
-83.508625,35.322969,0 
-83.507767,35.323669,0 
-83.507595,35.324369,0 
-83.507938,35.32493,0 
-83.509827,35.32507,0 
-83.509655,35.32633,0 
-83.508797,35.327031,0 
-83.507252,35.327731,0 
-83.506565,35.328571,0 
-83.50605,35.329411,0 
-83.505192,35.329411,0 
-83.505707,35.330812,0 
-83.505192,35.331652,0 
-83.50399,35.332352,0 
-83.503304,35.332632,0 
-83.503647,35.333753,0 
-83.504162,35.334173,0 
-83.50502,35.334873,0 
-83.504162,35.335433,0 
-83.504333,35.335853,0 
-83.503475,35.336414,0 
-83.503475,35.338094,0 
-83.501759,35.338234,0 
-83.501587,35.339634,0 
-83.499355,35.339634,0 
-83.499355,35.340334,0 
-83.499527,35.340895,0 
-83.500214,35.341595,0 
-83.500214,35.342715,0 
-83.5009,35.343555,0 
-83.500042,35.344255,0 
-83.49884,35.346075,0 
-83.498669,35.347196,0 
-83.498154,35.348736,0 
-83.49884,35.349436,0 
-83.49884,35.351956,0 
-83.499012,35.353216,0 
-83.499012,35.354616,0 
-83.496437,35.355876,0 
-83.497467,35.356996,0 
-83.49678,35.357276,0 
-83.496094,35.357556,0 
-83.496094,35.357976,0 
-83.496094,35.359376,0 
-83.496094,35.360076,0 
-83.496094,35.360776,0 
-83.49781,35.362456,0 
-83.498497,35.363436,0 
-83.498669,35.363856,0 
-83.498669,35.365116,0 
-83.499699,35.365396,0 
-83.501072,35.365256,0 
-83.501759,35.364696,0 
-83.503132,35.364976,0 
-83.503647,35.365256,0 
-83.503819,35.372675,0 
-83.502102,35.374494,0 
-83.500214,35.377434,0 
-83.497295,35.380793,0 
-83.495407,35.383172,0 
-83.492146,35.385271,0 
-83.488369,35.386251,0 
-83.484764,35.386951,0 
-83.483391,35.38821,0 
-83.482189,35.38961,0 
-83.480988,35.390729,0 
-83.477898,35.392129,0 
-83.475323,35.393948,0 
-83.473606,35.397026,0 
-83.469486,35.403183,0 
-83.467083,35.404163,0 
-83.460388,35.406681,0 
-83.457813,35.40794,0 
-83.456955,35.4092,0 
-83.454895,35.411998,0 
-83.451118,35.412977,0 
-83.447857,35.414096,0 
-83.44511,35.415915,0 
-83.438931,35.420392,0 
-83.437214,35.42277,0 
-83.434811,35.425288,0 
-83.433609,35.425288,0 
-83.431206,35.425288,0 
-83.424854,35.425148,0 
-83.417988,35.425288,0 
-83.41404,35.426686,0 
-83.409233,35.426127,0 
-83.407688,35.426127,0 
-83.404942,35.427106,0 
-83.399792,35.431582,0 
-83.395672,35.43396,0 
-83.392239,35.435358,0 
-83.386574,35.435778,0 
-83.381939,35.436477,0 
-83.375587,35.437317,0 
-83.370609,35.437876,0 
-83.368378,35.437037,0 
-83.366661,35.434939,0 
-83.364258,35.432421,0 
-83.36237,35.431582,0 
-83.358936,35.431302,0 
-83.355846,35.429204,0 
-83.348637,35.424169,0 
-83.346233,35.42277,0 
-83.343487,35.42249,0 
-83.340569,35.423049,0 
-83.337307,35.42263,0 
-83.334389,35.420671,0 
-83.331985,35.42277,0 
-83.327351,35.425427,0 
-83.325634,35.427246,0 
-83.325634,35.428645,0 
-83.325977,35.436058,0 
-83.325462,35.437876,0 
-83.323402,35.438995,0 
-83.321342,35.440813,0 
-83.317738,35.44403,0 
-83.315334,35.444589,0 
-83.312073,35.444729,0 
-83.308983,35.446127,0 
-83.306923,35.448784,0 
-83.309155,35.453958,0 
-83.315163,35.46095,0 
-83.319798,35.462907,0 
-83.321342,35.466542,0 
-83.318768,35.46808,0 
-83.315163,35.470457,0 
-83.313789,35.472414,0 
-83.314476,35.473672,0 
-83.318596,35.475769,0 
-83.320484,35.476888,0 
-83.320484,35.479544,0 
-83.318596,35.481081,0 
-83.316021,35.483737,0 
-83.315506,35.486812,0 
-83.313961,35.491844,0 
-83.313618,35.494499,0 
-83.312931,35.496177,0 
-83.312931,35.498273,0 
-83.312588,35.499531,0 
-83.311558,35.50009,0 
-83.30864,35.500229,0 
-83.30555,35.500229,0 
-83.303146,35.49981,0 
-83.301773,35.499531,0 
-83.300743,35.499531,0 
-83.299799,35.498972,0 
-83.299112,35.49981,0 
-83.298082,35.500858,0 
-83.297739,35.501138,0 
-83.29628,35.502465,0 
-83.296795,35.503723,0 
-83.298168,35.50519,0 
-83.299627,35.506378,0 
-83.3004,35.506867,0 
-83.300915,35.507706,0 
-83.300915,35.508684,0 
-83.3004,35.509383,0 
-83.300657,35.509732,0 
-83.300829,35.51064,0 
-83.300829,35.511199,0 
-83.300571,35.511688,0 
-83.29937,35.512666,0 
-83.298597,35.513924,0 
-83.297997,35.515112,0 
-83.296967,35.515601,0 
-83.295422,35.515601,0 
-83.294649,35.516509,0 
-83.294649,35.517277,0 
-83.294048,35.517697,0 
-83.293276,35.518395,0 
-83.292246,35.518814,0 
-83.291645,35.519443,0 
-83.290873,35.522656,0 
-83.291044,35.523984,0 
-83.289757,35.524473,0 
-83.288469,35.524054,0 
-83.283749,35.522167,0 
-83.281517,35.52098,0 
-83.281088,35.521399,0 
-83.281174,35.522726,0 
-83.279629,35.523844,0 
-83.279436,35.524036,0 
-83.279307,35.524368,0 
-83.279307,35.524717,0 
-83.278985,35.524927,0 
-83.277698,35.52559,0 
-83.277333,35.526114,0 
-83.276947,35.526638,0 
-83.277054,35.527127,0 
-83.277655,35.527703,0 
-83.278942,35.52807,0 
-83.281367,35.528507,0 
-83.283749,35.529188,0 
-83.28465,35.529729,0 
-83.285229,35.530358,0 
-83.285358,35.531039,0 
-83.285315,35.532348,0 
-83.283706,35.532191,0 
-83.282697,35.53523,0 
</coordinates>
</LineString>
</Placemark>


<Placemark><name>day 101</name>
<description>Around Smokey Mountains</description>
<styleUrl>#linecolor</styleUrl>
<LineString>
<tessellate>1</tessellate>
<altitudeMode>clampToGround</altitudeMode>
<coordinates>
-83.28392,35.532087,0 
-83.285379,35.532296,0 
-83.285294,35.531807,0 
-83.285294,35.530759,0 
-83.284864,35.529782,0 
-83.283663,35.529223,0 
-83.280401,35.528315,0 
-83.278255,35.527826,0 
-83.27714,35.527337,0 
-83.276882,35.526708,0 
-83.27714,35.526149,0 
-83.279028,35.524962,0 
-83.279371,35.524752,0 
-83.279371,35.523914,0 
-83.280144,35.523565,0 
-83.28083,35.523145,0 
-83.281345,35.522307,0 
-83.281431,35.52112,0 
-83.281689,35.52112,0 
-83.283491,35.521888,0 
-83.285637,35.523076,0 
-83.288469,35.524123,0 
-83.289671,35.524403,0 
-83.290873,35.523984,0 
-83.290873,35.522517,0 
-83.291388,35.521539,0 
-83.291559,35.519443,0 
-83.29216,35.518884,0 
-83.293877,35.518046,0 
-83.294821,35.517627,0 
-83.29525,35.516509,0 
-83.29525,35.51574,0 
-83.296194,35.515671,0 
-83.297138,35.515601,0 
-83.297997,35.515112,0 
-83.298512,35.514483,0 
-83.299026,35.513086,0 
-83.300228,35.512038,0 
-83.300829,35.51092,0 
-83.300829,35.510291,0 
-83.300571,35.509383,0 
-83.301001,35.508265,0 
-83.300915,35.507496,0 
-83.300571,35.507007,0 
-83.299885,35.506448,0 
-83.298512,35.50554,0 
-83.297396,35.504632,0 
-83.296623,35.503164,0 
-83.29628,35.502046,0 
-83.297911,35.501347,0 
-83.299799,35.499111,0 
-83.301086,35.49967,0 
-83.299799,35.500299,0 
-83.298855,35.501906,0 
-83.299198,35.503583,0 
-83.3004,35.505121,0 
-83.301258,35.50526,0 
-83.304348,35.506588,0 
-83.305721,35.508265,0 
-83.306751,35.510151,0 
-83.306923,35.512946,0 
-83.306923,35.517138,0 
-83.307524,35.519792,0 
-83.307953,35.52077,0 
-83.307867,35.522098,0 
-83.307266,35.523145,0 
-83.305721,35.524123,0 
-83.304434,35.525381,0 
-83.303747,35.528035,0 
-83.303576,35.529362,0 
-83.303661,35.532995,0 
-83.303576,35.534391,0 
-83.303146,35.535858,0 
-83.302803,35.536138,0 
-83.302374,35.537046,0 
-83.300829,35.537744,0 
-83.300142,35.538442,0 
-83.29937,35.539769,0 
-83.299026,35.540817,0 
-83.299198,35.541795,0 
-83.301001,35.543401,0 
-83.301601,35.543611,0 
-83.302803,35.54382,0 
-83.305721,35.545706,0 
-83.308811,35.54808,0 
-83.309584,35.549407,0 
-83.309841,35.550454,0 
-83.309498,35.551362,0 
-83.31027,35.553806,0 
-83.311214,35.554854,0 
-83.311729,35.555063,0 
-83.317137,35.556181,0 
-83.320484,35.557298,0 
-83.322287,35.558345,0 
-83.326149,35.56051,0 
-83.327866,35.561557,0 
-83.330441,35.563652,0 
-83.331127,35.563931,0 
-83.332758,35.564001,0 
-83.333015,35.56449,0 
-83.333273,35.565886,0 
-83.335161,35.567701,0 
-83.336449,35.569167,0 
-83.337479,35.569865,0 
-83.339024,35.572588,0 
-83.340483,35.574543,0 
-83.34177,35.57566,0 
-83.342628,35.575939,0 
-83.345375,35.577405,0 
-83.345718,35.578243,0 
-83.34589,35.579848,0 
-83.346663,35.580616,0 
-83.34795,35.580756,0 
-83.350782,35.581175,0 
-83.351297,35.581594,0 
-83.352671,35.583409,0 
-83.353786,35.583897,0 
-83.35619,35.584735,0 
-83.359537,35.586061,0 
-83.361597,35.586899,0 
-83.362112,35.587108,0 
-83.3634,35.587597,0 
-83.365202,35.588225,0 
-83.36709,35.588713,0 
-83.369236,35.589202,0 
-83.370523,35.589551,0 
-83.374557,35.590319,0 
-83.376446,35.590668,0 
-83.377733,35.590807,0 
-83.379192,35.591715,0 
-83.380651,35.591854,0 
-83.381596,35.592273,0 
-83.38357,35.592482,0 
-83.384857,35.59332,0 
-83.385801,35.59332,0 
-83.387432,35.59332,0 
-83.388033,35.593599,0 
-83.390694,35.594227,0 
-83.392925,35.594506,0 
-83.394127,35.595204,0 
-83.395414,35.595344,0 
-83.397818,35.596461,0 
-83.398848,35.597019,0 
-83.401079,35.597089,0 
-83.402538,35.598694,0 
-83.403225,35.598903,0 
-83.404341,35.598973,0 
-83.406315,35.598973,0 
-83.408976,35.59995,0 
-83.411465,35.600578,0 
-83.41258,35.601346,0 
-83.413525,35.602393,0 
-83.414125,35.602742,0 
-83.414984,35.602812,0 
-83.415756,35.601904,0 
-83.414555,35.600927,0 
-83.41301,35.599392,0 
-83.412323,35.598136,0 
-83.410091,35.597298,0 
-83.408203,35.596182,0 
-83.407345,35.594227,0 
-83.405457,35.593948,0 
-83.404598,35.591715,0 
-83.404083,35.591296,0 
-83.402195,35.591017,0 
-83.400822,35.590319,0 
-83.39859,35.588923,0 
-83.39756,35.587806,0 
-83.39756,35.58627,0 
-83.399277,35.585852,0 
-83.401508,35.58641,0 
-83.40374,35.586689,0 
-83.404427,35.586689,0 
-83.40477,35.587527,0 
-83.405628,35.59004,0 
-83.408375,35.591436,0 
-83.409748,35.59325,0 
-83.410606,35.593809,0 
-83.41507,35.594506,0 
-83.417301,35.595484,0 
-83.419533,35.597298,0 
-83.421421,35.598554,0 
-83.422451,35.599671,0 
-83.423309,35.600927,0 
-83.423996,35.601765,0 
-83.426571,35.602183,0 
-83.428802,35.603719,0 
-83.431721,35.604417,0 
-83.434811,35.605673,0 
-83.436184,35.607068,0 
-83.435669,35.607766,0 
-83.434296,35.608045,0 
-83.433266,35.608604,0 
-83.431377,35.609162,0 
-83.427773,35.610837,0 
-83.426571,35.611534,0 
-83.425884,35.611116,0 
-83.423138,35.611953,0 
-83.422451,35.613209,0 
-83.423309,35.614744,0 
-83.425369,35.615163,0 
-83.425369,35.615861,0 
-83.423824,35.615861,0 
-83.422966,35.616,0 
-83.421764,35.617396,0 
-83.420906,35.617814,0 
-83.419704,35.617675,0 
-83.420563,35.61921,0 
-83.420391,35.619768,0 
-83.418503,35.620186,0 
-83.420734,35.621303,0 
-83.419876,35.623117,0 
-83.419018,35.623954,0 
-83.418331,35.623954,0 
-83.417301,35.623535,0 
-83.416786,35.623954,0 
-83.418674,35.625349,0 
-83.419533,35.624931,0 
-83.420219,35.624512,0 
-83.421421,35.624233,0 
-83.421421,35.622838,0 
-83.422966,35.621582,0 
-83.425713,35.619349,0 
-83.426399,35.619349,0 
-83.427601,35.618651,0 
-83.428459,35.618651,0 
-83.429317,35.618651,0 
-83.430862,35.618651,0 
-83.432407,35.618651,0 
-83.433266,35.61907,0 
-83.434982,35.620047,0 
-83.437214,35.620605,0 
-83.438416,35.621303,0 
-83.439617,35.622698,0 
-83.441505,35.622698,0 
-83.444252,35.623675,0 
-83.447685,35.624791,0 
-83.449059,35.626605,0 
-83.450775,35.628559,0 
-83.452492,35.629535,0 
-83.454723,35.630093,0 
-83.455753,35.63121,0 
-83.456612,35.63121,0 
-83.459187,35.63107,0 
-83.460217,35.630931,0 
-83.461075,35.632186,0 
-83.461933,35.634977,0 
-83.462276,35.636372,0 
-83.463135,35.636511,0 
-83.463993,35.637069,0 
-83.464851,35.637348,0 
-83.465366,35.637069,0 
-83.466053,35.635395,0 
-83.467941,35.635116,0 
-83.469486,35.635535,0 
-83.471203,35.636372,0 
-83.472748,35.637348,0 
-83.473778,35.637069,0 
-83.474121,35.638464,0 
-83.475666,35.639441,0 
-83.477898,35.639441,0 
-83.479614,35.639581,0 
-83.481331,35.640836,0 
-83.482876,35.640836,0 
-83.484592,35.640139,0 
-83.486309,35.638744,0 
-83.487854,35.638744,0 
-83.489914,35.638744,0 
-83.491974,35.638744,0 
-83.493519,35.638744,0 
-83.494205,35.638883,0 
-83.495064,35.640557,0 
-83.496265,35.640976,0 
-83.497295,35.641673,0 
-83.498154,35.641673,0 
-83.495922,35.640139,0 
-83.495579,35.638604,0 
-83.494034,35.637767,0 
-83.49369,35.63693,0 
-83.495064,35.637069,0 
-83.497124,35.638046,0 
-83.500042,35.638883,0 
-83.501759,35.639302,0 
-83.504333,35.640278,0 
-83.505535,35.643208,0 
-83.507423,35.643347,0 
-83.508968,35.644603,0 
-83.510342,35.6453,0 
-83.512573,35.648509,0 
-83.513775,35.651577,0 
-83.514805,35.65353,0 
-83.515663,35.653949,0 
-83.516865,35.655065,0 
-83.51841,35.655762,0 
-83.519096,35.657296,0 
-83.519955,35.658133,0 
-83.521156,35.659667,0 
-83.521156,35.660504,0 
-83.522015,35.661062,0 
-83.523216,35.66148,0 
-83.523903,35.661759,0 
-83.524761,35.662178,0 
-83.526134,35.663154,0 
-83.526821,35.663433,0 
-83.526993,35.664828,0 
-83.527508,35.665525,0 
-83.527508,35.666083,0 
-83.527508,35.667199,0 
-83.527679,35.668035,0 
-83.527164,35.66943,0 
-83.526993,35.671103,0 
-83.526821,35.67208,0 
-83.526649,35.673056,0 
-83.526478,35.674171,0 
-83.526649,35.675147,0 
-83.528023,35.676402,0 
-83.530083,35.678076,0 
-83.531456,35.679331,0 
-83.533001,35.681422,0 
-83.535061,35.68435,0 
-83.536091,35.685745,0 
-83.535748,35.687,0 
-83.534546,35.688812,0 
-83.531284,35.692995,0 
-83.529396,35.694668,0 
-83.526993,35.698013,0 
-83.526478,35.70108,0 
-83.525105,35.703032,0 
-83.522186,35.706935,0 
-83.519096,35.710698,0 
-83.517036,35.712232,0 
-83.512573,35.713347,0 
-83.510342,35.713904,0 
-83.510513,35.715437,0 
-83.511543,35.717249,0 
-83.510685,35.718922,0 
-83.510342,35.721012,0 
-83.509998,35.724496,0 
-83.510857,35.726029,0 
-83.511372,35.726726,0 
-83.512058,35.726726,0 
-83.514118,35.726029,0 
-83.51532,35.726029,0 
-83.517551,35.726726,0 
-83.517895,35.728259,0 
-83.519096,35.730628,0 
-83.519783,35.733554,0 
-83.520641,35.735505,0 
-83.521843,35.737177,0 
-83.522873,35.73871,0 
-83.522186,35.739825,0 
-83.52047,35.740661,0 
-83.518066,35.741079,0 
-83.517895,35.744004,0 
-83.518753,35.743586,0 
-83.518753,35.741636,0 
-83.520985,35.741079,0 
-83.522701,35.740661,0 
-83.523388,35.739825,0 
-83.52356,35.737595,0 
-83.52253,35.736341,0 
-83.521671,35.73453,0 
-83.520813,35.732439,0 
-83.519783,35.729653,0 
-83.51944,35.72798,0 
-83.51841,35.727005,0 
-83.515148,35.725054,0 
-83.514462,35.724218,0 
-83.51532,35.723381,0 
-83.51635,35.722545,0 
-83.517036,35.721709,0 
-83.518753,35.721709,0 
-83.520298,35.721291,0 
-83.5215,35.720734,0 
-83.522358,35.718922,0 
-83.530941,35.716552,0 
-83.533516,35.716413,0 
-83.533344,35.715298,0 
-83.530254,35.71488,0 
-83.528194,35.714462,0 
-83.526821,35.71251,0 
-83.528194,35.71251,0 
-83.529396,35.711395,0 
-83.531628,35.711117,0 
-83.533173,35.711117,0 
-83.534203,35.708189,0 
-83.533344,35.706377,0 
-83.532314,35.706238,0 
-83.530941,35.706238,0 
-83.530083,35.70582,0 
-83.529739,35.704983,0 
-83.529224,35.704286,0 
-83.528709,35.703311,0 
-83.528881,35.701359,0 
-83.529396,35.69871,0 
-83.530769,35.695365,0 
-83.531284,35.693692,0 
-83.536777,35.686581,0 
-83.536263,35.684629,0 
-83.537979,35.685048,0 
-83.539352,35.686302,0 
-83.541756,35.686302,0 
-83.542786,35.685605,0 
-83.544674,35.684072,0 
-83.546219,35.682398,0 
-83.548279,35.68198,0 
-83.549652,35.68198,0 
-83.550854,35.681283,0 
-83.551712,35.680446,0 
-83.552914,35.67961,0 
-83.55463,35.67947,0 
-83.55669,35.679052,0 
-83.55772,35.679052,0 
-83.55875,35.678773,0 
-83.560982,35.677797,0 
-83.563385,35.6771,0 
-83.56493,35.676263,0 
-83.564415,35.675008,0 
-83.561668,35.672498,0 
-83.559952,35.672637,0 
-83.558922,35.671801,0 
-83.558922,35.670824,0 
-83.560295,35.670546,0 
-83.561497,35.670964,0 
-83.564243,35.671801,0 
-83.565445,35.671801,0 
-83.567505,35.671801,0 
-83.569393,35.67194,0 
-83.57111,35.672916,0 
-83.572483,35.672916,0 
-83.575058,35.673195,0 
-83.577633,35.672358,0 
-83.580036,35.67208,0 
-83.585014,35.670406,0 
-83.586216,35.670267,0 
-83.588276,35.669569,0 
-83.591194,35.668454,0 
-83.595657,35.667199,0 
-83.598232,35.666362,0 
-83.599949,35.66678,0 
-83.602009,35.66692,0 
-83.603554,35.665664,0 
-83.605785,35.66427,0 
-83.6063,35.662317,0 
-83.606815,35.661899,0 
-83.607845,35.663154,0 
-83.608704,35.663294,0 
-83.609905,35.663294,0 
-83.612137,35.664828,0 
-83.613338,35.663991,0 
-83.616085,35.663294,0 
-83.61763,35.663015,0 
-83.61866,35.663573,0 
-83.61969,35.663573,0 
-83.620892,35.663712,0 
-83.621578,35.66427,0 
-83.622093,35.663991,0 
-83.622437,35.662875,0 
-83.623638,35.661759,0 
-83.624496,35.662596,0 
-83.624496,35.663712,0 
-83.624496,35.66678,0 
-83.624496,35.667617,0 
-83.625698,35.668454,0 
-83.62587,35.669709,0 
-83.626385,35.670127,0 
-83.627071,35.670127,0 
-83.628273,35.669569,0 
-83.628273,35.668454,0 
-83.62793,35.667199,0 
-83.62793,35.666362,0 
-83.628616,35.665664,0 
-83.62999,35.664828,0 
-83.630505,35.663154,0 
-83.631706,35.663154,0 
-83.634624,35.663294,0 
-83.634796,35.664409,0 
-83.635139,35.666083,0 
-83.635654,35.66678,0 
-83.636341,35.667756,0 
-83.637199,35.668593,0 
-83.637371,35.669848,0 
-83.638401,35.670267,0 
-83.638916,35.671103,0 
-83.639431,35.67194,0 
-83.639946,35.672498,0 
-83.640976,35.672637,0 
-83.645267,35.672637,0 
-83.648014,35.677518,0 
-83.649902,35.680446,0 
-83.650761,35.681562,0 
-83.652134,35.681562,0 
-83.653507,35.680725,0 
-83.653679,35.67947,0 
-83.654366,35.679191,0 
-83.655396,35.67961,0 
-83.656254,35.679888,0 
-83.657112,35.67947,0 
-83.656769,35.678076,0 
-83.655739,35.675984,0 
-83.655567,35.674171,0 
-83.656769,35.673614,0 
-83.657799,35.673614,0 
-83.658314,35.673753,0 
-83.660889,35.674032,0 
-83.662434,35.675008,0 
-83.66518,35.673753,0 
-83.66518,35.672637,0 
-83.665009,35.670964,0 
-83.663979,35.670824,0 
-83.662949,35.669988,0 
-83.662949,35.668314,0 
-83.663979,35.668454,0 
-83.666553,35.669012,0 
-83.667755,35.669151,0 
-83.6693,35.668872,0 
-83.669643,35.669569,0 
-83.669815,35.671243,0 
-83.671188,35.67194,0 
-83.67239,35.67194,0 
-83.673592,35.670824,0 
-83.675308,35.670127,0 
-83.675823,35.669012,0 
-83.676167,35.66692,0 
-83.677197,35.667059,0 
-83.678913,35.668035,0 
-83.678913,35.66943,0 
-83.678913,35.670267,0 
-83.678741,35.671382,0 
-83.679771,35.670685,0 
-83.681831,35.66943,0 
-83.683376,35.66929,0 
-83.682861,35.668593,0 
-83.681488,35.667477,0 
-83.682175,35.666641,0 
-83.683033,35.665943,0 
-83.68372,35.66678,0 
-83.684578,35.66678,0 
-83.685951,35.666501,0 
-83.687325,35.665386,0 
-83.688869,35.664549,0 
-83.690243,35.664967,0 
-83.690071,35.66692,0 
-83.690071,35.668175,0 
-83.691616,35.670964,0 
-83.691788,35.672498,0 
-83.692474,35.673056,0 
-83.693161,35.67459,0 
-83.694363,35.67459,0 
-83.694534,35.673335,0 
-83.694706,35.672916,0 
-83.693504,35.672219,0 
-83.693504,35.670964,0 
-83.694019,35.669151,0 
-83.694878,35.668314,0 
-83.693848,35.667338,0 
-83.694534,35.665525,0 
-83.695736,35.666501,0 
-83.698483,35.667896,0 
-83.699169,35.668175,0 
-83.699856,35.667896,0 
-83.699341,35.66678,0 
-83.698483,35.665525,0 
-83.698997,35.664688,0 
-83.700371,35.663851,0 
-83.700714,35.662457,0 
-83.700542,35.660504,0 
-83.702602,35.659667,0 
-83.703461,35.66155,0 
-83.704748,35.661829,0 
-83.705521,35.662387,0 
-83.706379,35.662387,0 
-83.706722,35.661202,0 
-83.706722,35.659807,0 
-83.707323,35.659598,0 
-83.708353,35.659458,0 
-83.708868,35.659179,0 
-83.709898,35.658761,0 
-83.710155,35.658063,0 
-83.70904,35.652135,0 
-83.708868,35.651019,0 
-83.709211,35.650671,0 
-83.710241,35.650392,0 
-83.711615,35.650113,0 
-83.712215,35.650043,0 
-83.71273,35.650671,0 
-83.713331,35.651089,0 
-83.714275,35.651089,0 
-83.715305,35.649625,0 
-83.715992,35.648788,0 
-83.716507,35.648299,0 
-83.718481,35.647602,0 
-83.718653,35.647044,0 
-83.718653,35.646277,0 
-83.717022,35.645021,0 
-83.717022,35.643975,0 
-83.714876,35.644045,0 
-83.714533,35.643766,0 
-83.714447,35.643138,0 
-83.715134,35.64244,0 
-83.714962,35.641882,0 
-83.714447,35.641255,0 
-83.714619,35.640976,0 
-83.715649,35.640418,0 
-83.716335,35.640139,0 
-83.717022,35.639581,0 
-83.717794,35.639511,0 
-83.722429,35.639371,0 
-83.723373,35.639441,0 
-83.723373,35.638883,0 
-83.72303,35.638464,0 
-83.722343,35.637767,0 
-83.722172,35.637558,0 
-83.722515,35.637069,0 
-83.72303,35.636581,0 
-83.723888,35.636442,0 
-83.725519,35.636442,0 
-83.725777,35.636093,0 
-83.725948,35.635186,0 
-83.725691,35.634628,0 
-83.725433,35.634279,0 
-83.725863,35.633442,0 
-83.72612,35.632814,0 
-83.725519,35.632326,0 
-83.72509,35.631837,0 
-83.72509,35.631628,0 
-83.725519,35.631489,0 
-83.726034,35.630931,0 
-83.726377,35.630652,0 
-83.725348,35.628838,0 
-83.725348,35.628489,0 
-83.725519,35.62814,0 
-83.72612,35.627512,0 
-83.726206,35.626954,0 
-83.726721,35.626675,0 
-83.727665,35.626396,0 
-83.728523,35.626396,0 
-83.729296,35.626396,0 
-83.729897,35.626047,0 
-83.729982,35.625628,0 
-83.730154,35.625001,0 
-83.730412,35.624652,0 
-83.731012,35.624163,0 
-83.731613,35.623745,0 
-83.732729,35.62214,0 
-83.733244,35.619838,0 
-83.73333,35.619349,0 
-83.733845,35.61921,0 
-83.734617,35.618582,0 
-83.73702,35.617256,0 
-83.737364,35.616698,0 
-83.737965,35.616349,0 
-83.738737,35.61614,0 
-83.739681,35.616558,0 
-83.740368,35.616419,0 
-83.740711,35.616349,0 
-83.743114,35.614186,0 
-83.744745,35.61286,0 
-83.745518,35.611813,0 
-83.745518,35.611185,0 
-83.745003,35.610418,0 
-83.744831,35.60986,0 
-83.744831,35.608743,0 
-83.744831,35.607208,0 
-83.744831,35.606022,0 
-83.745003,35.605324,0 
-83.745775,35.604835,0 
-83.746376,35.604626,0 
-83.747492,35.603998,0 
-83.748779,35.603858,0 
-83.749466,35.603719,0 
-83.752041,35.602812,0 
-83.752985,35.602812,0 
-83.753586,35.602951,0 
-83.754787,35.602742,0 
-83.755817,35.602323,0 
-83.758135,35.603021,0 
-83.759766,35.603021,0 
-83.762341,35.604417,0 
-83.76586,35.604556,0 
-83.77058,35.606022,0 
-83.774271,35.60644,0 
-83.776846,35.60658,0 
-83.779078,35.606859,0 
-83.784056,35.60665,0 
-83.787575,35.606859,0 
-83.790665,35.606999,0 
-83.794613,35.60644,0 
-83.796244,35.605463,0 
-83.797188,35.605673,0 
-83.798046,35.605603,0 
-83.799076,35.605254,0 
-83.799763,35.605045,0 
-83.800449,35.605184,0 
-83.801136,35.605114,0 
-83.801651,35.604905,0 
-83.802595,35.605743,0 
-83.803539,35.605812,0 
-83.804483,35.60651,0 
-83.804913,35.606301,0 
-83.805342,35.606301,0 
-83.805857,35.606789,0 
-83.80723,35.606859,0 
-83.807745,35.607278,0 
-83.808346,35.607278,0 
-83.808947,35.607138,0 
-83.810835,35.606719,0 
-83.812895,35.60644,0 
-83.815212,35.606719,0 
-83.81753,35.607138,0 
-83.818731,35.607138,0 
-83.820963,35.607068,0 
-83.823795,35.607068,0 
-83.824911,35.607348,0 
-83.826113,35.608115,0 
-83.826714,35.608045,0 
-83.827057,35.607487,0 
-83.828001,35.607138,0 
-83.831005,35.60665,0 
-83.832207,35.606999,0 
-83.833237,35.606719,0 
-83.833065,35.605882,0 
-83.833408,35.605324,0 
-83.834095,35.605324,0 
-83.834352,35.604277,0 
-83.834953,35.603858,0 
-83.835468,35.60323,0 
-83.836155,35.602951,0 
-83.836584,35.602323,0 
-83.837185,35.601416,0 
-83.838043,35.601276,0 
-83.838644,35.601276,0 
-83.841562,35.600439,0 
-83.843536,35.60009,0 
-83.843794,35.598066,0 
-83.843451,35.594367,0 
-83.843794,35.594088,0 
-83.844395,35.593599,0 
-83.845339,35.59318,0 
-83.844995,35.590458,0 
-83.84491,35.58976,0 
-83.843536,35.589132,0 
-83.842249,35.588225,0 
-83.841305,35.587108,0 
-83.840704,35.587457,0 
-83.839073,35.587806,0 
-83.838472,35.588783,0 
-83.834953,35.588504,0 
-83.834524,35.588225,0 
-83.832808,35.588853,0 
-83.831692,35.589551,0 
-83.82946,35.589202,0 
-83.827829,35.588713,0 
-83.825512,35.588015,0 
-83.822422,35.588644,0 
-83.820362,35.588713,0 
-83.819075,35.58983,0 
-83.8165,35.589621,0 
-83.815041,35.589202,0 
-83.813925,35.588713,0 
-83.813238,35.588085,0 
-83.811779,35.588504,0 
-83.811092,35.588434,0 
-83.810663,35.588295,0 
-83.809891,35.588295,0 
-83.809204,35.588644,0 
-83.807917,35.588504,0 
-83.80723,35.588364,0 
-83.802681,35.588713,0 
-83.801994,35.589411,0 
-83.80105,35.590319,0 
-83.800364,35.590458,0 
-83.798904,35.590389,0 
-83.798132,35.590528,0 
-83.797874,35.591226,0 
-83.797874,35.592413,0 
-83.797703,35.593041,0 
-83.796158,35.594158,0 
-83.795385,35.594925,0 
-83.79487,35.595065,0 
-83.793583,35.594925,0 
-83.792467,35.594227,0 
-83.791952,35.594088,0 
-83.791695,35.594158,0 
-83.790665,35.594716,0 
-83.789892,35.594925,0 
-83.788691,35.594995,0 
-83.787746,35.595414,0 
-83.787746,35.596112,0 
-83.787746,35.596949,0 
-83.787746,35.597787,0 
-83.787231,35.598415,0 
-83.786116,35.599392,0 
-83.785343,35.599741,0 
-83.784227,35.600299,0 
-83.783197,35.600857,0 
-83.782425,35.601765,0 
-83.781824,35.602114,0 
-83.778563,35.603719,0 
-83.776588,35.604417,0 
-83.776417,35.604905,0 
-83.776417,35.605533,0 
-83.776073,35.605603,0 
-83.774786,35.606022,0 
-83.774099,35.606161,0 
</coordinates>
</LineString>
</Placemark>

<Placemark><name>Day 102</name>
<description>Into Tennessee</description>
<styleUrl>#linecolor</styleUrl>
<LineString>
<tessellate>1</tessellate>
<altitudeMode>clampToGround</altitudeMode>
<coordinates>
-83.283577,35.532226,0 
-83.283577,35.532226,0 
-83.285294,35.532645,0 
-83.285465,35.531667,0 
-83.285208,35.53055,0 
-83.284264,35.529572,0 
-83.282547,35.528873,0 
-83.278084,35.527756,0 
-83.276968,35.527127,0 
-83.277054,35.526149,0 
-83.278084,35.525311,0 
-83.279285,35.524822,0 
-83.279457,35.524054,0 
-83.280144,35.523565,0 
-83.281002,35.523006,0 
-83.281431,35.521818,0 
-83.281431,35.52098,0 
-83.281946,35.521259,0 
-83.283749,35.521958,0 
-83.285551,35.523076,0 
-83.287439,35.523914,0 
-83.289843,35.524473,0 
-83.290958,35.523704,0 
-83.290958,35.522377,0 
-83.291731,35.519373,0 
-83.292761,35.518465,0 
-83.294907,35.517697,0 
-83.294907,35.516998,0 
-83.29525,35.51616,0 
-83.296709,35.515671,0 
-83.297997,35.515181,0 
-83.298683,35.514134,0 
-83.299026,35.513016,0 
-83.300657,35.511479,0 
-83.300829,35.511129,0 
-83.3004,35.509453,0 
-83.301001,35.508544,0 
-83.301001,35.507706,0 
-83.300314,35.506798,0 
-83.298597,35.50568,0 
-83.29628,35.502326,0 
-83.297825,35.501208,0 
-83.299026,35.49981,0 
-83.299713,35.498902,0 
-83.301516,35.499601,0 
-83.302803,35.499601,0 
-83.304348,35.499601,0 
-83.30658,35.50002,0 
-83.309498,35.500299,0 
-83.311472,35.50009,0 
-83.313017,35.498692,0 
-83.313017,35.497225,0 
-83.313017,35.495897,0 
-83.313789,35.493451,0 
-83.314734,35.490586,0 
-83.315077,35.488,0 
-83.315334,35.485904,0 
-83.315592,35.484086,0 
-83.317652,35.482479,0 
-83.319454,35.480941,0 
-83.320141,35.479404,0 
-83.320484,35.477027,0 
-83.322287,35.476957,0 
-83.324089,35.476748,0 
-83.325806,35.476258,0 
-83.32778,35.475909,0 
-83.328724,35.47528,0 
-83.330526,35.474511,0 
-83.332586,35.474651,0 
-83.335161,35.47535,0 
-83.33662,35.47542,0 
-83.338337,35.474651,0 
-83.341084,35.473952,0 
-83.343143,35.474092,0 
-83.344517,35.474371,0 
-83.345976,35.473742,0 
-83.34692,35.472554,0 
-83.347349,35.471156,0 
-83.349066,35.470247,0 
-83.351212,35.468989,0 
-83.352842,35.46808,0 
-83.353615,35.467591,0 
-83.354731,35.466612,0 
-83.354301,35.466053,0 
-83.353014,35.465494,0 
-83.351984,35.463606,0 
-83.352499,35.463047,0 
-83.3531,35.462418,0 
-83.354473,35.461229,0 
-83.35722,35.459621,0 
-83.358593,35.458782,0 
-83.360224,35.458013,0 
-83.362198,35.457664,0 
-83.364258,35.457943,0 
-83.367262,35.458643,0 
-83.368378,35.458782,0 
-83.369236,35.458293,0 
-83.369579,35.457524,0 
-83.370352,35.456196,0 
-83.371296,35.456056,0 
-83.373528,35.455776,0 
-83.375072,35.455007,0 
-83.376188,35.454098,0 
-83.376617,35.453469,0 
-83.37739,35.452001,0 
-83.37739,35.450183,0 
-83.377218,35.448784,0 
-83.378677,35.447526,0 
-83.380394,35.447036,0 
-83.38254,35.447316,0 
-83.385801,35.449484,0 
-83.387775,35.450532,0 
-83.388205,35.450882,0 
-83.388891,35.45221,0 
-83.391294,35.453119,0 
-83.392668,35.453189,0 
-83.396015,35.452979,0 
-83.398933,35.45242,0 
-83.400393,35.450742,0 
-83.40168,35.449064,0 
-83.401423,35.448225,0 
-83.400049,35.445358,0 
-83.399706,35.44403,0 
-83.399878,35.44319,0 
-83.400822,35.441722,0 
-83.403311,35.439484,0 
-83.405542,35.438645,0 
-83.407688,35.436757,0 
-83.411551,35.436337,0 
-83.413868,35.432561,0 
-83.414211,35.431442,0 
-83.416958,35.431652,0 
-83.420477,35.430463,0 
-83.421507,35.430463,0 
-83.423138,35.430813,0 
-83.424683,35.431232,0 
-83.425627,35.432211,0 
-83.426657,35.4334,0 
-83.427944,35.4334,0 
-83.429403,35.433121,0 
-83.430691,35.432631,0 
-83.431549,35.432351,0 
-83.43318,35.432351,0 
-83.434725,35.432631,0 
-83.435926,35.432631,0 
-83.438587,35.432072,0 
-83.440561,35.431023,0 
-83.44245,35.429624,0 
-83.442879,35.428785,0 
-83.44408,35.428155,0 
-83.445883,35.427176,0 
-83.447943,35.425987,0 
-83.449402,35.426826,0 
-83.449745,35.426407,0 
-83.451204,35.425078,0 
-83.452749,35.42291,0 
-83.453951,35.421371,0 
-83.455067,35.420461,0 
-83.458071,35.420392,0 
-83.460217,35.420392,0 
-83.462534,35.419342,0 
-83.46468,35.417664,0 
-83.465195,35.416684,0 
-83.465195,35.416055,0 
-83.464165,35.414236,0 
-83.463392,35.412697,0 
-83.463564,35.410459,0 
-83.464251,35.40857,0 
-83.466053,35.407591,0 
-83.467855,35.406681,0 
-83.470173,35.405912,0 
-83.473091,35.403813,0 
-83.47455,35.400385,0 
-83.475237,35.397586,0 
-83.476439,35.394508,0 
-83.477726,35.392479,0 
-83.482103,35.390379,0 
-83.48382,35.38863,0 
-83.485451,35.387091,0 
-83.489313,35.386251,0 
-83.491888,35.385341,0 
-83.493519,35.384432,0 
-83.496523,35.382262,0 
-83.497982,35.380233,0 
-83.499441,35.377924,0 
-83.501415,35.375054,0 
-83.503904,35.372535,0 
-83.506393,35.372045,0 
-83.509569,35.373515,0 
-83.513689,35.374914,0 
-83.51635,35.374424,0 
-83.520727,35.374144,0 
-83.523216,35.375194,0 
-83.52622,35.375824,0 
-83.528194,35.375264,0 
-83.53034,35.374144,0 
-83.532829,35.373655,0 
-83.536434,35.374214,0 
-83.538151,35.374004,0 
-83.539352,35.373235,0 
-83.541241,35.370155,0 
-83.543129,35.368615,0 
-83.545361,35.368335,0 
-83.548279,35.366376,0 
-83.550596,35.364696,0 
-83.552313,35.364626,0 
-83.5536,35.363786,0 
-83.554029,35.363016,0 
-83.554115,35.362106,0 
-83.553686,35.361476,0 
-83.553514,35.360986,0 
-83.553772,35.359796,0 
-83.552656,35.358746,0 
-83.551884,35.358116,0 
-83.553772,35.353286,0 
-83.5536,35.352376,0 
-83.553429,35.351676,0 
-83.554029,35.351256,0 
-83.554974,35.350416,0 
-83.556004,35.349296,0 
-83.557377,35.347266,0 
-83.557892,35.346706,0 
-83.558407,35.345865,0 
-83.559351,35.345445,0 
-83.560295,35.344605,0 
-83.561153,35.343905,0 
-83.561239,35.342855,0 
-83.561926,35.340965,0 
-83.562527,35.339354,0 
-83.562956,35.338374,0 
-83.564587,35.337394,0 
-83.566046,35.337324,0 
-83.568792,35.337324,0 
-83.570852,35.336904,0 
-83.573599,35.336273,0 
-83.574715,35.335643,0 
-83.575659,35.333893,0 
-83.575745,35.331512,0 
-83.576431,35.330602,0 
-83.577375,35.330042,0 
-83.578663,35.329061,0 
-83.579693,35.328571,0 
-83.580637,35.328851,0 
-83.581238,35.329271,0 
-83.581495,35.329972,0 
-83.581581,35.330882,0 
-83.582268,35.331372,0 
-83.582954,35.332632,0 
-83.585358,35.332212,0 
-83.588791,35.333473,0 
-83.588791,35.334033,0 
-83.590508,35.332632,0 
-83.592224,35.331092,0 
-83.594799,35.331652,0 
-83.596172,35.333333,0 
-83.598232,35.332632,0 
-83.599606,35.331092,0 
-83.602524,35.331792,0 
-83.606815,35.331092,0 
-83.610935,35.332772,0 
-83.615398,35.334733,0 
-83.618145,35.335433,0 
-83.621407,35.335433,0 
-83.62793,35.332492,0 
-83.627586,35.328991,0 
-83.629475,35.328431,0 
-83.630848,35.327451,0 
-83.630505,35.32535,0 
-83.631191,35.322409,0 
-83.632736,35.321568,0 
-83.635311,35.320448,0 
-83.635998,35.319467,0 
-83.636341,35.317086,0 
-83.638401,35.315545,0 
-83.639431,35.314145,0 
-83.640289,35.312464,0 
-83.640804,35.311623,0 
-83.642178,35.311063,0 
-83.643551,35.309802,0 
-83.644753,35.308261,0 
-83.646984,35.30644,0 
-83.651619,35.304619,0 
-83.652821,35.302378,0 
-83.654537,35.300556,0 
-83.655739,35.298455,0 
-83.658829,35.297194,0 
-83.661232,35.294392,0 
-83.662605,35.291589,0 
-83.665352,35.288507,0 
-83.667068,35.287106,0 
-83.670158,35.284864,0 
-83.673935,35.282061,0 
-83.677711,35.279819,0 
-83.680801,35.278418,0 
-83.682175,35.277016,0 
-83.682175,35.274214,0 
-83.682175,35.272532,0 
-83.684921,35.269729,0 
-83.687325,35.267767,0 
-83.689728,35.264123,0 
-83.691444,35.261039,0 
-83.692474,35.257675,0 
-83.694191,35.255712,0 
-83.695908,35.25403,0 
-83.696938,35.252909,0 
-83.697968,35.251787,0 
-83.698997,35.251227,0 
-83.701057,35.250946,0 
-83.702431,35.248143,0 
-83.704834,35.244778,0 
-83.706207,35.242535,0 
-83.709297,35.240572,0 
-83.7117,35.237768,0 
-83.715477,35.235525,0 
-83.71891,35.234122,0 
-83.722,35.230757,0 
-83.724403,35.228794,0 
-83.727493,35.226551,0 
-83.72921,35.226831,0 
-83.731613,35.227392,0 
-83.732986,35.228514,0 
-83.734703,35.228233,0 
-83.736076,35.228233,0 
-83.737106,35.229075,0 
-83.73848,35.229635,0 
-83.739853,35.229635,0 
-83.740883,35.228233,0 
-83.742943,35.22627,0 
-83.746376,35.222905,0 
-83.749123,35.22038,0 
-83.754616,35.215051,0 
-83.757019,35.212807,0 
-83.760109,35.210844,0 
-83.763885,35.208319,0 
-83.769722,35.20355,0 
-83.772812,35.202147,0 
-83.777962,35.1985,0 
-83.780365,35.197098,0 
-83.783112,35.195975,0 
-83.784828,35.194853,0 
-83.786545,35.194853,0 
-83.788261,35.195134,0 
-83.791351,35.196256,0 
-83.794098,35.196537,0 
-83.798904,35.197098,0 
-83.803368,35.1985,0 
-83.807144,35.200184,0 
-83.811607,35.204392,0 
-83.815041,35.206916,0 
-83.81916,35.207197,0 
-83.823624,35.207197,0 
-83.829117,35.207197,0 
-83.83461,35.205794,0 
-83.837013,35.205514,0 
-83.840103,35.20355,0 
-83.858986,35.192609,0 
-83.875809,35.189242,0 
-83.885422,35.186716,0 
-83.893661,35.184472,0 
-83.896751,35.182788,0 
-83.900871,35.182508,0 
-83.907051,35.18363,0 
-83.916321,35.178579,0 
-83.923874,35.175773,0 
-83.927307,35.172966,0 
-83.93074,35.168757,0 
-83.936234,35.164828,0 
-83.941383,35.16174,0 
-83.94516,35.158933,0 
-83.94722,35.15753,0 
-83.951683,35.157249,0 
-83.954086,35.157249,0 
-83.963699,35.151635,0 
-83.967476,35.147986,0 
-83.971252,35.143213,0 
-83.979149,35.13816,0 
-83.982239,35.136756,0 
-83.988075,35.128052,0 
-83.992195,35.124402,0 
-83.999405,35.122155,0 
-84.001465,35.118224,0 
-84.004211,35.115134,0 
-84.006271,35.113449,0 
-84.006958,35.109518,0 
-84.008675,35.10699,0 
-84.012108,35.101091,0 
-84.017258,35.09744,0 
-84.018974,35.095193,0 
-84.021378,35.093226,0 
-84.021378,35.090698,0 
-84.023094,35.089012,0 
-84.024124,35.087608,0 
-84.024124,35.084517,0 
-84.025154,35.083113,0 
-84.028587,35.081146,0 
-84.032021,35.080303,0 
-84.034424,35.080022,0 
-84.040947,35.078617,0 
-84.04335,35.075808,0 
-84.046783,35.074122,0 
-84.04953,35.073841,0 
-84.05468,35.071874,0 
-84.057083,35.071312,0 
-84.058456,35.069064,0 
-84.060516,35.067097,0 
-84.062233,35.06513,0 
-84.063263,35.060915,0 
-84.06498,35.057261,0 
-84.068069,35.053608,0 
-84.071159,35.052203,0 
-84.077339,35.047425,0 
-84.087296,35.039835,0 
-84.098625,35.034494,0 
-84.111328,35.026904,0 
-84.118195,35.02831,0 
-84.126091,35.025217,0 
-84.133301,35.025779,0 
-84.138107,35.030559,0 
-84.14669,35.032527,0 
-84.15081,35.033089,0 
-84.17141,35.022687,0 
-84.185486,35.016782,0 
-84.190979,35.016782,0 
-84.204712,35.02831,0 
-84.208832,35.030559,0 
-84.210892,35.030559,0 
-84.218788,35.024936,0 
-84.225311,35.023811,0 
-84.228745,35.022968,0 
-84.233208,35.020719,0 
-84.237328,35.019313,0 
-84.240417,35.019313,0 
-84.249344,35.020719,0 
-84.253464,35.019875,0 
-84.258957,35.015376,0 
-84.264793,35.011158,0 
-84.26857,35.012846,0 
-84.271317,35.017345,0 
-84.27475,35.017907,0 
-84.279556,35.013689,0 
-84.28299,35.013689,0 
-84.288826,35.017345,0 
-84.291229,35.016501,0 
-84.297066,35.012846,0 
-84.311142,35.014533,0 
-84.314232,35.017626,0 
-84.316635,35.021843,0 
-84.321098,35.023249,0 
-84.330711,35.023811,0 
-84.339638,35.022687,0 
-84.343758,35.022124,0 
-84.349251,35.025217,0 
-84.357147,35.023249,0 
-84.363327,35.023249,0 
-84.36985,35.024936,0 
-84.373283,35.02831,0 
-84.375687,35.028872,0 
-84.392853,35.030277,0 
-84.402809,35.032245,0 
-84.413795,35.035057,0 
-84.444695,35.036462,0 
-84.448471,35.038992,0 
-84.449844,35.042927,0 
-84.451904,35.050516,0 
-84.452591,35.053327,0 
-84.457397,35.056699,0 
-84.461861,35.068221,0 
-84.463234,35.069345,0 
-84.466667,35.069345,0 
-84.472847,35.068783,0 
-84.475937,35.069907,0 
-84.47834,35.070469,0 
-84.479713,35.072155,0 
-84.481087,35.076651,0 
-84.48658,35.076932,0 
-84.489326,35.078336,0 
-84.490356,35.080022,0 
-84.48967,35.082832,0 
-84.491386,35.083394,0 
-84.494476,35.080303,0 
-84.497566,35.076932,0 
-84.499283,35.076932,0 
-84.502029,35.076651,0 
-84.504433,35.075246,0 
-84.506493,35.072998,0 
-84.508553,35.074403,0 
-84.509239,35.076089,0 
-84.507866,35.076932,0 
-84.506149,35.078898,0 
-84.508553,35.081146,0 
-84.512329,35.083956,0 
-84.514389,35.083956,0 
-84.519882,35.082551,0 
-84.523315,35.083394,0 
-84.526749,35.081708,0 
-84.528465,35.081708,0 
-84.527779,35.085922,0 
-84.527779,35.087046,0 
-84.529495,35.089855,0 
-84.531212,35.091822,0 
-84.531555,35.092664,0 
-84.532585,35.093507,0 
-84.535332,35.098002,0 
-84.537735,35.099125,0 
-84.539452,35.098563,0 
-84.540138,35.096035,0 
-84.546318,35.095473,0 
-84.549751,35.098282,0 
-84.553871,35.099406,0 
-84.555588,35.10053,0 
-84.556961,35.101934,0 
-84.558334,35.103619,0 
-84.557648,35.108394,0 
-84.559708,35.11036,0 
-84.563484,35.110641,0 
-84.567947,35.110641,0 
-84.571037,35.111764,0 
-84.574814,35.111764,0 
-84.578934,35.113169,0 
-84.580307,35.113169,0 
-84.583397,35.111764,0 
-84.58786,35.112045,0 
-84.588547,35.113169,0 
-84.59198,35.112888,0 
-84.597816,35.108394,0 
-84.601593,35.105305,0 
-84.60228,35.101372,0 
-84.605026,35.099968,0 
-84.608116,35.099125,0 
-84.610863,35.098563,0 
-84.612579,35.098563,0 
-84.614639,35.098563,0 
-84.617043,35.099406,0 
-84.621849,35.099406,0 
-84.623222,35.099125,0 
-84.625282,35.099968,0 
-84.628372,35.100811,0 
-84.629745,35.102496,0 
-84.632149,35.104462,0 
-84.635582,35.103338,0 
-84.636269,35.101372,0 
-84.639359,35.101653,0 
-84.644165,35.099125,0 
-84.647942,35.096035,0 
-84.653435,35.100811,0 
-84.663048,35.10699,0 
-84.672661,35.112607,0 
-84.68914,35.110922,0 
-84.702187,35.121032,0 
-84.717636,35.12749,0 
-84.728966,35.130017,0 
-84.750595,35.133106,0 
-84.760895,35.133948,0 
-84.790764,35.140967,0 
-84.809647,35.145179,0 
-84.817543,35.143494,0 
-84.848099,35.150232,0 
-84.851189,35.147424,0 
-84.858055,35.137318,0 
-84.861832,35.131702,0 
-84.889641,35.132545,0 
-84.895134,35.133668,0 
-84.899254,35.133948,0 
-84.920197,35.14181,0 
-84.938393,35.149389,0 
-84.947662,35.152758,0 
-84.951439,35.14967,0 
-84.970665,35.146021,0 
-84.985428,35.142652,0 
-84.992294,35.139564,0 
-84.995728,35.136195,0 
-85.003281,35.131421,0 
-85.018387,35.126648,0 
-85.03315,35.12749,0 
-85.038643,35.125525,0 
-85.042419,35.122998,0 
-85.046539,35.117662,0 
-85.049973,35.110922,0 
-85.053749,35.101091,0 
-85.058556,35.092103,0 
-85.061989,35.089293,0 
-85.068855,35.085641,0 
-85.076065,35.084517,0 
-85.079155,35.085641,0 
-85.079155,35.088731,0 
-85.078125,35.094069,0 
-85.078125,35.098844,0 
-85.079842,35.102777,0 
-85.081902,35.106147,0 
-85.082932,35.108675,0 
-85.082588,35.112888,0 
-85.082245,35.117381,0 
-85.084219,35.120049,0 
-85.086021,35.121874,0 
-85.105505,35.121523,0 
-85.107908,35.120611,0 
-85.110054,35.122155,0 
-85.112114,35.126086,0 
-85.112801,35.129737,0 
-85.114517,35.133668,0 
-85.117264,35.136756,0 
-85.118637,35.136756,0 
-85.120869,35.139634,0 
-85.119238,35.14181,0 
-85.115891,35.143775,0 
-85.112457,35.145179,0 
-85.110569,35.146231,0 
-85.109711,35.147986,0 
-85.106621,35.155004,0 
-85.105848,35.155705,0 
-85.106621,35.156618,0 
-85.106535,35.158863,0 
-85.106535,35.160828,0 
-85.106449,35.162021,0 
-85.108252,35.164898,0 
-85.110226,35.16595,0 
-85.110912,35.167424,0 
-85.112286,35.168757,0 
-85.113916,35.169949,0 
-85.115891,35.172826,0 
-85.116491,35.174089,0 
-85.117607,35.17444,0 
-85.119238,35.175071,0 
-85.121727,35.175001,0 
-85.124731,35.171353,0 
-85.126276,35.169599,0 
-85.126705,35.167845,0 
-85.125332,35.167003,0 
</coordinates>
</LineString>
</Placemark>

<Placemark><name>Day 103</name>
<description>around Chattanooga</description>
<styleUrl>#linecolor</styleUrl>
<LineString>
<tessellate>1</tessellate>
<altitudeMode>clampToGround</altitudeMode>
<coordinates>
-85.125418,35.166932,0 
-85.126534,35.167353,0 
-85.126705,35.168266,0 
-85.126705,35.169037,0 
-85.126362,35.169669,0 
-85.124645,35.171353,0 
-85.123959,35.171984,0 
-85.123444,35.173317,0 
-85.122929,35.173528,0 
-85.121813,35.175001,0 
-85.119495,35.174931,0 
-85.118294,35.17472,0 
-85.116405,35.173668,0 
-85.115633,35.172475,0 
-85.114002,35.17037,0 
-85.111856,35.168266,0 
-85.110912,35.167283,0 
-85.110054,35.16595,0 
-85.108337,35.164968,0 
-85.106363,35.161459,0 
-85.106535,35.156618,0 
-85.10602,35.155705,0 
-85.106535,35.154442,0 
-85.107994,35.151354,0 
-85.110483,35.146512,0 
-85.114002,35.144196,0 
-85.118809,35.142161,0 
-85.120697,35.139774,0 
-85.121555,35.13823,0 
-85.121813,35.133808,0 
-85.123615,35.130088,0 
-85.124903,35.128543,0 
-85.125418,35.126508,0 
-85.125332,35.124823,0 
-85.124903,35.122085,0 
-85.125332,35.119347,0 
-85.126534,35.11689,0 
-85.129194,35.114573,0 
-85.131769,35.113449,0 
-85.137005,35.111694,0 
-85.143614,35.108956,0 
-85.146704,35.107903,0 
-85.161209,35.104392,0 
-85.164642,35.103338,0 
-85.169191,35.100319,0 
-85.1752,35.095895,0 
-85.181293,35.092735,0 
-85.184898,35.090979,0 
-85.186272,35.089996,0 
-85.189276,35.087889,0 
-85.193052,35.085711,0 
-85.198116,35.084798,0 
-85.201807,35.084166,0 
-85.206614,35.082551,0 
-85.206099,35.081778,0 
-85.201807,35.077915,0 
-85.198975,35.075035,0 
-85.183182,35.034143,0 
-85.18198,35.031261,0 
-85.179319,35.029153,0 
-85.176744,35.027888,0 
-85.175114,35.026763,0 
-85.174513,35.02599,0 
-85.174341,35.024866,0 
-85.179577,35.01622,0 
-85.182066,35.01397,0 
-85.184383,35.012705,0 
-85.204639,35.007081,0 
-85.212536,35.005605,0 
-85.222578,35.00455,0 
-85.229101,35.005745,0 
-85.24395,35.011158,0 
-85.251245,35.0139,0 
-85.25631,35.017626,0 
-85.260773,35.02107,0 
-85.263348,35.02114,0 
-85.266781,35.019805,0 
-85.268583,35.01854,0 
-85.270214,35.015798,0 
-85.272446,35.014603,0 
-85.276308,35.015376,0 
-85.286093,35.018188,0 
-85.288925,35.01875,0 
-85.292702,35.01861,0 
-85.294676,35.01875,0 
-85.298452,35.022687,0 
-85.302744,35.025709,0 
-85.306864,35.027677,0 
-85.309267,35.029926,0 
-85.308752,35.031753,0 
-85.313644,35.03337,0 
-85.309525,35.040538,0 
-85.310383,35.042717,0 
-85.310297,35.045808,0 
-85.309439,35.04623,0 
-85.309782,35.04883,0 
-85.309696,35.051922,0 
-85.309868,35.055645,0 
-85.308752,35.062671,0 
-85.306864,35.06246,0 
-85.307722,35.056137,0 
-85.305834,35.054381,0 
-85.297852,35.050938,0 
-85.29562,35.051781,0 
-85.289354,35.052413,0 
-85.284376,35.054732,0 
-85.28017,35.056418,0 
-85.279655,35.056559,0 
-85.27751,35.057191,0 
-85.274162,35.060283,0 
-85.274334,35.063444,0 
-85.262661,35.084026,0 
-85.25794,35.091541,0 
-85.255966,35.093437,0 
-85.247555,35.095473,0 
-85.238028,35.096597,0 
-85.228329,35.093086,0 
-85.222921,35.088731,0 
-85.220776,35.089012,0 
-85.218716,35.089715,0 
-85.211506,35.086203,0 
-85.206785,35.08234,0 
-85.210218,35.085501,0 
-85.218801,35.090136,0 
-85.221119,35.088661,0 
-85.223007,35.088872,0 
-85.223179,35.089434,0 
-85.223951,35.089785,0 
-85.226355,35.092383,0 
-85.235109,35.095754,0 
-85.238113,35.096597,0 
-85.243778,35.096246,0 
-85.249701,35.095122,0 
-85.254936,35.093577,0 
-85.25691,35.092313,0 
-85.260258,35.088661,0 
-85.267124,35.076019,0 
-85.273991,35.064006,0 
-85.27442,35.062179,0 
-85.274162,35.060423,0 
-85.276051,35.058245,0 
-85.286436,35.053748,0 
-85.288668,35.052343,0 
-85.292273,35.051922,0 
-85.295362,35.051992,0 
-85.298796,35.050516,0 
-85.300684,35.050797,0 
-85.304546,35.052273,0 
-85.309782,35.052343,0 
-85.309782,35.050657,0 
-85.309782,35.048479,0 
-85.310211,35.045738,0 
-85.310297,35.042787,0 
-85.309525,35.040327,0 
-85.310726,35.03857,0 
-85.313644,35.03344,0 
-85.322914,35.016431,0 
-85.323601,35.015517,0 
-85.325146,35.014392,0 
-85.32609,35.012564,0 
-85.326519,35.01151,0 
-85.327549,35.010877,0 
-85.328064,35.009612,0 
-85.328665,35.007643,0 
-85.329866,35.00694,0 
-85.33021,35.006378,0 
-85.330896,35.006378,0 
-85.331326,35.006378,0 
-85.331583,35.006237,0 
-85.331154,35.005675,0 
-85.330982,35.005394,0 
-85.33124,35.005183,0 
-85.332012,35.004269,0 
-85.332785,35.003496,0 
-85.332956,35.002371,0 
-85.333643,35.001316,0 
-85.3339,35.000543,0 
-85.333986,34.999558,0 
-85.334587,34.999277,0 
-85.334759,34.998152,0 
-85.33493,34.99766,0 
-85.336304,34.996887,0 
-85.336905,34.996324,0 
-85.337162,34.995551,0 
-85.338621,34.994918,0 
-85.33905,34.994144,0 
-85.33905,34.993582,0 
-85.339823,34.99316,0 
-85.341024,34.990277,0 
-85.341883,34.989433,0 
-85.342999,34.98873,0 
-85.343943,34.988378,0 
-85.344458,34.988378,0 
-85.343771,34.987746,0 
-85.343771,34.987113,0 
-85.343943,34.986199,0 
-85.343943,34.985988,0 
-85.344114,34.985355,0 
-85.344629,34.983667,0 
-85.344887,34.982823,0 
-85.344629,34.981909,0 
-85.344887,34.981417,0 
-85.346088,34.980362,0 
-85.347204,34.979377,0 
-85.347891,34.97783,0 
-85.348063,34.976353,0 
-85.348921,34.975861,0 
-85.349779,34.975861,0 
-85.35347,34.975931,0 
-85.354328,34.974173,0 
-85.354242,34.970867,0 
-85.355186,34.970164,0 
-85.355701,34.969812,0 
-85.355101,34.968757,0 
-85.354071,34.968054,0 
-85.353727,34.967562,0 
-85.353899,34.966296,0 
-85.354586,34.966225,0 
-85.355015,34.9651,0 
-85.355272,34.963341,0 
-85.355272,34.962638,0 
-85.354671,34.961864,0 
-85.354671,34.961442,0 
</coordinates>
</LineString>
</Placemark>

<Placemark><name>Day 103</name>
<description>To get some Ham</description>
<styleUrl>#linecolor</styleUrl>
<LineString>
<tessellate>1</tessellate>
<altitudeMode>clampToGround</altitudeMode>
<coordinates>
-85.125675,35.167003,0 
-85.126619,35.167353,0 
-85.126705,35.168616,0 
-85.126705,35.169318,0 
-85.124645,35.171493,0 
-85.123272,35.173317,0 
-85.121813,35.175001,0 
-85.118637,35.174861,0 
-85.11632,35.173949,0 
-85.114689,35.171002,0 
-85.112028,35.168476,0 
-85.11014,35.16595,0 
-85.108166,35.164898,0 
-85.106707,35.1616,0 
-85.106535,35.156477,0 
-85.105934,35.155495,0 
-85.10293,35.156968,0 
-85.092545,35.160898,0 
-85.088253,35.162863,0 
-85.086708,35.163915,0 
-85.082331,35.164828,0 
-85.078897,35.166862,0 
-85.066967,35.180964,0 
-85.06465,35.183419,0 
-85.062504,35.184402,0 
-85.058384,35.186225,0 
-85.053577,35.18826,0 
-85.048428,35.192258,0 
-85.046625,35.194503,0 
-85.029888,35.216033,0 
-85.024996,35.222764,0 
-85.012035,35.23938,0 
-85.003881,35.249194,0 
-84.982252,35.274143,0 
-84.97324,35.285074,0 
-84.959249,35.301117,0 
-84.957619,35.299856,0 
-84.952984,35.296003,0 
-84.948864,35.2918,0 
-84.946547,35.288857,0 
-84.946461,35.287036,0 
-84.945173,35.285074,0 
-84.94277,35.282692,0 
-84.940281,35.279749,0 
-84.932127,35.27092,0 
-84.93041,35.269589,0 
-84.925261,35.268958,0 
-84.923458,35.268748,0 
-84.922342,35.267977,0 
-84.916935,35.263001,0 
-84.915819,35.261039,0 
-84.914017,35.259918,0 
-84.909039,35.257184,0 
-84.905519,35.254241,0 
-84.90097,35.251437,0 
-84.89934,35.249685,0 
-84.885778,35.231879,0 
-84.884062,35.229004,0 
-84.883633,35.227392,0 
-84.883375,35.225218,0 
-84.882345,35.214911,0 
-84.882517,35.213228,0 
-84.883461,35.211896,0 
-84.885864,35.20888,0 
-84.888954,35.202779,0 
-84.889898,35.199552,0 
-84.887152,35.194082,0 
-84.88595,35.1931,0 
-84.88492,35.193591,0 
-84.884405,35.195204,0 
-84.877281,35.199062,0 
-84.875135,35.201095,0 
-84.857798,35.224868,0 
-84.839859,35.249685,0 
-84.820719,35.276316,0 
-84.819345,35.278838,0 
-84.812908,35.292921,0 
-84.806299,35.307701,0 
-84.804497,35.311413,0 
-84.803553,35.312604,0 
-84.802351,35.313584,0 
-84.789133,35.322059,0 
-84.786644,35.323179,0 
-84.784069,35.324019,0 
-84.76613,35.327311,0 
-84.761066,35.329061,0 
-84.756775,35.332072,0 
-84.756517,35.332212,0 
-84.753599,35.336203,0 
-84.75008,35.344255,0 
-84.74493,35.353076,0 
-84.739094,35.362036,0 
-84.737377,35.365256,0 
-84.734116,35.372115,0 
-84.731197,35.376454,0 
-84.721069,35.38863,0 
-84.711971,35.398286,0 
-84.700298,35.411438,0 
-84.698753,35.413677,0 
-84.696865,35.416754,0 
-84.692574,35.423609,0 
-84.68708,35.428785,0 
-84.671631,35.44361,0 
-84.657211,35.457594,0 
-84.58374,35.531388,0 
-84.528465,35.584735,0 
-84.524002,35.589481,0 
-84.515762,35.598973,0 
-84.508896,35.598136,0 
-84.48864,35.595623,0 
-84.482288,35.593948,0 
-84.463406,35.583897,0 
-84.461517,35.579988,0 
-84.462891,35.576498,0 
-84.464779,35.572169,0 
-84.460144,35.560021,0 
-84.455509,35.551502,0 
-84.453964,35.549686,0 
-84.446754,35.544938,0 
-84.444008,35.542004,0 
-84.442463,35.537395,0 
-84.440403,35.535579,0 
-84.439201,35.53502,0 
-84.436455,35.53516,0 
-84.434223,35.534322,0 
-84.42976,35.536557,0 
-84.429417,35.536417,0 
-84.433537,35.533763,0 
-84.429417,35.529991,0 
-84.427013,35.528873,0 
-84.415169,35.51588,0 
-84.411392,35.513644,0 
-84.406586,35.513505,0 
-84.402637,35.514623,0 
-84.398689,35.516439,0 
-84.394398,35.517976,0 
-84.385815,35.518535,0 
-84.381351,35.518395,0 
-84.376717,35.516579,0 
-84.371567,35.509313,0 
-84.367104,35.51071,0 
-84.363499,35.511828,0 
-84.362297,35.513225,0 
-84.360237,35.516299,0 
-84.352512,35.521329,0 
-84.351997,35.523844,0 
-84.297752,35.561557,0 
-84.296722,35.560859,0 
</coordinates>
</LineString>
</Placemark>

<Placemark><name>Day 104</name>
<description>To the Treehouse</description>
<styleUrl>#linecolor</styleUrl>
<LineString>
<tessellate>1</tessellate>
<altitudeMode>clampToGround</altitudeMode>
<coordinates>
-85.12619,35.169458,0 
-85.124645,35.172545,0 
-85.121899,35.173949,0 
-85.115719,35.173808,0 
-85.115719,35.172405,0 
-85.114689,35.171002,0 
-85.113831,35.170581,0 
-85.112114,35.169879,0 
-85.110741,35.168616,0 
-85.109024,35.164968,0 
-85.108337,35.164266,0 
-85.107651,35.163003,0 
-85.106449,35.160477,0 
-85.106449,35.158512,0 
-85.106792,35.156547,0 
-85.105762,35.155284,0 
-85.103188,35.156968,0 
-85.095463,35.159495,0 
-85.086365,35.163564,0 
-85.080872,35.165669,0 
-85.067482,35.180684,0 
-85.063877,35.184191,0 
-85.059242,35.185734,0 
-85.053749,35.188681,0 
-85.048943,35.191767,0 
-85.045509,35.195695,0 
-85.01255,35.239731,0 
-84.986115,35.269589,0 
-84.976501,35.28094,0 
-84.960365,35.299155,0 
-84.959679,35.301397,0 
-84.966202,35.30644,0 
-84.967232,35.307841,0 
-84.967918,35.308682,0 
-84.967575,35.313164,0 
-84.965858,35.321848,0 
-84.966888,35.32493,0 
-84.969292,35.32633,0 
-84.971008,35.330812,0 
-84.971352,35.332772,0 
-84.971352,35.337814,0 
-84.971352,35.339774,0 
-84.972382,35.340895,0 
-84.974098,35.343135,0 
-84.976158,35.348456,0 
-84.978561,35.348736,0 
-84.987831,35.350976,0 
-84.991608,35.352656,0 
-84.993668,35.358816,0 
-84.993668,35.361336,0 
-84.991608,35.363296,0 
-84.990234,35.366376,0 
-84.991951,35.368195,0 
-84.992981,35.369455,0 
-84.994354,35.370855,0 
-84.995728,35.372535,0 
-84.996758,35.373795,0 
-84.998474,35.377434,0 
-85.0177,35.407521,0 
-85.01976,35.411158,0 
-85.022335,35.414376,0 
-85.02388,35.418153,0 
-85.024738,35.421511,0 
-85.025253,35.426127,0 
-85.02491,35.430043,0 
-85.02388,35.43396,0 
-85.02285,35.438435,0 
-85.021133,35.441372,0 
-85.018215,35.445009,0 
-85.014954,35.448784,0 
-85.010834,35.45256,0 
-85.010319,35.455077,0 
-85.010319,35.456056,0 
-85.013237,35.459831,0 
-85.018044,35.464585,0 
-85.021648,35.469199,0 
-85.021648,35.471156,0 
-85.021305,35.473532,0 
-85.020618,35.476189,0 
-85.021133,35.478006,0 
-85.025253,35.480802,0 
-85.022163,35.482898,0 
-85.013237,35.488489,0 
-85.00843,35.492962,0 
-85.012207,35.495338,0 
-85.01049,35.497714,0 
-85.012379,35.498552,0 
-85.014095,35.498692,0 
-85.017014,35.498832,0 
-85.020447,35.498552,0 
-85.023022,35.498692,0 
-85.02594,35.500229,0 
-85.03006,35.501627,0 
-85.032635,35.503024,0 
-85.034351,35.502465,0 
-85.036926,35.501627,0 
-85.039158,35.501347,0 
-85.040531,35.501906,0 
-85.040531,35.504282,0 
-85.040874,35.506378,0 
-85.040531,35.507496,0 
-85.039501,35.508474,0 
-85.0383,35.510151,0 
-85.037785,35.511828,0 
-85.03727,35.513784,0 
-85.037785,35.514902,0 
-85.039501,35.516299,0 
-85.041218,35.518395,0 
-85.041218,35.519233,0 
-85.040874,35.520491,0 
-85.040016,35.522167,0 
-85.039501,35.523565,0 
-85.039501,35.524543,0 
-85.039845,35.525101,0 
-85.041904,35.525101,0 
-85.043621,35.524543,0 
-85.044479,35.524543,0 
-85.046024,35.5258,0 
-85.048256,35.526918,0 
-85.049286,35.527057,0 
-85.049286,35.527756,0 
-85.049458,35.53055,0 
-85.050316,35.532087,0 
-85.063019,35.542004,0 
-85.068855,35.546055,0 
-85.071774,35.54801,0 
-85.07555,35.550105,0 
-85.090828,35.556111,0 
-85.093746,35.557787,0 
-85.095119,35.558764,0 
-85.096836,35.562255,0 
-85.099411,35.565886,0 
-85.101299,35.567422,0 
-85.106106,35.569098,0 
-85.111084,35.571052,0 
-85.113487,35.57189,0 
-85.115032,35.572309,0 
-85.117607,35.576218,0 
-85.12001,35.579709,0 
-85.121899,35.580965,0 
-85.124989,35.582501,0 
-85.12619,35.58292,0 
-85.128765,35.586829,0 
-85.132027,35.589621,0 
-85.134602,35.591017,0 
-85.136318,35.592413,0 
-85.13855,35.592133,0 
-85.14164,35.591854,0 
-85.1437,35.591575,0 
-85.145931,35.593809,0 
-85.150223,35.593669,0 
-85.152283,35.591994,0 
-85.153313,35.590598,0 
-85.154343,35.589342,0 
-85.154514,35.587806,0 
-85.154343,35.585293,0 
-85.154171,35.584037,0 
-85.155373,35.582361,0 
-85.156059,35.580965,0 
-85.156059,35.578592,0 
-85.155029,35.577754,0 
-85.154858,35.576218,0 
-85.154171,35.575101,0 
-85.152454,35.572309,0 
-85.152454,35.571192,0 
-85.152969,35.570913,0 
-85.153484,35.57189,0 
-85.154171,35.572449,0 
-85.160179,35.579709,0 
-85.161381,35.580547,0 
-85.164471,35.580547,0 
-85.166874,35.580686,0 
-85.17065,35.583339,0 
-85.174084,35.584735,0 
-85.187645,35.59004,0 
-85.188332,35.593809,0 
-85.190907,35.596321,0 
-85.190735,35.602183,0 
-85.18919,35.605394,0 
-85.18816,35.610976,0 
-85.186615,35.616698,0 
-85.185928,35.617814,0 
-85.164642,35.647114,0 
-85.126534,35.679331,0 
-85.102844,35.70582,0 
-85.080357,35.731185,0 
-85.069199,35.743726,0 
-85.06731,35.745398,0 
-85.064049,35.74707,0 
-85.060787,35.748602,0 
-85.058556,35.749856,0 
-85.058212,35.750831,0 
-85.056324,35.756125,0 
-85.054436,35.758493,0 
-85.053062,35.759747,0 
-85.051861,35.761697,0 
-85.049801,35.763229,0 
-85.048771,35.765876,0 
-85.047398,35.76699,0 
-85.045681,35.767547,0 
-85.042591,35.770751,0 
-85.040016,35.77284,0 
-85.038815,35.776043,0 
-85.034866,35.778689,0 
-85.03315,35.7805,0 
-85.031261,35.783285,0 
-85.026283,35.792614,0 
-85.021133,35.802639,0 
-85.020962,35.804728,0 
-85.019073,35.819623,0 
-85.019245,35.823659,0 
-85.018559,35.837994,0 
-85.017529,35.841056,0 
-85.015297,35.845787,0 
-85.013752,35.849265,0 
-85.003967,35.869021,0 
-85.003624,35.871108,0 
-85.002594,35.883765,0 
-85.001564,35.887798,0 
-84.998474,35.889467,0 
-84.993153,35.893222,0 
-84.993496,35.897672,0 
-84.986115,35.903095,0 
-84.985256,35.905598,0 
-84.986458,35.90671,0 
-84.997101,35.918528,0 
-85.003967,35.925062,0 
-85.012379,35.931873,0 
-85.01564,35.934653,0 
-85.017872,35.938683,0 
-85.022335,35.941741,0 
-85.024974,35.945997,0 
-85.030231,35.954387,0 
-85.02579,35.957288,0 
-85.024245,35.958208,0 
-85.023987,35.958833,0 
-85.023236,35.962672,0 
-85.022335,35.964322,0 
-85.02064,35.966649,0 
-85.020339,35.967014,0 
-85.018172,35.969219,0 
-85.017142,35.970487,0 
-85.01667,35.971442,0 
-85.015833,35.974689,0 
-85.01476,35.97818,0 
-85.014117,35.981427,0 
-85.013537,35.98266,0 
-85.011628,35.984761,0 
-85.011327,35.98457,0 
-85.010941,35.984066,0 
-85.010641,35.983476,0 
-85.010104,35.983233,0 
-84.998345,35.979065,0 
-84.994934,35.984952,0 
</coordinates>
</LineString>
</Placemark>

<Placemark><name>Day 105</name>
<description>Tennessee Whiskey Country</description>
<styleUrl>#linecolor</styleUrl>
<LineString>
<tessellate>1</tessellate>
<altitudeMode>clampToGround</altitudeMode>
<coordinates>
-85.125246,35.166862,0 
-85.126276,35.167213,0 
-85.126619,35.168125,0 
-85.126705,35.169178,0 
-85.124645,35.171142,0 
-85.123186,35.173317,0 
-85.121813,35.175071,0 
-85.118723,35.174861,0 
-85.116491,35.173878,0 
-85.114431,35.170581,0 
-85.112371,35.168687,0 
-85.110741,35.167353,0 
-85.110312,35.16609,0 
-85.107908,35.164757,0 
-85.106535,35.161951,0 
-85.106707,35.159986,0 
-85.106621,35.15774,0 
-85.10602,35.155705,0 
-85.110226,35.146723,0 
-85.111856,35.145529,0 
-85.116234,35.143354,0 
-85.118637,35.142161,0 
-85.120354,35.140616,0 
-85.121126,35.139143,0 
-85.121813,35.134721,0 
-85.122242,35.132474,0 
-85.123444,35.130017,0 
-85.124645,35.128965,0 
-85.12516,35.12749,0 
-85.12516,35.124612,0 
-85.124989,35.122085,0 
-85.12516,35.119207,0 
-85.12722,35.116679,0 
-85.129967,35.114152,0 
-85.134258,35.112326,0 
-85.141811,35.109518,0 
-85.145931,35.108254,0 
-85.163269,35.1039,0 
-85.165844,35.103058,0 
-85.174084,35.096878,0 
-85.177002,35.095333,0 
-85.184727,35.091119,0 
-85.191936,35.086203,0 
-85.195541,35.08522,0 
-85.202923,35.084517,0 
-85.206528,35.08241,0 
-85.199146,35.075667,0 
-85.194168,35.063444,0 
-85.183353,35.035057,0 
-85.181808,35.031402,0 
-85.178375,35.029012,0 
-85.173912,35.027185,0 
-85.173912,35.024936,0 
-85.176487,35.02114,0 
-85.181808,35.014533,0 
-85.207729,35.0068,0 
-85.219917,35.005394,0 
-85.224724,35.004972,0 
-85.23159,35.006519,0 
-85.24086,35.009893,0 
-85.25322,35.014814,0 
-85.256653,35.017766,0 
-85.261288,35.021281,0 
-85.263519,35.020859,0 
-85.267639,35.019032,0 
-85.270901,35.015095,0 
-85.275021,35.014392,0 
-85.279655,35.01622,0 
-85.28944,35.01875,0 
-85.29356,35.018329,0 
-85.295277,35.018891,0 
-85.299568,35.02353,0 
-85.30489,35.026763,0 
-85.315533,35.03098,0 
-85.319824,35.032386,0 
-85.321541,35.03098,0 
-85.323257,35.026763,0 
-85.326347,35.021562,0 
-85.332184,35.018469,0 
-85.335789,35.019453,0 
-85.342484,35.025358,0 
-85.34935,35.02831,0 
-85.354156,35.029434,0 
-85.377159,35.024655,0 
-85.379047,35.02353,0 
-85.3866,35.015939,0 
-85.389347,35.012002,0 
-85.395184,35.00694,0 
-85.396557,35.003847,0 
-85.39793,34.997519,0 
-85.400333,34.993723,0 
-85.403252,34.989363,0 
-85.408058,34.984581,0 
-85.409603,34.982753,0 
-85.41647,34.978111,0 
-85.419216,34.974595,0 
-85.422821,34.971078,0 
-85.423851,34.969953,0 
-85.432434,34.967702,0 
-85.435867,34.967702,0 
-85.442219,34.971641,0 
-85.44857,34.971922,0 
-85.452862,34.973188,0 
-85.45681,34.978815,0 
-85.459042,34.980643,0 
-85.464878,34.983315,0 
-85.468311,34.985566,0 
-85.472431,34.990629,0 
-85.481014,34.991472,0 
-85.484962,34.991472,0 
-85.489597,34.989504,0 
-85.494404,34.988941,0 
-85.496979,34.987535,0 
-85.502644,34.987394,0 
-85.507107,34.989082,0 
-85.509682,34.993441,0 
-85.511398,34.997097,0 
-85.511913,34.999769,0 
-85.512257,35.003706,0 
-85.515003,35.005816,0 
-85.518093,35.006659,0 
-85.523243,35.006237,0 
-85.526848,35.007081,0 
-85.530624,35.011018,0 
-85.539894,35.015095,0 
-85.554485,35.02353,0 
-85.558777,35.025639,0 
-85.564613,35.027044,0 
-85.576286,35.030699,0 
-85.579376,35.032105,0 
-85.587788,35.037868,0 
-85.592937,35.041803,0 
-85.596371,35.042927,0 
-85.61182,35.045738,0 
-85.641518,35.051359,0 
-85.644951,35.050938,0 
-85.653706,35.048549,0 
-85.670357,35.044192,0 
-85.678082,35.04096,0 
-85.681858,35.038992,0 
-85.683746,35.038711,0 
-85.690441,35.039695,0 
-85.699024,35.043349,0 
-85.711727,35.052062,0 
-85.721512,35.058245,0 
-85.733185,35.07075,0 
-85.734901,35.072577,0 
-85.736103,35.074824,0 
-85.737133,35.099266,0 
-85.737476,35.10067,0 
-85.741253,35.104883,0 
-85.77404,35.144477,0 
-85.776443,35.147705,0 
-85.778675,35.150372,0 
-85.784683,35.154583,0 
-85.7864,35.156968,0 
-85.787601,35.159354,0 
-85.791035,35.167915,0 
-85.795155,35.172545,0 
-85.795155,35.175211,0 
-85.793266,35.177877,0 
-85.785542,35.185594,0 
-85.783997,35.189803,0 
-85.784168,35.191907,0 
-85.785027,35.194713,0 
-85.78846,35.198781,0 
-85.79052,35.201025,0 
-85.790863,35.20369,0 
-85.78743,35.210984,0 
-85.787773,35.213088,0 
-85.79052,35.213789,0 
-85.799618,35.213929,0 
-85.801849,35.214771,0 
-85.802708,35.216313,0 
-85.803394,35.21996,0 
-85.804081,35.220801,0 
-85.807171,35.222484,0 
-85.809231,35.22613,0 
-85.813007,35.230196,0 
-85.815411,35.230897,0 
-85.826397,35.231739,0 
-85.829315,35.232159,0 
-85.851974,35.242114,0 
-85.859184,35.243656,0 
-85.862103,35.242395,0 
-85.863132,35.239871,0 
-85.865707,35.237768,0 
-85.868454,35.237628,0 
-85.875492,35.238048,0 
-85.877209,35.239731,0 
-85.876179,35.240852,0 
-85.873432,35.244638,0 
-85.872917,35.247582,0 
-85.87326,35.250666,0 
-85.873432,35.254451,0 
-85.87326,35.257254,0 
-85.875664,35.260759,0 
-85.877895,35.26174,0 
-85.880642,35.263141,0 
-85.882702,35.263562,0 
-85.884418,35.266505,0 
-85.888882,35.269448,0 
-85.889912,35.27099,0 
-85.892487,35.28122,0 
-85.894032,35.286125,0 
-85.896606,35.29243,0 
-85.903301,35.300276,0 
-85.937977,35.337534,0 
-85.946217,35.347896,0 
-86.01265,35.413677,0 
-86.016769,35.417734,0 
-86.045265,35.445987,0 
-86.049042,35.450882,0 
-86.052818,35.458013,0 
-86.06638,35.463187,0 
-86.081142,35.476468,0 
-86.096764,35.448085,0 
-86.114445,35.418713,0 
-86.118221,35.413117,0 
-86.123028,35.409619,0 
-86.139336,35.398146,0 
-86.191521,35.366656,0 
-86.195126,35.364696,0 
-86.197014,35.361756,0 
-86.206799,35.356436,0 
-86.216755,35.367076,0 
-86.218472,35.366656,0 
-86.220188,35.366656,0 
-86.222076,35.366656,0 
-86.227226,35.365256,0 
-86.240959,35.364136,0 
-86.273746,35.360216,0 
-86.297607,35.356996,0 
-86.304474,35.356856,0 
-86.320267,35.355036,0 
-86.329708,35.353636,0 
-86.335545,35.352236,0 
-86.339836,35.350836,0 
-86.346016,35.346075,0 
-86.347733,35.344395,0 
-86.348076,35.342715,0 
-86.348763,35.338514,0 
-86.349449,35.332492,0 
-86.349792,35.329691,0 
-86.349964,35.328291,0 
-86.351509,35.32577,0 
-86.355801,35.320588,0 
-86.358547,35.315545,0 
-86.362324,35.3056,0 
-86.366444,35.294111,0 
-86.368675,35.287806,0 
-86.369448,35.286125,0 
-86.369233,35.285599,0 
-86.369061,35.285494,0 
-86.369104,35.285354,0 
-86.369491,35.285459,0 
-86.369576,35.285669,0 
-86.369791,35.28574,0 
-86.370392,35.285214,0 
-86.371465,35.284268,0 
-86.371422,35.283778,0 
-86.371422,35.283322,0 
-86.371765,35.282867,0 
-86.377859,35.280905,0 
-86.378374,35.278558,0 
-86.378599,35.277905,0 
-86.378862,35.277108,0 
-86.379243,35.276473,0 
-86.379522,35.276193,0 
-86.38,35.27572,0 
-86.380112,35.275597,0 
-86.380364,35.275129,0 
-86.380692,35.274143,0 
-86.380396,35.27392,0 
-86.379892,35.273811,0 
-86.379581,35.273828,0 
-86.379388,35.273973,0 
-86.379136,35.274187,0 
-86.378991,35.274393,0 
-86.378438,35.274345,0 
-86.378519,35.274244,0 
</coordinates>
</LineString>
</Placemark>

<Placemark><name>Day 106</name>
<description>Into a Tornado</description>
<styleUrl>#linecolor</styleUrl>
<LineString>
<tessellate>1</tessellate>
<altitudeMode>clampToGround</altitudeMode>
<coordinates>
-86.246452,35.438435,0 
-86.245723,35.43854,0 
-86.244736,35.435393,0 
-86.244135,35.43368,0 
-86.243191,35.431967,0 
-86.242161,35.430533,0 
-86.241131,35.429624,0 
-86.240444,35.427596,0 
-86.239672,35.425427,0 
-86.239328,35.423924,0 
-86.239543,35.422595,0 
-86.238642,35.420811,0 
-86.238856,35.419972,0 
-86.239371,35.418713,0 
-86.2395,35.417804,0 
-86.239586,35.417209,0 
-86.238985,35.416125,0 
-86.237826,35.415425,0 
-86.236153,35.413781,0 
-86.235251,35.413187,0 
-86.234565,35.412872,0 
-86.234565,35.412277,0 
-86.234736,35.411158,0 
-86.235166,35.410074,0 
-86.235037,35.409235,0 
-86.233749,35.407835,0 
-86.231689,35.406436,0 
-86.230187,35.404233,0 
-86.228213,35.402519,0 
-86.227269,35.401189,0 
-86.226325,35.400245,0 
-86.22508,35.39965,0 
-86.223879,35.398286,0 
-86.223493,35.397166,0 
-86.222634,35.395977,0 
-86.221046,35.393213,0 
-86.219459,35.38961,0 
-86.220016,35.385971,0 
-86.217399,35.379883,0 
-86.213923,35.37117,0 
-86.21006,35.370995,0 
-86.209803,35.370575,0 
-86.208773,35.369525,0 
-86.208558,35.369035,0 
-86.205082,35.365326,0 
-86.211476,35.361546,0 
-86.216669,35.367321,0 
-86.218214,35.366481,0 
-86.219244,35.366376,0 
-86.221175,35.366516,0 
-86.222291,35.366271,0 
-86.224523,35.365501,0 
-86.226282,35.365011,0 
-86.228943,35.364906,0 
-86.239972,35.363996,0 
-86.243448,35.363716,0 
-86.273146,35.360006,0 
-86.297951,35.356996,0 
-86.301126,35.356996,0 
-86.325331,35.353846,0 
-86.329451,35.353286,0 
-86.335373,35.352096,0 
-86.34078,35.349926,0 
-86.345072,35.347266,0 
-86.346874,35.345235,0 
-86.348076,35.342925,0 
-86.348848,35.337744,0 
-86.349792,35.329061,0 
-86.350393,35.327101,0 
-86.352797,35.323879,0 
-86.356916,35.319117,0 
-86.358204,35.316526,0 
-86.360607,35.310082,0 
-86.366959,35.292991,0 
-86.368332,35.288717,0 
-86.369104,35.286825,0 
-86.369619,35.285845,0 
-86.371422,35.284303,0 
-86.371508,35.283462,0 
-86.372366,35.282622,0 
-86.377773,35.28087,0 
-86.37846,35.277927,0 
-86.378803,35.276946,0 
-86.379404,35.276105,0 
-86.380091,35.275615,0 
-86.38052,35.274003,0 
-86.379318,35.273723,0 
-86.378889,35.274494,0 
-86.378031,35.274284,0 
-86.378288,35.273793,0 
-86.378803,35.273583,0 
-86.380606,35.273653,0 
-86.381464,35.272532,0 
-86.384211,35.270009,0 
-86.387558,35.267697,0 
-86.39039,35.267276,0 
-86.400518,35.25417,0 
-86.410046,35.242535,0 
-86.416655,35.2323,0 
-86.417599,35.231108,0 
-86.418543,35.229776,0 
-86.419401,35.228093,0 
-86.420517,35.22648,0 
-86.421976,35.225429,0 
-86.425152,35.223746,0 
-86.426182,35.223466,0 
-86.428156,35.223185,0 
-86.436396,35.222975,0 
-86.443348,35.221432,0 
-86.44824,35.218978,0 
-86.452789,35.215682,0 
-86.45442,35.21442,0 
-86.454763,35.21428,0 
-86.455708,35.213929,0 
-86.458282,35.213158,0 
-86.471329,35.209932,0 
-86.472359,35.209722,0 
-86.488667,35.205023,0 
-86.49107,35.204392,0 
-86.502743,35.198641,0 
-86.508751,35.193871,0 
-86.514673,35.187769,0 
-86.518707,35.180333,0 
-86.522398,35.173317,0 
-86.527205,35.167985,0 
-86.530724,35.164757,0 
-86.530895,35.164126,0 
-86.535101,35.163635,0 
-86.542397,35.163214,0 
-86.547546,35.162582,0 
-86.551409,35.162161,0 
-86.560936,35.15746,0 
-86.566086,35.152407,0 
-86.566687,35.151916,0 
-86.570721,35.152267,0 
-86.579733,35.15346,0 
-86.580677,35.155495,0 
-86.591578,35.156618,0 
-86.594238,35.156898,0 
-86.598101,35.15767,0 
-86.601448,35.157881,0 
-86.607542,35.158161,0 
-86.620245,35.161038,0 
-86.622133,35.162091,0 
-86.623421,35.163635,0 
-86.626339,35.167985,0 
-86.632519,35.177877,0 
-86.634064,35.179281,0 
-86.64196,35.18349,0 
-86.644535,35.184402,0 
-86.648912,35.185384,0 
-86.66007,35.186646,0 
-86.672945,35.190434,0 
-86.678438,35.192398,0 
-86.688566,35.196326,0 
-86.690626,35.196326,0 
-86.697321,35.196326,0 
-86.704273,35.196887,0 
-86.707363,35.197659,0 
-86.71483,35.200815,0 
-86.725388,35.206636,0 
-86.730452,35.209301,0 
-86.73337,35.210142,0 
-86.736717,35.209581,0 
-86.7453,35.208039,0 
-86.747103,35.207127,0 
-86.749849,35.205023,0 
-86.751738,35.20334,0 
-86.754913,35.201025,0 
-86.75766,35.200043,0 
-86.760492,35.200184,0 
-86.769762,35.200534,0 
-86.772766,35.200394,0 
-86.777315,35.201306,0 
-86.787186,35.200885,0 
-86.794052,35.196537,0 
-86.796627,35.195064,0 
-86.801176,35.192048,0 
-86.814222,35.18854,0 
-86.82066,35.187348,0 
-86.825123,35.187839,0 
-86.834221,35.188681,0 
-86.848297,35.187278,0 
-86.850958,35.187699,0 
-86.871815,35.193731,0 
-86.874561,35.194573,0 
-86.881771,35.194643,0 
-86.886406,35.194923,0 
-86.894217,35.194993,0 
-86.900311,35.195975,0 
-86.902456,35.195555,0 
-86.905117,35.193521,0 
-86.910095,35.190013,0 
-86.925974,35.182016,0 
-86.928463,35.181104,0 
-86.93593,35.182016,0 
-86.93799,35.181806,0 
-86.941252,35.180263,0 
-86.944942,35.179,0 
-86.947947,35.178579,0 
-86.95035,35.178088,0 
-86.955328,35.177386,0 
-86.964169,35.177456,0 
-86.972494,35.177527,0 
-86.980476,35.177597,0 
-86.982279,35.177527,0 
-86.987085,35.176544,0 
-86.99172,35.175282,0 
-86.996956,35.175492,0 
-86.999102,35.175141,0 
-87.004251,35.173177,0 
-87.01232,35.17037,0 
-87.014208,35.17009,0 
-87.015667,35.17009,0 
-87.018757,35.17002,0 
-87.022619,35.17002,0 
-87.027683,35.169248,0 
-87.031546,35.168266,0 
-87.035408,35.166652,0 
-87.038069,35.166441,0 
-87.041845,35.167704,0 
-87.044935,35.169318,0 
-87.051287,35.17023,0 
-87.05472,35.170791,0 
-87.057123,35.172826,0 
-87.059698,35.176825,0 
-87.06459,35.188821,0 
-87.06459,35.190364,0 
-87.062874,35.204883,0 
-87.068367,35.207267,0 
-87.075233,35.209231,0 
-87.080727,35.211615,0 
-87.081842,35.211685,0 
-87.090082,35.212176,0 
-87.09609,35.210844,0 
-87.096949,35.210423,0 
-87.099438,35.210703,0 
-87.10845,35.211825,0 
-87.114973,35.213649,0 
-87.11978,35.216594,0 
-87.12656,35.218207,0 
-87.13068,35.219329,0 
-87.139349,35.222975,0 
-87.146559,35.230757,0 
-87.151194,35.23258,0 
-87.153082,35.233001,0 
-87.158146,35.233001,0 
-87.172136,35.22648,0 
-87.174196,35.225779,0 
-87.18544,35.22606,0 
-87.186813,35.225779,0 
-87.19574,35.222414,0 
-87.196255,35.222063,0 
-87.199087,35.21989,0 
-87.20089,35.218768,0 
-87.203035,35.218417,0 
-87.207155,35.218417,0 
-87.210674,35.218838,0 
-87.21385,35.218277,0 
-87.215652,35.218137,0 
-87.225266,35.219609,0 
-87.242689,35.222834,0 
-87.261572,35.22648,0 
-87.26552,35.227182,0 
-87.269468,35.228163,0 
-87.273245,35.228654,0 
-87.274532,35.229215,0 
-87.280884,35.23272,0 
-87.282429,35.233351,0 
-87.285433,35.234193,0 
-87.289381,35.235034,0 
-87.292299,35.235525,0 
-87.296848,35.236857,0 
-87.301655,35.237628,0 
-87.304487,35.238118,0 
-87.306376,35.237908,0 
-87.309465,35.237277,0 
-87.316332,35.238539,0 
-87.318649,35.23896,0 
-87.327404,35.240151,0 
-87.33058,35.240852,0 
-87.339077,35.243236,0 
-87.34045,35.243726,0 
-87.341394,35.243797,0 
-87.34663,35.242955,0 
-87.354527,35.242815,0 
-87.358131,35.242745,0 
-87.360449,35.243025,0 
-87.363195,35.244217,0 
-87.365685,35.245479,0 
-87.371264,35.252979,0 
-87.372036,35.25417,0 
-87.373152,35.256063,0 
-87.374353,35.258095,0 
-87.374954,35.258656,0 
-87.377701,35.259497,0 
-87.378817,35.259847,0 
-87.381048,35.26174,0 
-87.383537,35.265804,0 
-87.384567,35.267206,0 
-87.387228,35.270079,0 
-87.389975,35.272812,0 
-87.390575,35.274003,0 
-87.392035,35.275405,0 
-87.393665,35.276736,0 
-87.39727,35.279118,0 
-87.398386,35.279819,0 
-87.399845,35.281431,0 
-87.401648,35.282692,0 
-87.403021,35.284163,0 
-87.404308,35.285845,0 
-87.406282,35.289628,0 
-87.40757,35.290679,0 
-87.41581,35.295302,0 
-87.418041,35.295863,0 
-87.422247,35.296143,0 
-87.443876,35.302027,0 
-87.44585,35.302518,0 
-87.449627,35.302097,0 
-87.453146,35.301957,0 
-87.45615,35.302097,0 
-87.460613,35.302097,0 
-87.467222,35.303218,0 
-87.468767,35.303288,0 
-87.472029,35.303148,0 
-87.475033,35.302868,0 
-87.478466,35.303288,0 
-87.481127,35.303568,0 
-87.483788,35.303849,0 
-87.487907,35.303008,0 
-87.489967,35.303568,0 
-87.507477,35.308261,0 
-87.514601,35.309522,0 
-87.518206,35.310713,0 
-87.520523,35.311553,0 
-87.531509,35.311553,0 
-87.536659,35.311203,0 
-87.543869,35.311133,0 
-87.556057,35.310222,0 
-87.56258,35.309942,0 
-87.565241,35.310433,0 
-87.56773,35.311973,0 
-87.575541,35.317857,0 
-87.580519,35.321218,0 
-87.588243,35.32535,0 
-87.593565,35.327591,0 
-87.597084,35.328921,0 
-87.599487,35.329271,0 
-87.601891,35.329271,0 
-87.61219,35.329902,0 
-87.6194,35.329762,0 
-87.625237,35.329691,0 
-87.627039,35.330112,0 
-87.629356,35.330742,0 
-87.648411,35.338934,0 
-87.656565,35.342505,0 
-87.657595,35.342925,0 
-87.65974,35.343065,0 
-87.667723,35.342225,0 
-87.669353,35.341735,0 
-87.687035,35.334103,0 
-87.688494,35.333263,0 
-87.689524,35.332002,0 
-87.690983,35.329691,0 
-87.692184,35.328781,0 
-87.702999,35.323319,0 
-87.705145,35.322549,0 
-87.707462,35.322199,0 
-87.710037,35.321778,0 
-87.712612,35.321918,0 
-87.714844,35.322269,0 
-87.721882,35.32444,0 
-87.723513,35.32479,0 
-87.726774,35.32479,0 
-87.730551,35.325,0 
-87.735786,35.32619,0 
-87.736902,35.32626,0 
-87.739391,35.32542,0 
-87.742395,35.324159,0 
-87.743855,35.323599,0 
-87.745657,35.323529,0 
-87.748747,35.323319,0 
-87.751923,35.32451,0 
-87.756815,35.32633,0 
-87.758188,35.32647,0 
-87.761707,35.327591,0 
-87.764111,35.328431,0 
-87.767973,35.328431,0 
-87.770548,35.328991,0 
-87.774668,35.329902,0 
-87.776642,35.330182,0 
-87.779131,35.329411,0 
-87.780247,35.328151,0 
-87.789688,35.314495,0 
-87.790976,35.312464,0 
-87.792006,35.307701,0 
-87.792864,35.30616,0 
-87.795181,35.303428,0 
-87.79707,35.301747,0 
-87.799559,35.300276,0 
-87.803249,35.299015,0 
-87.809172,35.297404,0 
-87.813034,35.296844,0 
-87.819214,35.296213,0 
-87.824106,35.295793,0 
-87.829857,35.295583,0 
-87.834234,35.296213,0 
-87.839384,35.296423,0 
-87.841873,35.296493,0 
-87.843847,35.296073,0 
-87.849941,35.293761,0 
-87.85346,35.29243,0 
-87.85552,35.29166,0 
-87.857323,35.2918,0 
-87.858696,35.2925,0 
-87.866249,35.296703,0 
-87.868652,35.297544,0 
-87.871656,35.298034,0 
-87.873459,35.298595,0 
-87.881784,35.302728,0 
-87.884188,35.303568,0 
-87.886419,35.303708,0 
-87.890196,35.303708,0 
-87.894573,35.304759,0 
-87.900152,35.30581,0 
-87.902384,35.30595,0 
-87.90513,35.30595,0 
-87.908735,35.30623,0 
-87.911482,35.30658,0 
-87.919464,35.309102,0 
-87.921782,35.309592,0 
-87.923412,35.309872,0 
-87.92573,35.309942,0 
-87.932167,35.309662,0 
-87.945986,35.308822,0 
-87.951479,35.308331,0 
-87.953625,35.308051,0 
-87.95577,35.307141,0 
-87.956715,35.30609,0 
-87.958517,35.303989,0 
-87.960405,35.302588,0 
-87.962809,35.301187,0 
-87.966499,35.298455,0 
-87.976885,35.291169,0 
-87.980919,35.288717,0 
-87.984095,35.286195,0 
-87.986326,35.284093,0 
-87.988901,35.282131,0 
-87.990789,35.281431,0 
-87.993021,35.28122,0 
-88.000402,35.279679,0 
-88.001261,35.279679,0 
-88.002377,35.279329,0 
-88.003578,35.279118,0 
-88.020401,35.275895,0 
-88.02907,35.274634,0 
-88.030443,35.274143,0 
-88.033619,35.273583,0 
-88.034649,35.273513,0 
-88.035936,35.272952,0 
-88.037052,35.272392,0 
-88.044004,35.268257,0 
-88.046064,35.267697,0 
-88.048124,35.266926,0 
-88.056021,35.263352,0 
-88.057995,35.2623,0 
-88.060398,35.261039,0 
-88.062887,35.259988,0 
-88.065462,35.259147,0 
-88.069239,35.258025,0 
-88.07662,35.254871,0 
-88.082886,35.251647,0 
-88.090267,35.247932,0 
-88.094645,35.245759,0 
-88.09679,35.245199,0 
-88.098164,35.245128,0 
-88.103828,35.245269,0 
-88.109579,35.245199,0 
-88.112841,35.244848,0 
-88.116446,35.244217,0 
-88.118591,35.244007,0 
-88.121166,35.244077,0 
-88.12314,35.244287,0 
-88.124514,35.245128,0 
-88.127861,35.247371,0 
-88.12932,35.247862,0 
-88.131723,35.248072,0 
-88.134298,35.248072,0 
-88.141851,35.247301,0 
-88.15052,35.245759,0 
-88.151722,35.245899,0 
-88.153524,35.245479,0 
-88.155928,35.244988,0 
-88.162537,35.244427,0 
-88.165455,35.244007,0 
-88.167601,35.243516,0 
-88.17215,35.241553,0 
-88.174467,35.240362,0 
-88.175669,35.23938,0 
-88.182106,35.234894,0 
-88.184252,35.233281,0 
-88.18614,35.23251,0 
-88.18923,35.231739,0 
-88.19026,35.231458,0 
-88.192406,35.230266,0 
-88.194723,35.228514,0 
-88.197384,35.227252,0 
-88.199358,35.226621,0 
-88.202448,35.226621,0 
-88.221502,35.226691,0 
-88.22485,35.226621,0 
-88.228283,35.226761,0 
-88.232231,35.227532,0 
-88.236094,35.227322,0 
-88.238583,35.226971,0 
-88.240643,35.226551,0 
-88.24296,35.225499,0 
-88.243904,35.224517,0 
-88.246479,35.224377,0 
-88.246737,35.223395,0 
-88.246479,35.221572,0 
-88.246307,35.219539,0 
-88.245964,35.217505,0 
-88.245535,35.216173,0 
-88.244677,35.21435,0 
-88.244677,35.213228,0 
-88.244934,35.211545,0 
-88.245707,35.208039,0 
-88.245707,35.206075,0 
-88.245277,35.202989,0 
</coordinates>
</LineString>
</Placemark>

<Placemark><name>Day 107</name>
<description>To Memphis</description>
<styleUrl>#linecolor</styleUrl>
<LineString>
<tessellate>1</tessellate>
<altitudeMode>clampToGround</altitudeMode>
<coordinates>
-88.245621,35.208319,0 
-88.244934,35.211264,0 
-88.244848,35.212527,0 
-88.244762,35.213999,0 
-88.245964,35.217365,0 
-88.246136,35.219329,0 
-88.246651,35.223325,0 
-88.246651,35.223536,0 
-88.246479,35.224587,0 
-88.252058,35.225148,0 
-88.252745,35.225008,0 
-88.254633,35.224377,0 
-88.256092,35.224377,0 
-88.265362,35.225078,0 
-88.273172,35.225429,0 
-88.28845,35.22627,0 
-88.299608,35.226901,0 
-88.301582,35.226761,0 
-88.307676,35.226831,0 
-88.309736,35.22627,0 
-88.312225,35.224657,0 
-88.313942,35.223115,0 
-88.315229,35.222133,0 
-88.317032,35.221713,0 
-88.323212,35.222484,0 
-88.331451,35.221502,0 
-88.336086,35.221923,0 
-88.348446,35.222905,0 
-88.351707,35.224167,0 
-88.362522,35.228934,0 
-88.370075,35.23258,0 
-88.377285,35.233842,0 
-88.384666,35.235384,0 
-88.394279,35.235945,0 
-88.396854,35.234122,0 
-88.401146,35.23244,0 
-88.402004,35.231879,0 
-88.403206,35.229635,0 
-88.416252,35.224307,0 
-88.420544,35.222905,0 
-88.437023,35.213929,0 
-88.442688,35.211405,0 
-88.458652,35.206496,0 
-88.475475,35.195555,0 
-88.479252,35.193731,0 
-88.48217,35.19331,0 
-88.486118,35.194432,0 
-88.488522,35.194993,0 
-88.490925,35.194853,0 
-88.494701,35.194152,0 
-88.497448,35.19345,0 
-88.504658,35.194292,0 
-88.516674,35.191767,0 
-88.533325,35.179,0 
-88.539848,35.175071,0 
-88.546371,35.171563,0 
-88.55341,35.169318,0 
-88.557186,35.168336,0 
-88.559074,35.167494,0 
-88.570061,35.162442,0 
-88.580875,35.157951,0 
-88.589802,35.154021,0 
-88.595467,35.150372,0 
-88.597183,35.149951,0 
-88.609715,35.156407,0 
-88.611259,35.158232,0 
-88.615036,35.180263,0 
-88.614521,35.182648,0 
-88.631344,35.188681,0 
-88.641987,35.190925,0 
-88.645248,35.192048,0 
-88.660183,35.196116,0 
-88.713226,35.20902,0 
-88.746014,35.213789,0 
-88.755798,35.21421,0 
-88.766098,35.21449,0 
-88.767643,35.215051,0 
-88.781204,35.218417,0 
-88.817768,35.223325,0 
-88.829956,35.225289,0 
-88.837337,35.22599,0 
-88.849869,35.228093,0 
-88.862915,35.230196,0 
-88.869095,35.233421,0 
-88.887463,35.238749,0 
-88.896217,35.23945,0 
-88.902569,35.242254,0 
-88.90583,35.242395,0 
-88.909092,35.242395,0 
-88.914928,35.242955,0 
-88.933125,35.244217,0 
-88.937073,35.244918,0 
-88.981018,35.255993,0 
-89.001789,35.256553,0 
-89.003506,35.256974,0 
-89.008827,35.261319,0 
-89.015522,35.271691,0 
-89.017754,35.274354,0 
-89.020329,35.276316,0 
-89.02462,35.277717,0 
-89.028053,35.277577,0 
-89.041958,35.277156,0 
-89.048996,35.277577,0 
-89.057579,35.277997,0 
-89.063244,35.277857,0 
-89.071312,35.277997,0 
-89.073544,35.277997,0 
-89.076633,35.280239,0 
-89.08453,35.282061,0 
-89.092255,35.284443,0 
-89.096203,35.285284,0 
-89.103241,35.288647,0 
-89.107533,35.29187,0 
-89.116802,35.295372,0 
-89.120407,35.298034,0 
-89.121265,35.299295,0 
-89.122639,35.305179,0 
-89.12487,35.308261,0 
-89.126415,35.311623,0 
-89.127274,35.315405,0 
-89.131393,35.319187,0 
-89.132767,35.319888,0 
-89.134483,35.319888,0 
-89.163322,35.318067,0 
-89.166069,35.317646,0 
-89.170532,35.316246,0 
-89.248638,35.283603,0 
-89.251556,35.281361,0 
-89.252758,35.278698,0 
-89.258938,35.27071,0 
-89.266319,35.265524,0 
-89.301167,35.247582,0 
-89.306316,35.24646,0 
-89.334984,35.241273,0 
-89.337559,35.241273,0 
-89.341335,35.241694,0 
-89.34494,35.243376,0 
-89.357471,35.243516,0 
-89.35936,35.243096,0 
-89.376011,35.239591,0 
-89.391117,35.236366,0 
-89.399357,35.235945,0 
-89.434719,35.233842,0 
-89.44828,35.233001,0 
-89.455662,35.231739,0 
-89.458237,35.231599,0 
-89.464588,35.2323,0 
-89.469051,35.231879,0 
-89.491196,35.230337,0 
-89.499779,35.229215,0 
-89.532566,35.228934,0 
-89.541149,35.228794,0 
-89.573078,35.226691,0 
-89.586296,35.225008,0 
-89.618912,35.219819,0 
-89.63728,35.209862,0 
-89.654446,35.210002,0 
-89.659081,35.209862,0 
-89.664059,35.210563,0 
-89.671268,35.210423,0 
-89.677105,35.211405,0 
-89.680538,35.210984,0 
-89.694958,35.206636,0 
-89.698563,35.206355,0 
-89.708347,35.205514,0 
-89.717445,35.205093,0 
-89.721565,35.204953,0 
-89.72414,35.206075,0 
-89.732895,35.205794,0 
-89.73959,35.204672,0 
-89.743538,35.204672,0 
-89.772034,35.204111,0 
-89.789886,35.196116,0 
-89.824734,35.180403,0 
-89.863701,35.164266,0 
-89.874859,35.160196,0 
-89.88121,35.154583,0 
-89.881897,35.150653,0 
-89.879837,35.147845,0 
-89.873486,35.143634,0 
-89.869366,35.138862,0 
-89.867649,35.135352,0 
-89.867477,35.130017,0 
-89.868679,35.120751,0 
-89.869881,35.110079,0 
-89.869881,35.104181,0 
-89.870224,35.095193,0 
-89.870567,35.089715,0 
-89.872971,35.086905,0 
-89.876747,35.085079,0 
-89.881554,35.083956,0 
-89.888763,35.084096,0 
-89.893742,35.083253,0 
-89.897861,35.081848,0 
-89.902496,35.07946,0 
-89.907303,35.078477,0 
-89.911251,35.077915,0 
-89.918804,35.077775,0 
-89.925671,35.07932,0 
-89.931507,35.080022,0 
-89.949017,35.082551,0 
-89.951935,35.082129,0 
-89.956055,35.080865,0 
-89.959488,35.07932,0 
-89.966011,35.077775,0 
-89.973907,35.07651,0 
-89.981632,35.07637,0 
-89.987125,35.07637,0 
-89.991417,35.076229,0 
-90.018024,35.071593,0 
-90.022659,35.071453,0 
-90.024204,35.07075,0 
-90.025578,35.070188,0 
-90.025234,35.068221,0 
-90.024376,35.064709,0 
-90.021801,35.063163,0 
-90.023689,35.061336,0 
-90.024033,35.058245,0 
-90.025063,35.054311,0 
-90.024719,35.050657,0 
-90.024891,35.048268,0 
-90.029011,35.04883,0 
</coordinates>
</LineString>
</Placemark>

<Placemark><name>Day 109</name>
<description>Around Memphis</description>
<styleUrl>#linecolor</styleUrl>
<LineString>
<tessellate>1</tessellate>
<altitudeMode>clampToGround</altitudeMode>
<coordinates>
-90.025749,35.048689,0 
-90.025191,35.04897,0 
-90.024977,35.048725,0 
-90.025105,35.054275,0 
-90.023689,35.061688,0 
-90.021114,35.071523,0 
-90.018625,35.082481,0 
-90.018282,35.083885,0 
-90.01811,35.099195,0 
-90.018454,35.099968,0 
-90.020943,35.105585,0 
-90.021715,35.109588,0 
-90.021544,35.116398,0 
-90.020514,35.137037,0 
-90.020599,35.137247,0 
-90.035877,35.138721,0 
-90.042744,35.140546,0 
-90.051327,35.142582,0 
-90.056305,35.144056,0 
-90.055103,35.146582,0 
-90.05373,35.148898,0 
-90.053043,35.148337,0 
-90.052099,35.150372,0 
-90.043602,35.147916,0 
-90.034676,35.14588,0 
-90.02326,35.144757,0 
-90.015707,35.144056,0 
-90.016565,35.136756,0 
-90.016737,35.132685,0 
-90.016994,35.128754,0 
-90.018454,35.12721,0 
-90.016994,35.126718,0 
-90.015707,35.126578,0 
-89.975882,35.125525,0 
-89.973907,35.125595,0 
-89.972963,35.124893,0 
-89.972019,35.124121,0 
-89.970989,35.12391,0 
-89.967642,35.12377,0 
-89.96069,35.123419,0 
-89.945326,35.123208,0 
-89.925756,35.122576,0 
-89.926014,35.115977,0 
-89.941034,35.116047,0 
-89.942493,35.115977,0 
-89.944382,35.115556,0 
-89.946184,35.114994,0 
-89.966955,35.115486,0 
-89.984379,35.115907,0 
-89.984636,35.114011,0 
-89.984722,35.111484,0 
-89.984808,35.109096,0 
-89.984894,35.107411,0 
-89.985151,35.106147,0 
-89.98558,35.105234,0 
-89.987125,35.100951,0 
-89.987469,35.095403,0 
-89.987812,35.088731,0 
-89.987812,35.086273,0 
-89.986954,35.08529,0 
-89.986181,35.083815,0 
-89.985151,35.081076,0 
-89.984722,35.078898,0 
-89.984808,35.077634,0 
-89.985323,35.077072,0 
-89.988585,35.077002,0 
-89.991159,35.07637,0 
-90.019226,35.071593,0 
-90.025492,35.072436,0 
-90.025749,35.07075,0 
-90.025578,35.068081,0 
-90.025148,35.066746,0 
-90.024376,35.06499,0 
-90.023603,35.063093,0 
-90.024977,35.048338,0 
-90.027122,35.048408,0 
</coordinates>
</LineString>
</Placemark>

<Placemark><name>Day 110</name>
<description> Memphis and Arkansas</description>
<styleUrl>#linecolor</styleUrl>
<LineString>
<tessellate>1</tessellate>
<altitudeMode>clampToGround</altitudeMode>
<coordinates>
-90.026436,35.048268,0 
-90.025063,35.048479,0 
-90.024891,35.054451,0 
-90.023432,35.06246,0 
-90.021114,35.071663,0 
-90.019312,35.078547,0 
-90.018454,35.085431,0 
-90.018196,35.099195,0 
-90.020342,35.103619,0 
-90.021544,35.108815,0 
-90.021629,35.115275,0 
-90.021458,35.118855,0 
-90.032444,35.119487,0 
-90.03253,35.124542,0 
-90.032272,35.12742,0 
-90.029354,35.12742,0 
-90.029612,35.123068,0 
-90.030212,35.121383,0 
-90.028839,35.120891,0 
-90.027208,35.121453,0 
-90.027122,35.122576,0 
-90.028067,35.122998,0 
-90.029182,35.122998,0 
-90.02944,35.127841,0 
-90.029268,35.131913,0 
-90.02635,35.131843,0 
-90.020857,35.128614,0 
-90.021114,35.126508,0 
-90.021232,35.124507,0 
-90.021361,35.121822,0 
-90.021361,35.120339,0 
-90.021554,35.117741,0 
-90.021747,35.115266,0 
-90.03194,35.115547,0 
-90.055275,35.116082,0 
-90.054502,35.132334,0 
-90.054717,35.133246,0 
-90.055146,35.134089,0 
-90.05476,35.135212,0 
-90.053129,35.137493,0 
-90.052013,35.139248,0 
-90.051713,35.139809,0 
-90.051541,35.141318,0 
-90.050983,35.142722,0 
-90.049353,35.146793,0 
-90.046864,35.153144,0 
-90.047078,35.153249,0 
-90.047722,35.153249,0 
-90.048494,35.153039,0 
-90.071068,35.153074,0 
-90.096989,35.153039,0 
-90.101709,35.153039,0 
-90.105786,35.153635,0 
-90.123854,35.156863,0 
-90.125957,35.156863,0 
-90.134325,35.156547,0 
-90.14823,35.155811,0 
-90.151663,35.155916,0 
-90.152607,35.156056,0 
-90.16634,35.161459,0 
-90.191917,35.171844,0 
-90.196037,35.169599,0 
-90.20359,35.167073,0 
-90.257149,35.151074,0 
-90.268478,35.147144,0 
-90.332336,35.148267,0 
-90.395851,35.151635,0 
-90.400314,35.151635,0 
-90.405807,35.14967,0 
-90.43602,35.134791,0 
-90.455589,35.133668,0 
-90.506744,35.131983,0 
</coordinates>
</LineString>
</Placemark>

<Placemark><name>Day 111</name>
<description>To Nashville</description>
<styleUrl>#linecolor</styleUrl>
<LineString>
<tessellate>1</tessellate>
<altitudeMode>clampToGround</altitudeMode>
<coordinates>
-90.02723,35.048953,0 
-90.025063,35.049023,0 
-90.024934,35.054311,0 
-90.023303,35.062741,0 
-90.022745,35.064217,0 
-90.021715,35.064568,0 
-90.021458,35.064147,0 
-90.021372,35.063514,0 
-90.02223,35.063093,0 
-90.025148,35.066395,0 
-90.025492,35.069556,0 
-90.025063,35.070048,0 
-90.023346,35.070891,0 
-90.021715,35.071523,0 
-90.019655,35.071312,0 
-90.012445,35.072296,0 
-89.991245,35.076229,0 
-89.988756,35.076229,0 
-89.981289,35.076229,0 
-89.975624,35.07658,0 
-89.962664,35.077775,0 
-89.955025,35.080444,0 
-89.949961,35.081919,0 
-89.946184,35.082059,0 
-89.931078,35.079952,0 
-89.917688,35.077845,0 
-89.907904,35.078126,0 
-89.90344,35.079531,0 
-89.893913,35.083253,0 
-89.890738,35.083675,0 
-89.882154,35.084026,0 
-89.876146,35.085009,0 
-89.871855,35.08817,0 
-89.870052,35.092243,0 
-89.870138,35.097791,0 
-89.869623,35.108464,0 
-89.86928,35.117522,0 
-89.867477,35.129175,0 
-89.867477,35.135352,0 
-89.870052,35.140055,0 
-89.875288,35.145179,0 
-89.879837,35.148196,0 
-89.88121,35.150021,0 
-89.881468,35.152477,0 
-89.881382,35.155074,0 
-89.876747,35.158863,0 
-89.87443,35.160196,0 
-89.851513,35.169178,0 
-89.8316,35.177456,0 
-89.803705,35.189943,0 
-89.791946,35.195134,0 
-89.780703,35.200254,0 
-89.771004,35.205233,0 
-89.762077,35.209371,0 
-89.737101,35.223115,0 
-89.693584,35.247301,0 
-89.625092,35.283322,0 
-89.615479,35.287946,0 
-89.559002,35.328571,0 
-89.554882,35.331652,0 
-89.548359,35.335433,0 
-89.468708,35.371555,0 
-89.465103,35.372815,0 
-89.446392,35.378973,0 
-89.422703,35.386251,0 
-89.415321,35.38975,0 
-89.334469,35.439834,0 
-89.279194,35.473952,0 
-89.275074,35.477866,0 
-89.273186,35.48192,0 
-89.25705,35.531807,0 
-89.255161,35.53516,0 
-89.252243,35.537395,0 
-89.246063,35.538931,0 
-89.223232,35.54368,0 
-89.189072,35.556949,0 
-89.148216,35.568958,0 
-89.091568,35.585293,0 
-89.060669,35.594367,0 
-89.018784,35.611116,0 
-88.989086,35.620605,0 
-88.960247,35.629675,0 
-88.906002,35.645719,0 
-88.896217,35.64823,0 
-88.867378,35.659528,0 
-88.852272,35.66427,0 
-88.835964,35.66943,0 
-88.80455,35.675147,0 
-88.783264,35.679191,0 
-88.773994,35.680307,0 
-88.737602,35.681004,0 
-88.731251,35.681841,0 
-88.722839,35.685466,0 
-88.692284,35.698153,0 
-88.666363,35.708189,0 
-88.633747,35.718364,0 
-88.603191,35.727702,0 
-88.5989,35.729095,0 
-88.594265,35.731185,0 
-88.570576,35.743586,0 
-88.565941,35.745537,0 
-88.559418,35.746373,0 
-88.513756,35.754314,0 
-88.500195,35.757379,0 
-88.437023,35.773397,0 
-88.428268,35.776879,0 
-88.397369,35.788159,0 
-88.391533,35.789551,0 
-88.382607,35.790665,0 
-88.3778,35.792058,0 
-88.360462,35.798323,0 
-88.333511,35.802222,0 
-88.319778,35.804728,0 
-88.305359,35.809322,0 
-88.298836,35.810992,0 
-88.264503,35.818509,0 
-88.262959,35.818509,0 
-88.252144,35.817535,0 
-88.22073,35.814472,0 
-88.213348,35.814472,0 
-88.204765,35.814751,0 
-88.170776,35.819623,0 
-88.163223,35.819901,0 
-88.14743,35.818509,0 
-88.140736,35.82004,0 
-88.108292,35.82867,0 
-88.084774,35.841334,0 
-88.032589,35.868882,0 
-88.027954,35.87069,0 
-88.022633,35.870551,0 
-87.980061,35.868465,0 
-87.961864,35.868882,0 
-87.956715,35.869856,0 
-87.951221,35.870134,0 
-87.947788,35.869299,0 
-87.941093,35.867352,0 
-87.939548,35.866935,0 
-87.933197,35.864987,0 
-87.930107,35.865683,0 
-87.921696,35.867074,0 
-87.917233,35.866517,0 
-87.912426,35.864152,0 
-87.907276,35.863874,0 
-87.898693,35.864709,0 
-87.893372,35.86443,0 
-87.890282,35.864709,0 
-87.887707,35.865404,0 
-87.877064,35.868465,0 
-87.868309,35.868604,0 
-87.858181,35.874029,0 
-87.853546,35.875698,0 
-87.849255,35.877367,0 
-87.843418,35.880983,0 
-87.840157,35.881401,0 
-87.808743,35.88154,0 
-87.804451,35.880427,0 
-87.798958,35.879175,0 
-87.795525,35.878758,0 
-87.79295,35.878897,0 
-87.766171,35.883904,0 
-87.762737,35.883765,0 
-87.758274,35.881679,0 
-87.752781,35.879454,0 
-87.746601,35.877089,0 
-87.71244,35.874168,0 
-87.708149,35.873612,0 
-87.706432,35.874863,0 
-87.701283,35.877228,0 
-87.688751,35.88307,0 
-87.687035,35.883765,0 
-87.68137,35.884182,0 
-87.664204,35.885295,0 
-87.658024,35.887659,0 
-87.641029,35.894474,0 
-87.61837,35.907266,0 
-87.596741,35.924088,0 
-87.593822,35.925757,0 
-87.584896,35.928259,0 
-87.58215,35.931595,0 
-87.579231,35.93507,0 
-87.575283,35.936459,0 
-87.56979,35.938405,0 
-87.565842,35.944242,0 
-87.555714,35.950913,0 
-87.552109,35.956193,0 
-87.547817,35.962029,0 
-87.537174,35.96717,0 
-87.531338,35.971894,0 
-87.524815,35.974116,0 
-87.504044,35.979395,0 
-87.494602,35.985507,0 
-87.490826,35.988424,0 
-87.476921,35.993147,0 
-87.47057,35.995785,0 
-87.462673,35.997313,0 
-87.456665,35.997313,0 
-87.452545,35.996341,0 
-87.438469,35.994674,0 
-87.432804,35.995647,0 
-87.424221,35.99898,0 
-87.414093,36.002729,0 
-87.408943,36.005923,0 
-87.40448,36.007312,0 
-87.387657,36.009673,0 
-87.373924,36.013283,0 
-87.365856,36.017032,0 
-87.361393,36.018837,0 
-87.35693,36.018837,0 
-87.341824,36.018698,0 
-87.333755,36.020086,0 
-87.312126,36.023419,0 
-87.305431,36.02328,0 
-87.288094,36.023557,0 
-87.278824,36.024668,0 
-87.276249,36.024668,0 
-87.265091,36.021336,0 
-87.253246,36.017865,0 
-87.246895,36.017032,0 
-87.241058,36.018143,0 
-87.231617,36.020225,0 
-87.224064,36.022863,0 
-87.221146,36.024807,0 
-87.212391,36.028278,0 
-87.207241,36.030499,0 
-87.204151,36.029111,0 
-87.199345,36.027861,0 
-87.192135,36.024668,0 
-87.187843,36.02328,0 
-87.183895,36.023696,0 
-87.178059,36.026889,0 
-87.152996,36.039799,0 
-87.14716,36.043131,0 
-87.14407,36.046601,0 
-87.138062,36.056316,0 
-87.127419,36.066307,0 
-87.120724,36.073939,0 
-87.119007,36.075048,0 
-87.109051,36.080737,0 
-87.104073,36.082263,0 
-87.097721,36.083928,0 
-87.0718,36.087535,0 
-87.052917,36.08698,0 
-87.040558,36.079904,0 
-87.03661,36.077962,0 
-87.031803,36.07713,0 
-87.020988,36.076991,0 
-86.989231,36.077823,0 
-86.986828,36.077685,0 
-86.982193,36.07602,0 
-86.976528,36.074355,0 
-86.97155,36.073939,0 
-86.964512,36.077546,0 
-86.941509,36.088783,0 
-86.938763,36.091419,0 
-86.933956,36.101544,0 
-86.93121,36.105289,0 
-86.919708,36.113887,0 
-86.914558,36.117354,0 
-86.908035,36.123871,0 
-86.90443,36.125951,0 
-86.900654,36.127754,0 
-86.896877,36.132468,0 
-86.894474,36.134825,0 
-86.876621,36.147994,0 
-86.874218,36.148965,0 
-86.868553,36.150489,0 
-86.853275,36.153123,0 
-86.84967,36.153816,0 
-86.831646,36.155063,0 
-86.828041,36.155618,0 
-86.825466,36.156172,0 
-86.822891,36.155202,0 
-86.822891,36.15243,0 
-86.822205,36.144945,0 
-86.82272,36.141756,0 
-86.82272,36.138984,0 
-86.820831,36.135934,0 
-86.813622,36.125397,0 
-86.811562,36.123871,0 
-86.805725,36.123178,0 
-86.80315,36.120682,0 
-86.799202,36.116661,0 
-86.79697,36.116245,0 
-86.776199,36.11569,0 
-86.771736,36.116106,0 
-86.768131,36.118048,0 
-86.76281,36.121514,0 
-86.759892,36.122069,0 
-86.755085,36.121376,0 
-86.750107,36.123178,0 
-86.746674,36.12401,0 
-86.733627,36.124703,0 
-86.728134,36.126783,0 
-86.726589,36.132052,0 
-86.727276,36.139677,0 
-86.724873,36.139954,0 
-86.713028,36.141756,0 
-86.699295,36.143836,0 
-86.69363,36.145499,0 
-86.691742,36.144252,0 
-86.678009,36.141479,0 
-86.664619,36.14134,0 
-86.655006,36.141063,0 
-86.64917,36.143004,0 
-86.635952,36.15146,0 
-86.608829,36.168368,0 
-86.604195,36.169615,0 
-86.599216,36.169893,0 
-86.594067,36.17017,0 
-86.541538,36.16726,0 
-86.531925,36.167121,0 
-86.527634,36.167675,0 
-86.515446,36.171278,0 
-86.512356,36.171694,0 
-86.507206,36.171971,0 
-86.411247,36.18458,0 
-86.406269,36.184996,0 
-86.353569,36.183749,0 
-86.325932,36.183333,0 
-86.298981,36.182086,0 
-86.300011,36.180562,0 
-86.302586,36.173634,0 
-86.309624,36.155479,0 
-86.312542,36.148272,0 
-86.314259,36.145776,0 
-86.316662,36.142865,0 
-86.320095,36.138013,0 
-86.320782,36.135241,0 
-86.320782,36.132745,0 
-86.32267,36.127199,0 
-86.328335,36.112223,0 
-86.329536,36.108756,0 
-86.33091,36.102515,0 
-86.333656,36.097106,0 
-86.335888,36.093916,0 
-86.333849,36.093465,0 
-86.331961,36.092927,0 
-86.330202,36.091193,0 
-86.329622,36.09069,0 
-86.325138,36.08861,0 
-86.324387,36.088055,0 
-86.323872,36.087274,0 
-86.323764,36.086113,0 
-86.323142,36.084691,0 
-86.322005,36.083251,0 
-86.31943,36.081621,0 
-86.318893,36.081205,0 
-86.317091,36.078812,0 
-86.316447,36.078517,0 
-86.31634,36.078101,0 
-86.315503,36.077529,0 
-86.307671,36.072187,0 
-86.304796,36.071337,0 
-86.302135,36.070713,0 
-86.300225,36.069724,0 
-86.298916,36.068666,0 
-86.296341,36.068441,0 
-86.295097,36.06799,0 
-86.291256,36.064521,0 
</coordinates>
</LineString>
</Placemark>

<Placemark><name>Day 114</name>
<description>Around Nashville</description>
<styleUrl>#linecolor</styleUrl>
<LineString>
<tessellate>1</tessellate>
<altitudeMode>clampToGround</altitudeMode>
<coordinates>
-86.291256,36.041743,0 
-86.294861,36.045074,0 
-86.292973,36.049515,0 
-86.291256,36.054512,0 
-86.298122,36.056038,0 
-86.297436,36.059369,0 
-86.296406,36.060756,0 
-86.296749,36.063116,0 
-86.303101,36.064781,0 
-86.307392,36.066307,0 
-86.314602,36.069082,0 
-86.318207,36.070886,0 
-86.320953,36.0738,0 
-86.323528,36.076297,0 
-86.324902,36.078656,0 
-86.32679,36.079211,0 
-86.339149,36.080459,0 
-86.33709,36.089893,0 
-86.334858,36.095996,0 
-86.33091,36.102238,0 
-86.330395,36.106676,0 
-86.328335,36.112223,0 
-86.325588,36.118741,0 
-86.32267,36.126229,0 
-86.322155,36.129695,0 
-86.320267,36.13635,0 
-86.320267,36.138152,0 
-86.315117,36.144529,0 
-86.313229,36.147578,0 
-86.30928,36.157004,0 
-86.298981,36.182225,0 
-86.351852,36.183749,0 
-86.385155,36.18458,0 
-86.406784,36.185135,0 
-86.48901,36.173773,0 
-86.512356,36.171417,0 
-86.530724,36.167121,0 
-86.59853,36.170308,0 
-86.601105,36.170308,0 
-86.606598,36.1692,0 
-86.612606,36.166151,0 
-86.638527,36.149796,0 
-86.650887,36.142727,0 
-86.65638,36.141063,0 
-86.663418,36.141202,0 
-86.683331,36.142588,0 
-86.694832,36.144529,0 
-86.702385,36.143697,0 
-86.71629,36.141063,0 
-86.727448,36.140231,0 
-86.738434,36.143974,0 
-86.746159,36.148826,0 
-86.758862,36.154648,0 
-86.75972,36.157281,0 
-86.76075,36.162548,0 
-86.764526,36.166567,0 
-86.76487,36.166497,0 
-86.766458,36.165874,0 
-86.767831,36.164973,0 
-86.76856,36.163518,0 
-86.769934,36.159672,0 
-86.770792,36.158702,0 
-86.774526,36.157073,0 
-86.775813,36.15891,0 
-86.773024,36.160088,0 
-86.773624,36.161127,0 
-86.772981,36.161404,0 
-86.770835,36.163067,0 
-86.771092,36.163171,0 
-86.772981,36.161612,0 
-86.773796,36.1613,0 
-86.77444,36.162201,0 
-86.777358,36.160954,0 
-86.782079,36.158944,0 
-86.783838,36.161681,0 
-86.784611,36.162097,0 
-86.785426,36.162478,0 
-86.786799,36.164626,0 
-86.787314,36.166601,0 
-86.786885,36.167537,0 
-86.784954,36.168576,0 
-86.783323,36.168784,0 
-86.782036,36.168334,0 
-86.781135,36.167502,0 
-86.780319,36.167086,0 
-86.779032,36.167364,0 
-86.777873,36.167987,0 
-86.769032,36.171382,0 
-86.755471,36.176717,0 
-86.751695,36.178137,0 
-86.750665,36.17883,0 
-86.749721,36.180562,0 
-86.745687,36.190088,0 
-86.741781,36.197326,0 
-86.737876,36.204391,0 
-86.737232,36.205499,0 
-86.732597,36.211628,0 
-86.735559,36.213013,0 
-86.738005,36.21606,0 
-86.738777,36.216579,0 
-86.741652,36.217237,0 
-86.745386,36.217826,0 
-86.746802,36.218033,0 
-86.748261,36.218657,0 
-86.750193,36.219557,0 
-86.752381,36.220284,0 
-86.755686,36.220872,0 
-86.761694,36.221669,0 
-86.761136,36.223348,0 
-86.75972,36.227208,0 
-86.759334,36.229354,0 
-86.760106,36.229527,0 
-86.760471,36.230047,0 
</coordinates>
</LineString>
</Placemark>

<Placemark><name>day 116</name>
<description>Around Nashville</description>
<styleUrl>#linecolor</styleUrl>
<LineString>
<tessellate>1</tessellate>
<altitudeMode>clampToGround</altitudeMode>
<coordinates>
-86.300182,36.070192,0 
-86.304302,36.071302,0 
-86.30619,36.071719,0 
-86.309624,36.073245,0 
-86.316147,36.078101,0 
-86.318893,36.080182,0 
-86.322155,36.083095,0 
-86.324043,36.08698,0 
-86.325417,36.088367,0 
-86.329021,36.090031,0 
-86.32988,36.091003,0 
-86.331081,36.092112,0 
-86.33194,36.093222,0 
-86.335716,36.093916,0 
-86.332111,36.099602,0 
-86.331081,36.102654,0 
-86.338463,36.104318,0 
-86.342583,36.107231,0 
-86.347046,36.109866,0 
-86.350136,36.112639,0 
-86.352196,36.114581,0 
-86.363182,36.119157,0 
-86.367474,36.121098,0 
-86.372795,36.124426,0 
-86.375198,36.126506,0 
-86.376572,36.126506,0 
-86.381893,36.126367,0 
-86.386871,36.126645,0 
-86.394939,36.12914,0 
-86.399059,36.130665,0 
-86.401806,36.131775,0 
-86.403866,36.132468,0 
-86.405926,36.133022,0 
-86.418285,36.134825,0 
-86.422062,36.13635,0 
-86.423779,36.136627,0 
-86.42601,36.137182,0 
-86.43013,36.140509,0 
-86.430817,36.14037,0 
-86.434937,36.139261,0 
-86.435966,36.139261,0 
-86.43837,36.142034,0 
-86.442833,36.143628,0 
-86.444807,36.144113,0 
-86.44721,36.145153,0 
-86.450558,36.145846,0 
-86.452188,36.14647,0 
-86.454334,36.14647,0 
-86.462231,36.146054,0 
-86.467123,36.146608,0 
-86.47974,36.147994,0 
-86.480942,36.147925,0 
-86.483088,36.147232,0 
-86.490641,36.147232,0 
-86.49622,36.148895,0 
-86.498623,36.149311,0 
-86.503086,36.149935,0 
-86.507807,36.15042,0 
-86.510468,36.151321,0 
-86.516132,36.153747,0 
-86.521282,36.156449,0 
-86.522655,36.156865,0 
-86.525831,36.160885,0 
-86.527977,36.163241,0 
-86.528921,36.164557,0 
-86.530895,36.166151,0 
-86.531582,36.16726,0 
-86.532955,36.16726,0 
-86.535015,36.167121,0 
-86.547976,36.167814,0 
-86.56806,36.168923,0 
-86.572008,36.169269,0 
-86.595182,36.170308,0 
-86.600933,36.170516,0 
-86.602993,36.17017,0 
-86.605568,36.169269,0 
-86.607714,36.168853,0 
-86.610546,36.167675,0 
-86.616211,36.164141,0 
-86.63887,36.149935,0 
-86.649685,36.143351,0 
-86.652174,36.142242,0 
-86.656637,36.141479,0 
-86.659727,36.141202,0 
-86.662474,36.141202,0 
-86.667023,36.141133,0 
-86.680498,36.142519,0 
-86.683331,36.142865,0 
-86.692858,36.144321,0 
-86.696119,36.144252,0 
-86.69981,36.144113,0 
-86.702642,36.143628,0 
-86.704702,36.143073,0 
-86.711655,36.142242,0 
-86.720839,36.140786,0 
-86.722727,36.140578,0 
-86.726503,36.140717,0 
-86.730623,36.140994,0 
-86.734571,36.142311,0 
-86.737232,36.143281,0 
-86.746073,36.148687,0 
-86.75045,36.151182,0 
-86.755171,36.152776,0 
-86.75869,36.154232,0 
-86.759205,36.15541,0 
-86.759806,36.15735,0 
-86.760235,36.161092,0 
-86.760836,36.162409,0 
-86.763325,36.164904,0 
-86.764269,36.165735,0 
-86.768217,36.171555,0 
-86.768475,36.171763,0 
-86.779547,36.167398,0 
-86.780491,36.167121,0 
-86.780748,36.166497,0 
-86.781263,36.166012,0 
-86.78637,36.163899,0 
-86.787057,36.165112,0 
-86.787186,36.166705,0 
-86.787357,36.167398,0 
-86.788387,36.168784,0 
-86.787229,36.16913,0 
-86.788859,36.171763,0 
-86.788087,36.17204,0 
-86.787014,36.170482,0 
-86.786542,36.169408,0 
-86.79122,36.16719,0 
-86.790061,36.165597,0 
-86.794181,36.16383,0 
-86.794868,36.164904,0 
-86.796455,36.167156,0 
-86.790276,36.169823,0 
-86.792378,36.17308,0 
-86.798816,36.171521,0 
-86.799417,36.171798,0 
-86.80006,36.172006,0 
-86.802506,36.171625,0 
-86.803923,36.170897,0 
-86.8083,36.169927,0 
-86.812248,36.169269,0 
-86.814737,36.168507,0 
-86.818771,36.164419,0 
-86.822033,36.159083,0 
-86.822805,36.155202,0 
-86.822548,36.150281,0 
-86.821861,36.145638,0 
-86.82272,36.142657,0 
-86.822891,36.139816,0 
-86.822033,36.137944,0 
-86.817141,36.130388,0 
-86.814137,36.125813,0 
-86.812763,36.124426,0 
-86.810532,36.123802,0 
-86.805725,36.122901,0 
-86.803579,36.121722,0 
-86.801605,36.119157,0 
-86.799116,36.1168,0 
-86.797142,36.116106,0 
-86.793022,36.116037,0 
-86.790276,36.116037,0 
-86.780834,36.116037,0 
-86.778688,36.115274,0 
-86.774912,36.114373,0 
-86.770792,36.110767,0 
-86.767359,36.105289,0 
-86.764011,36.099741,0 
-86.762638,36.094748,0 
-86.762466,36.091141,0 
-86.763325,36.085454,0 
-86.764097,36.081292,0 
-86.765041,36.078725,0 
-86.767015,36.076713,0 
-86.76856,36.07491,0 
-86.76959,36.071719,0 
-86.771479,36.064087,0 
-86.771994,36.061381,0 
-86.773281,36.058536,0 
-86.774998,36.055136,0 
-86.775513,36.05243,0 
-86.775684,36.04903,0 
-86.777315,36.04667,0 
-86.780834,36.043894,0 
-86.782207,36.042506,0 
-86.782551,36.038897,0 
-86.783066,36.035774,0 
-86.783838,36.030568,0 
-86.784353,36.027167,0 
-86.786671,36.023488,0 
-86.787357,36.021891,0 
-86.787186,36.020295,0 
-86.784868,36.012241,0 
-86.78504,36.010506,0 
-86.786671,36.00877,0 
-86.79491,36.000299,0 
-86.796198,35.998494,0 
-86.797314,35.995855,0 
-86.807785,35.966267,0 
-86.814137,35.947647,0 
-86.816196,35.948203,0 
-86.817226,35.948064,0 
-86.819201,35.947786,0 
-86.820059,35.947578,0 
-86.82126,35.94723,0 
-86.82229,35.946674,0 
-86.823492,35.946049,0 
-86.826324,35.94598,0 
-86.827097,35.94591,0 
-86.828213,35.945007,0 
-86.829329,35.943687,0 
-86.830444,35.941949,0 
-86.832504,35.940421,0 
-86.833963,35.940351,0 
-86.836281,35.941115,0 
-86.838083,35.941602,0 
-86.839371,35.940907,0 
-86.841173,35.941949,0 
-86.842804,35.942644,0 
-86.845808,35.944381,0 
-86.851559,35.946744,0 
-86.851902,35.946674,0 
-86.855078,35.942505,0 
-86.864948,35.929371,0 
-86.866279,35.926521,0 
-86.870871,35.924297,0 
-86.873446,35.923081,0 
-86.877952,35.921065,0 
-86.878681,35.920509,0 
-86.880612,35.919605,0 
-86.880784,35.919762,0 
-86.877995,35.920909,0 
-86.871579,35.923863,0 
-86.86615,35.926556,0 
-86.865034,35.929023,0 
-86.86233,35.932498,0 
-86.860228,35.931421,0 
-86.859391,35.93123,0 
-86.857867,35.930917,0 
-86.856859,35.930448,0 
-86.855528,35.929666,0 
-86.85482,35.929405,0 
-86.853962,35.929319,0 
-86.848919,35.929145,0 
-86.845915,35.929127,0 
-86.841817,35.929597,0 
-86.840572,35.929405,0 
-86.833727,35.928502,0 
-86.830788,35.92812,0 
-86.829565,35.927668,0 
-86.827955,35.92699,0 
-86.826711,35.926625,0 
-86.823964,35.926434,0 
-86.824436,35.92772,0 
-86.82435,35.928763,0 
-86.824114,35.930483,0 
-86.8239,35.933089,0 
-86.823943,35.935278,0 
-86.823535,35.935434,0 
-86.818771,35.934114,0 
-86.821518,35.926591,0 
-86.822548,35.923115,0 
-86.82375,35.91686,0 
-86.822891,35.91394,0 
-86.819973,35.913245,0 
-86.818085,35.912133,0 
-86.81551,35.910881,0 
-86.812077,35.910325,0 
-86.806755,35.908518,0 
-86.80418,35.90671,0 
-86.801434,35.904347,0 
-86.799202,35.904068,0 
-86.795769,35.903929,0 
-86.791821,35.903512,0 
-86.789761,35.902956,0 
-86.786842,35.901009,0 
-86.782551,35.900314,0 
-86.777401,35.897116,0 
-86.772251,35.895169,0 
-86.768303,35.8935,0 
-86.767101,35.892388,0 
-86.762981,35.891275,0 
-86.759892,35.889328,0 
-86.754742,35.8846,0 
-86.750107,35.883209,0 
-86.747017,35.882096,0 
-86.739464,35.877367,0 
-86.733112,35.874307,0 
-86.728821,35.872221,0 
-86.725903,35.871247,0 
-86.721268,35.869438,0 
-86.7132,35.868326,0 
-86.708736,35.86763,0 
-86.700325,35.867908,0 
-86.69878,35.86763,0 
-86.694317,35.866656,0 
-86.689167,35.864987,0 
-86.686592,35.863318,0 
-86.682987,35.860535,0 
-86.680412,35.859283,0 
-86.677666,35.858448,0 
-86.669941,35.857753,0 
-86.666164,35.856222,0 
-86.66153,35.854553,0 
-86.658096,35.854135,0 
-86.65329,35.852605,0 
-86.649513,35.851631,0 
-86.645565,35.85177,0 
-86.6399,35.852327,0 
-86.633549,35.852187,0 
-86.620846,35.851631,0 
-86.618271,35.851353,0 
-86.613464,35.849265,0 
-86.610546,35.849265,0 
-86.606941,35.850657,0 
-86.604881,35.851492,0 
-86.600246,35.851631,0 
-86.596298,35.850796,0 
-86.584969,35.851074,0 
-86.581879,35.850518,0 
-86.580334,35.849822,0 
-86.575871,35.849544,0 
-86.573124,35.848848,0 
-86.564455,35.847596,0 
-86.553125,35.845439,0 
-86.544886,35.8437,0 
-86.541796,35.843282,0 
-86.528578,35.842865,0 
-86.522226,35.842726,0 
-86.518793,35.842934,0 
-86.516905,35.842308,0 
-86.513386,35.841543,0 
-86.510897,35.841473,0 
-86.509438,35.841821,0 
-86.502829,35.842378,0 
-86.497078,35.842795,0 
-86.488924,35.843421,0 
-86.487722,35.843421,0 
-86.484718,35.844326,0 
-86.483259,35.844326,0 
-86.479912,35.844187,0 
-86.473989,35.84363,0 
-86.471586,35.843908,0 
-86.468496,35.844326,0 
-86.463261,35.844117,0 
-86.461544,35.844187,0 
-86.460085,35.844813,0 
-86.457253,35.844674,0 
-86.452446,35.844743,0 
-86.449699,35.845022,0 
-86.446695,35.845022,0 
-86.445065,35.844882,0 
-86.44352,35.8453,0 
-86.441545,35.845926,0 
-86.439571,35.84697,0 
-86.437254,35.847457,0 
-86.435194,35.847665,0 
-86.432533,35.847735,0 
-86.429186,35.847317,0 
-86.426611,35.846622,0 
-86.424809,35.846135,0 
-86.421719,35.846135,0 
-86.409874,35.846483,0 
-86.404724,35.8469,0 
-86.402836,35.847109,0 
-86.400347,35.849196,0 
-86.398544,35.850309,0 
-86.397171,35.852396,0 
-86.39451,35.856083,0 
-86.390562,35.860466,0 
-86.390476,35.861579,0 
-86.38979,35.863665,0 
-86.38833,35.866239,0 
-86.385927,35.869786,0 
-86.385498,35.871803,0 
-86.385241,35.875559,0 
-86.382151,35.887103,0 
-86.381979,35.88912,0 
-86.382408,35.891345,0 
-86.383696,35.901357,0 
-86.383781,35.910673,0 
-86.383696,35.918945,0 
-86.383696,35.920683,0 
-86.383266,35.922212,0 
-86.382408,35.924297,0 
-86.37846,35.936737,0 
-86.377087,35.947022,0 
-86.377945,35.960918,0 
-86.377945,35.966753,0 
-86.378975,35.973144,0 
-86.37846,35.977034,0 
-86.377602,35.979812,0 
-86.374855,35.984535,0 
-86.368847,35.994952,0 
-86.365585,36.001757,0 
-86.363354,36.014671,0 
-86.36301,36.01731,0 
-86.357517,36.030221,0 
-86.353912,36.040493,0 
-86.351681,36.04785,0 
-86.349277,36.055761,0 
-86.347046,36.061867,0 
-86.343956,36.066585,0 
-86.340523,36.072829,0 
-86.33812,36.086702,0 
-86.335888,36.093361,0 
</coordinates>
</LineString>
</Placemark>

<Placemark><name>day 117</name>
<description>Around Kentucky</description>
<styleUrl>#linecolor</styleUrl>
<LineString>
<tessellate>1</tessellate>
<altitudeMode>clampToGround</altitudeMode>
<coordinates>
-86.300354,36.070192,0 
-86.303959,36.071164,0 
-86.307392,36.071996,0 
-86.309795,36.073522,0 
-86.316833,36.078656,0 
-86.318722,36.080598,0 
-86.320267,36.082124,0 
-86.322498,36.083511,0 
-86.323357,36.085454,0 
-86.324215,36.087396,0 
-86.325073,36.088506,0 
-86.327305,36.089615,0 
-86.330051,36.090725,0 
-86.33091,36.092112,0 
-86.332111,36.093222,0 
-86.335888,36.093638,0 
-86.334,36.097383,0 
-86.331596,36.100851,0 
-86.331425,36.102099,0 
-86.33503,36.103209,0 
-86.339149,36.104318,0 
-86.342068,36.106537,0 
-86.344299,36.107924,0 
-86.347218,36.109172,0 
-86.350479,36.113471,0 
-86.354942,36.115135,0 
-86.36404,36.120128,0 
-86.367474,36.12096,0 
-86.369705,36.123317,0 
-86.372967,36.124426,0 
-86.373997,36.124565,0 
-86.375027,36.126229,0 
-86.376915,36.126645,0 
-86.379662,36.126506,0 
-86.384811,36.126367,0 
-86.398201,36.130111,0 
-86.400776,36.131636,0 
-86.401634,36.13427,0 
-86.401634,36.137043,0 
-86.400776,36.140093,0 
-86.400776,36.146054,0 
-86.400089,36.159637,0 
-86.399231,36.163795,0 
-86.398544,36.167814,0 
-86.398716,36.168923,0 
-86.400089,36.171694,0 
-86.406527,36.183333,0 
-86.4079,36.185758,0 
-86.410646,36.184927,0 
-86.411505,36.184719,0 
-86.41468,36.184095,0 
-86.465664,36.177237,0 
-86.512613,36.171694,0 
-86.514244,36.171001,0 
-86.529522,36.167606,0 
-86.531925,36.16719,0 
-86.536217,36.16726,0 
-86.552525,36.168022,0 
-86.581964,36.169546,0 
-86.597242,36.170239,0 
-86.599903,36.170239,0 
-86.601448,36.170585,0 
-86.601534,36.171278,0 
-86.602049,36.173357,0 
-86.602736,36.175158,0 
-86.604881,36.178415,0 
-86.606512,36.180701,0 
-86.607885,36.182156,0 
-86.610889,36.18368,0 
-86.612434,36.184823,0 
-86.616232,36.192356,0 
-86.618979,36.194781,0 
-86.619923,36.197101,0 
-86.622841,36.207248,0 
-86.622863,36.210312,0 
-86.621575,36.210451,0 
-86.620846,36.210883,0 
-86.620867,36.212372,0 
-86.61958,36.213221,0 
-86.618636,36.213203,0 
-86.615825,36.212909,0 
-86.615953,36.214813,0 
-86.615524,36.214813,0 
-86.615438,36.214259,0 
-86.614237,36.214225,0 
-86.613464,36.214121,0 
-86.613679,36.21509,0 
-86.613379,36.215402,0 
-86.612864,36.215783,0 
-86.613035,36.216337,0 
-86.613593,36.216337,0 
-86.614838,36.21606,0 
-86.614966,36.215437,0 
-86.615782,36.215194,0 
-86.616211,36.214813,0 
-86.616511,36.214675,0 
-86.616511,36.213186,0 
-86.619945,36.213221,0 
-86.620803,36.212563,0 
-86.622691,36.212493,0 
-86.62282,36.213567,0 
-86.623163,36.215575,0 
-86.623635,36.217341,0 
-86.624279,36.219072,0 
-86.625438,36.222707,0 
-86.625609,36.224265,0 
-86.625481,36.2261,0 
-86.624537,36.231397,0 
-86.624794,36.23247,0 
-86.625481,36.233958,0 
-86.636682,36.243927,0 
-86.649342,36.253583,0 
-86.650929,36.254206,0 
-86.652775,36.255002,0 
-86.656809,36.257909,0 
-86.660371,36.26047,0 
-86.660929,36.261023,0 
-86.661701,36.2631,0 
-86.662774,36.264172,0 
-86.664877,36.266179,0 
-86.666851,36.267425,0 
-86.667881,36.267494,0 
-86.669168,36.267321,0 
-86.670499,36.266767,0 
-86.674318,36.264311,0 
-86.677365,36.262338,0 
-86.678395,36.2622,0 
-86.680326,36.262857,0 
-86.681828,36.263342,0 
-86.683116,36.263619,0 
-86.69024,36.264138,0 
-86.695862,36.264518,0 
-86.698565,36.264241,0 
-86.703629,36.263757,0 
-86.707234,36.264138,0 
-86.708994,36.263653,0 
-86.710625,36.262996,0 
-86.711912,36.2631,0 
-86.719208,36.263895,0 
-86.726589,36.264138,0 
-86.72792,36.264241,0 
-86.730881,36.264553,0 
-86.733584,36.264207,0 
-86.735773,36.264276,0 
-86.736717,36.264622,0 
-86.73676,36.26694,0 
-86.735559,36.274379,0 
-86.734915,36.27694,0 
-86.733327,36.279949,0 
-86.731696,36.28199,0 
-86.724272,36.289047,0 
-86.72174,36.291192,0 
-86.714873,36.296726,0 
-86.7135,36.297868,0 
-86.709037,36.302572,0 
-86.706719,36.30565,0 
-86.704187,36.308555,0 
-86.701612,36.311805,0 
-86.701012,36.31433,0 
-86.701355,36.316474,0 
-86.703115,36.320277,0 
-86.706419,36.326743,0 
-86.711826,36.337806,0 
-86.716375,36.346863,0 
-86.718607,36.351564,0 
-86.720152,36.355504,0 
-86.720066,36.358407,0 
-86.719122,36.361034,0 
-86.717234,36.363522,0 
-86.7138,36.366978,0 
-86.71174,36.370641,0 
-86.711483,36.372921,0 
-86.712685,36.376031,0 
-86.713543,36.378174,0 
-86.716204,36.3922,0 
-86.716976,36.396069,0 
-86.717319,36.398004,0 
-86.718006,36.399109,0 
-86.719465,36.401182,0 
-86.719894,36.402011,0 
-86.719637,36.405258,0 
-86.71998,36.406777,0 
-86.720839,36.408711,0 
-86.721182,36.410093,0 
-86.72101,36.412165,0 
-86.720581,36.412856,0 
-86.717577,36.417277,0 
-86.715517,36.421421,0 
-86.713028,36.426255,0 
-86.711483,36.428327,0 
-86.707878,36.434197,0 
-86.706934,36.435716,0 
-86.704187,36.439099,0 
-86.694489,36.452977,0 
-86.691484,36.455946,0 
-86.684017,36.4663,0 
-86.682129,36.468992,0 
-86.68067,36.471684,0 
-86.67964,36.474307,0 
-86.669941,36.494941,0 
-86.668739,36.497493,0 
-86.667795,36.498528,0 
-86.665735,36.500943,0 
-86.657324,36.509153,0 
-86.649084,36.517086,0 
-86.646166,36.52019,0 
-86.645222,36.522398,0 
-86.642647,36.528398,0 
-86.638956,36.53764,0 
-86.636982,36.542191,0 
-86.636124,36.543846,0 
-86.634922,36.545363,0 
-86.63209,36.549638,0 
-86.628828,36.554809,0 
-86.624622,36.561221,0 
-86.619558,36.568873,0 
-86.616125,36.57425,0 
-86.612091,36.58066,0 
-86.610031,36.583348,0 
-86.608315,36.585071,0 
-86.606169,36.586794,0 
-86.600761,36.590722,0 
-86.596556,36.593892,0 
-86.592865,36.596511,0 
-86.587458,36.601748,0 
-86.583509,36.6054,0 
-86.580935,36.609189,0 
-86.57939,36.61229,0 
-86.578445,36.615597,0 
-86.573296,36.631716,0 
-86.567802,36.649828,0 
-86.566601,36.652445,0 
-86.563854,36.656163,0 
-86.556301,36.665252,0 
-86.542053,36.682737,0 
-86.535873,36.68962,0 
-86.526089,36.708064,0 
-86.513901,36.73118,0 
-86.511154,36.733794,0 
-86.504974,36.738196,0 
-86.496048,36.745212,0 
-86.490726,36.750714,0 
-86.488323,36.756078,0 
-86.476135,36.785779,0 
-86.474934,36.790041,0 
-86.473732,36.80846,0 
-86.472702,36.817118,0 
-86.472015,36.819729,0 
-86.46841,36.826737,0 
-86.464977,36.836767,0 
-86.443176,36.884838,0 
-86.44146,36.889232,0 
-86.437168,36.900764,0 
-86.433048,36.908313,0 
-86.418629,36.934114,0 
-86.4188,36.935623,0 
-86.421032,36.940974,0 
-86.421547,36.940563,0 
-86.421547,36.939191,0 
-86.420689,36.936858,0 
-86.420689,36.935898,0 
-86.425323,36.928488,0 
-86.430645,36.922999,0 
-86.434153,36.919628,0 
-86.436417,36.917569,0 
-86.43528,36.91642,0 
-86.435215,36.916317,0 
-86.435355,36.916077,0 
-86.435376,36.915759,0 
-86.435344,36.915588,0 
-86.435183,36.915588,0 
</coordinates>
</LineString>
</Placemark>

<Placemark><name>Day 118</name>
<description>To Mammoth Cave</description>
<styleUrl>#linecolor</styleUrl>
<LineString>
<tessellate>1</tessellate>
<altitudeMode>clampToGround</altitudeMode>
<coordinates>
-86.436911,36.914009,0 
-86.437855,36.914764,0 
-86.437168,36.915794,0 
-86.437683,36.916548,0 
-86.429958,36.923685,0 
-86.42395,36.930615,0 
-86.420517,36.937407,0 
-86.421375,36.939739,0 
-86.420689,36.94022,0 
-86.418972,36.936241,0 
-86.416655,36.933359,0 
-86.41614,36.934182,0 
-86.41674,36.936515,0 
-86.416655,36.93775,0 
-86.410046,36.948794,0 
-86.402578,36.957231,0 
-86.398888,36.96258,0 
-86.396828,36.966352,0 
-86.391163,36.97705,0 
-86.389275,36.980752,0 
-86.383009,36.992065,0 
-86.37949,36.996246,0 
-86.37537,37.000085,0 
-86.370649,37.004678,0 
-86.368589,37.00598,0 
-86.366873,37.005226,0 
-86.36507,37.005089,0 
-86.364813,37.006048,0 
-86.365499,37.006528,0 
-86.367817,37.00646,0 
-86.370392,37.006528,0 
-86.370907,37.006391,0 
-86.374426,37.007762,0 
-86.374598,37.007077,0 
-86.374683,37.00646,0 
-86.373997,37.00598,0 
-86.372108,37.005432,0 
-86.372194,37.004403,0 
-86.373224,37.00317,0 
-86.374083,37.003101,0 
-86.376228,37.002827,0 
-86.376743,37.002553,0 
-86.377087,37.001113,0 
-86.377344,37.000633,0 
-86.378288,37.000565,0 
-86.379662,37.000291,0 
-86.380262,36.999262,0 
-86.382322,37.000085,0 
-86.390562,37.010503,0 
-86.395626,37.010846,0 
-86.411848,37.008927,0 
-86.42086,37.00783,0 
-86.432447,37.002484,0 
-86.437254,36.999537,0 
-86.440001,36.998645,0 
-86.440816,36.997994,0 
-86.443048,36.997823,0 
-86.444764,36.996966,0 
-86.441674,36.993881,0 
-86.440601,36.992921,0 
-86.439228,36.99371,0 
-86.440258,36.994738,0 
-86.444206,36.99227,0 
-86.446137,36.994258,0 
-86.440258,36.998268,0 
-86.43867,36.999297,0 
-86.437168,36.999948,0 
-86.433434,37.002347,0 
-86.420732,37.007659,0 
-86.411462,37.00879,0 
-86.406484,37.00879,0 
-86.402793,37.009304,0 
-86.395626,37.010709,0 
-86.389704,37.010332,0 
-86.383481,37.009887,0 
-86.378632,37.009304,0 
-86.369276,37.006083,0 
-86.36816,37.006083,0 
-86.365499,37.007111,0 
-86.363611,37.007659,0 
-86.360607,37.00807,0 
-86.342583,37.010778,0 
-86.33503,37.011326,0 
-86.303101,37.012697,0 
-86.294518,37.012423,0 
-86.283531,37.014342,0 
-86.271858,37.017357,0 
-86.252289,37.022017,0 
-86.246452,37.02558,0 
-86.238556,37.034077,0 
-86.21727,37.042024,0 
-86.182938,37.040928,0 
-86.149292,37.049149,0 
-86.142426,37.049423,0 
-86.131439,37.055177,0 
-86.116676,37.056547,0 
-86.108437,37.060657,0 
-86.078224,37.077367,0 
-86.071701,37.081202,0 
-86.066551,37.083119,0 
-86.062775,37.086953,0 
-86.055908,37.09736,0 
-86.060028,37.10667,0 
-86.061401,37.111324,0 
-86.063118,37.115431,0 
-86.066208,37.123644,0 
-86.066551,37.129666,0 
-86.070328,37.134045,0 
-86.072731,37.137056,0 
-86.078911,37.138698,0 
-86.085091,37.140888,0 
-86.088867,37.146635,0 
-86.09642,37.150466,0 
-86.098909,37.151834,0 
-86.099596,37.152997,0 
-86.099682,37.153955,0 
-86.09848,37.156896,0 
-86.098223,37.159291,0 
-86.097794,37.161411,0 
-86.096678,37.162437,0 
-86.094618,37.163258,0 
-86.093502,37.163326,0 
-86.0917,37.164626,0 
-86.088867,37.165583,0 
-86.08758,37.166746,0 
-86.087408,37.168456,0 
-86.088352,37.171944,0 
-86.089468,37.175364,0 
-86.089382,37.178099,0 
-86.089725,37.180082,0 
-86.09127,37.181382,0 
-86.092386,37.182613,0 
-86.09479,37.183228,0 
-86.098137,37.184322,0 
-86.099081,37.186168,0 
-86.099253,37.186784,0 
-86.099682,37.187331,0 
-86.102428,37.187604,0 
</coordinates>
</LineString>
</Placemark>

<Placemark><name>day 120</name>
<description>to Bardstown</description>
<styleUrl>#linecolor</styleUrl>
<LineString>
<tessellate>1</tessellate>
<altitudeMode>clampToGround</altitudeMode>
<coordinates>
-86.102514,37.187604,0 
-86.099939,37.187399,0 
-86.099253,37.186715,0 
-86.099167,37.185895,0 
-86.098309,37.184527,0 
-86.097107,37.183912,0 
-86.092558,37.182544,0 
-86.090069,37.180356,0 
-86.089468,37.179262,0 
-86.089554,37.175979,0 
-86.088524,37.171671,0 
-86.086721,37.171807,0 
-86.085262,37.171397,0 
-86.083803,37.170781,0 
-86.082344,37.169072,0 
-86.079941,37.16784,0 
-86.079597,37.166815,0 
-86.077881,37.165925,0 
-86.07625,37.165652,0 
-86.074533,37.164557,0 
-86.073589,37.163463,0 
-86.072903,37.162642,0 
-86.071873,37.161821,0 
-86.069813,37.159906,0 
-86.068697,37.157717,0 
-86.067495,37.15676,0 
-86.065779,37.155597,0 
-86.064405,37.154844,0 
-86.058741,37.154502,0 
-86.05711,37.154092,0 
-86.051874,37.15286,0 
-86.050329,37.152518,0 
-86.047068,37.152518,0 
-86.045866,37.151834,0 
-86.044664,37.150671,0 
-86.042519,37.149029,0 
-86.040545,37.148003,0 
-86.039085,37.145677,0 
-86.038141,37.143967,0 
-86.038055,37.143009,0 
-86.039772,37.139998,0 
-86.039772,37.138903,0 
-86.039343,37.13774,0 
-86.037884,37.136098,0 
-86.035824,37.134045,0 
-86.029987,37.13165,0 
-86.027756,37.131377,0 
-86.023722,37.132403,0 
-86.022177,37.132472,0 
-86.015139,37.132472,0 
-86.010761,37.13343,0 
-86.009045,37.133703,0 
-86.007071,37.134251,0 
-86.006384,37.134251,0 
-86.003294,37.133019,0 
-86.001749,37.133019,0 
-85.994625,37.134866,0 
-85.990591,37.135414,0 
-85.980291,37.13603,0 
-85.977888,37.135619,0 
-85.975485,37.13774,0 
-85.972481,37.141709,0 
-85.971193,37.145403,0 
-85.97085,37.154434,0 
-85.970592,37.157786,0 
-85.969477,37.160248,0 
-85.96673,37.163873,0 
-85.958662,37.170645,0 
-85.950079,37.180356,0 
-85.947247,37.183638,0 
-85.939693,37.192117,0 
-85.938578,37.194168,0 
-85.937977,37.198681,0 
-85.935917,37.213857,0 
-85.928879,37.236069,0 
-85.922098,37.262099,0 
-85.921068,37.264422,0 
-85.91918,37.267291,0 
-85.914116,37.27337,0 
-85.912399,37.27535,0 
-85.910769,37.278629,0 
-85.906048,37.287438,0 
-85.902014,37.293721,0 
-85.901155,37.296179,0 
-85.907078,37.331812,0 
-85.907421,37.337135,0 
-85.90519,37.343004,0 
-85.89386,37.365519,0 
-85.891113,37.372613,0 
-85.883389,37.395391,0 
-85.881157,37.407528,0 
-85.884247,37.438202,0 
-85.883904,37.44379,0 
-85.882874,37.460007,0 
-85.88047,37.491204,0 
-85.882015,37.495018,0 
-85.887852,37.502781,0 
-85.888023,37.508364,0 
-85.88459,37.521844,0 
-85.876865,37.559275,0 
-85.868454,37.597368,0 
-85.858498,37.642918,0 
-85.852489,37.67037,0 
-85.850086,37.674174,0 
-85.844078,37.681239,0 
-85.842705,37.685179,0 
-85.842018,37.690341,0 
-85.835323,37.700257,0 
-85.833607,37.701343,0 
-85.833607,37.70338,0 
-85.830002,37.70922,0 
-85.828457,37.71248,0 
-85.82777,37.714652,0 
-85.820217,37.718183,0 
-85.816269,37.720491,0 
-85.810089,37.726058,0 
-85.807514,37.726873,0 
-85.798244,37.728366,0 
-85.792751,37.731625,0 
-85.789146,37.732847,0 
-85.785713,37.736648,0 
-85.783653,37.737463,0 
-85.77507,37.739499,0 
-85.768547,37.743028,0 
-85.762539,37.743028,0 
-85.756702,37.743571,0 
-85.752926,37.742892,0 
-85.750694,37.743028,0 
-85.745544,37.746286,0 
-85.741768,37.746693,0 
-85.738335,37.749679,0 
-85.734386,37.750222,0 
-85.72649,37.755244,0 
-85.720997,37.758773,0 
-85.699368,37.769358,0 
-85.681,37.777092,0 
-85.676537,37.779263,0 
-85.674648,37.782383,0 
-85.674992,37.785911,0 
-85.671558,37.788488,0 
-85.668812,37.790116,0 
-85.663147,37.791744,0 
-85.660229,37.791744,0 
-85.657482,37.790388,0 
-85.650101,37.78781,0 
-85.647869,37.786725,0 
-85.645981,37.787403,0 
-85.643406,37.789574,0 
-85.641003,37.793101,0 
-85.632076,37.799747,0 
-85.620232,37.803274,0 
-85.611649,37.805444,0 
-85.60976,37.805851,0 
-85.606155,37.805851,0 
-85.595512,37.80775,0 
-85.589504,37.807614,0 
-85.582638,37.80775,0 
-85.578346,37.809513,0 
-85.577145,37.80992,0 
-85.571136,37.810055,0 
-85.563583,37.80992,0 
-85.559635,37.80992,0 
-85.555172,37.808699,0 
-85.545559,37.808835,0 
-85.542641,37.809106,0 
-85.538006,37.810733,0 
-85.529423,37.810869,0 
-85.524101,37.809513,0 
-85.517578,37.808428,0 
-85.51466,37.806936,0 
-85.50333,37.806393,0 
-85.500927,37.80775,0 
-85.495262,37.811005,0 
-85.482388,37.811411,0 
-85.481014,37.810733,0 
-85.474834,37.810733,0 
-85.471401,37.810326,0 
-85.467625,37.809377,0 
-85.46093,37.808156,0 
-85.45681,37.808156,0 
-85.452347,37.806665,0 
-85.453548,37.802867,0 
-85.455608,37.80029,0 
-85.457153,37.797713,0 
-85.458183,37.799205,0 
</coordinates>
</LineString>
</Placemark>

<Placemark><name>Day 121</name>
<description>To the Distilleries!</description>
<styleUrl>#linecolor</styleUrl>
<LineString>
<tessellate>1</tessellate>
<altitudeMode>clampToGround</altitudeMode>
<coordinates>
-85.458527,37.799612,0 
-85.456123,37.798933,0 
-85.454063,37.802189,0 
-85.452003,37.806529,0 
-85.454922,37.807343,0 
-85.459213,37.808292,0 
-85.461102,37.808021,0 
-85.466316,37.809013,0 
-85.466552,37.809161,0 
-85.466697,37.809356,0 
-85.467013,37.80936,0 
-85.467115,37.809297,0 
-85.469347,37.809695,0 
-85.470194,37.809881,0 
-85.470087,37.810204,0 
-85.470339,37.810267,0 
-85.470355,37.810216,0 
-85.470141,37.810174,0 
-85.470259,37.809894,0 
-85.471814,37.810199,0 
-85.473096,37.810479,0 
-85.47323,37.810462,0 
-85.473408,37.810343,0 
-85.473654,37.810051,0 
-85.473998,37.809538,0 
-85.474277,37.809102,0 
-85.474786,37.808534,0 
-85.475135,37.808301,0 
-85.475505,37.808127,0 
-85.475811,37.807983,0 
-85.476111,37.807809,0 
-85.476465,37.807627,0 
-85.476771,37.80711,0 
</coordinates>
</LineString>
</Placemark>

<Placemark><name>Day 123</name>
<description>Into Louisville</description>
<styleUrl>#linecolor</styleUrl>
<LineString>
<tessellate>1</tessellate>
<altitudeMode>clampToGround</altitudeMode>
<coordinates>
-85.458698,37.799205,0 
-85.457668,37.798323,0 
-85.457067,37.798052,0 
-85.454664,37.801036,0 
-85.452862,37.803613,0 
-85.452261,37.806461,0 
-85.454063,37.807343,0 
-85.457325,37.808089,0 
-85.460157,37.808089,0 
-85.460672,37.808089,0 
-85.4599,37.808563,0 
-85.458269,37.809377,0 
-85.452347,37.812429,0 
-85.450287,37.813446,0 
-85.445309,37.819141,0 
-85.444021,37.821311,0 
-85.454235,37.824836,0 
-85.456038,37.825243,0 
-85.457411,37.825447,0 
-85.461874,37.82565,0 
-85.470543,37.827955,0 
-85.472345,37.828497,0 
-85.505476,37.849239,0 
-85.523329,37.863741,0 
-85.531225,37.871601,0 
-85.533285,37.873295,0 
-85.547619,37.88488,0 
-85.550451,37.887522,0 
-85.552855,37.889215,0 
-85.565901,37.896734,0 
-85.570707,37.900459,0 
-85.573111,37.90222,0 
-85.575428,37.903642,0 
-85.577488,37.904522,0 
-85.579891,37.905267,0 
-85.582037,37.905674,0 
-85.586414,37.906825,0 
-85.588646,37.908247,0 
-85.590448,37.910008,0 
-85.592594,37.914071,0 
-85.593882,37.916711,0 
-85.596457,37.918269,0 
-85.601006,37.919691,0 
-85.604095,37.920977,0 
-85.606327,37.922264,0 
-85.607185,37.922941,0 
-85.611219,37.925514,0 
-85.61491,37.927477,0 
-85.616283,37.92768,0 
-85.617571,37.927545,0 
-85.619545,37.927003,0 
-85.627699,37.924904,0 
-85.630016,37.923956,0 
-85.631733,37.923008,0 
-85.634136,37.921383,0 
-85.636196,37.9203,0 
-85.638685,37.919758,0 
-85.641518,37.919758,0 
-85.644522,37.920842,0 
-85.646324,37.923144,0 
-85.648298,37.92443,0 
-85.651131,37.924972,0 
-85.658083,37.924701,0 
-85.674477,37.923821,0 
-85.679283,37.923618,0 
-85.681772,37.923821,0 
-85.68615,37.924904,0 
-85.687695,37.928086,0 
-85.688639,37.946093,0 
-85.689325,37.95259,0 
-85.690098,37.954824,0 
-85.692244,37.957801,0 
-85.693874,37.961185,0 
-85.694647,37.965719,0 
-85.696449,37.975868,0 
-85.703573,37.991293,0 
-85.70529,37.99596,0 
-85.70426,37.999274,0 
-85.69705,38.010366,0 
-85.696535,38.013409,0 
-85.696449,38.016249,0 
-85.696363,38.033355,0 
-85.696363,38.04194,0 
-85.696793,38.043765,0 
-85.69808,38.048902,0 
-85.698853,38.059648,0 
-85.700054,38.075866,0 
-85.700912,38.08654,0 
-85.700569,38.096741,0 
-85.701513,38.114706,0 
-85.702028,38.127873,0 
-85.702543,38.129831,0 
-85.704432,38.133544,0 
-85.708208,38.139417,0 
-85.715246,38.153255,0 
-85.719194,38.158857,0 
-85.720654,38.162298,0 
-85.720739,38.165673,0 
-85.72031,38.173028,0 
-85.719452,38.175457,0 
-85.719452,38.178088,0 
-85.720568,38.180315,0 
-85.721684,38.181732,0 
-85.723314,38.18416,0 
-85.72855,38.189288,0 
-85.730953,38.192121,0 
-85.733013,38.194887,0 
-85.733528,38.196168,0 
-85.734386,38.200013,0 
-85.736275,38.201902,0 
-85.743742,38.205948,0 
-85.746317,38.206488,0 
-85.748634,38.206758,0 
-85.751209,38.2075,0 
-85.752668,38.208983,0 
-85.753098,38.210332,0 
-85.752926,38.212153,0 
-85.752411,38.213907,0 
-85.752068,38.217009,0 
-85.752239,38.21856,0 
-85.751467,38.220987,0 
-85.750866,38.224291,0 
-85.751467,38.226719,0 
-85.751467,38.228135,0 
-85.75078,38.233461,0 
-85.751553,38.235618,0 
-85.753098,38.23845,0 
-85.752239,38.246135,0 
-85.752325,38.248561,0 
-85.751896,38.249572,0 
-85.75078,38.250786,0 
-85.743484,38.253414,0 
-85.742283,38.255032,0 
-85.74151,38.260491,0 
-85.745287,38.267904,0 
-85.746467,38.270364,0 
-85.746789,38.272133,0 
-85.74578,38.272739,0 
-85.745394,38.277843,0 
-85.748549,38.278096,0 
-85.754836,38.278534,0 
-85.754664,38.279258,0 
-85.753977,38.279275,0 
-85.753806,38.280252,0 
-85.753484,38.280302,0 
-85.75387,38.280353,0 
-85.754063,38.279932,0 
-85.754557,38.279966,0 
-85.754728,38.278685,0 
-85.754514,38.278601,0 
-85.745287,38.277894,0 
-85.745759,38.272537,0 
-85.746918,38.271947,0 
-85.74887,38.272082,0 
-85.749128,38.272267,0 
-85.749321,38.272689,0 
-85.748978,38.273042,0 
-85.748484,38.273059,0 
-85.748227,38.272941,0 
-85.747089,38.27129,0 
-85.742583,38.2629,0 
-85.741897,38.260794,0 
-85.741489,38.259666,0 
-85.74151,38.258638,0 
-85.742004,38.255537,0 
-85.742605,38.254055,0 
-85.744729,38.252875,0 
-85.747068,38.252302,0 
-85.749514,38.252656,0 
-85.750179,38.253128,0 
-85.749857,38.255858,0 
-85.764792,38.257534,0 
-85.764985,38.257787,0 
-85.764985,38.258014,0 
-85.764813,38.258276,0 
-85.764384,38.258419,0 
-85.763644,38.258377,0 
-85.763451,38.258444,0 
-85.761509,38.258604,0 
-85.758998,38.258891,0 
-85.75622,38.258823,0 
-85.753956,38.258764,0 
-85.751252,38.258941,0 
-85.747647,38.258705,0 
-85.745748,38.258393,0 
-85.74268,38.257905,0 
-85.741392,38.258014,0 
-85.740813,38.258351,0 
-85.740448,38.259034,0 
-85.740577,38.259573,0 
-85.741435,38.260803,0 
-85.743849,38.265411,0 
-85.746102,38.269926,0 
-85.746735,38.272107,0 
-85.746671,38.272124,0 
-85.745834,38.272579,0 
-85.745362,38.277868,0 
-85.75475,38.278593,0 
-85.754567,38.279208,0 
-85.75402,38.279208,0 
-85.753859,38.280218,0 
-85.753537,38.280235,0 
-85.75343,38.280446,0 
</coordinates>
</LineString>
</Placemark>

<Placemark><name>day 125</name>
<description>Distillery time</description>
<styleUrl>#linecolor</styleUrl>
<LineString>
<tessellate>1</tessellate>
<altitudeMode>clampToGround</altitudeMode>
<coordinates>
-85.753913,38.279898,0 
-85.754685,38.279999,0 
-85.754342,38.282694,0 
-85.7546,38.283435,0 
-85.755415,38.284042,0 
-85.756187,38.284648,0 
-85.755286,38.284682,0 
-85.753827,38.283099,0 
-85.75211,38.281785,0 
-85.750909,38.280639,0 
-85.750093,38.279494,0 
-85.749707,38.277237,0 
-85.749192,38.275081,0 
-85.748076,38.273025,0 
-85.745373,38.268073,0 
-85.742111,38.261805,0 
-85.741467,38.260424,0 
-85.741467,38.25911,0 
-85.741854,38.256852,0 
-85.742497,38.254156,0 
-85.74357,38.253482,0 
-85.746961,38.2521,0 
-85.750866,38.250786,0 
-85.751853,38.249876,0 
-85.752239,38.248292,0 
-85.753226,38.24,0 
-85.752926,38.23791,0 
-85.750694,38.233731,0 
-85.750694,38.231573,0 
-85.751553,38.227123,0 
-85.750694,38.223887,0 
-85.751724,38.219841,0 
-85.752068,38.216739,0 
-85.752068,38.214716,0 
-85.753098,38.211074,0 
-85.752239,38.208376,0 
-85.749321,38.207162,0 
-85.745544,38.206623,0 
-85.73576,38.201497,0 
-85.733528,38.198934,0 
-85.7337,38.195561,0 
-85.730953,38.192458,0 
-85.725975,38.186387,0 
-85.720139,38.17937,0 
-85.719109,38.175727,0 
-85.72031,38.173028,0 
-85.720654,38.162906,0 
-85.720139,38.160476,0 
-85.708466,38.140497,0 
-85.702457,38.129561,0 
-85.701942,38.12605,0 
-85.701256,38.108493,0 
-85.700912,38.087554,0 
-85.699539,38.064717,0 
-85.698166,38.050119,0 
-85.697479,38.046198,0 
-85.696449,38.042143,0 
-85.696621,38.023349,0 
-85.696793,38.011853,0 
-85.697823,38.008742,0 
-85.704861,37.998733,0 
-85.705376,37.995757,0 
-85.704861,37.993998,0 
-85.697479,37.978168,0 
-85.695763,37.97465,0 
-85.695076,37.968831,0 
-85.693703,37.96017,0 
-85.690613,37.955839,0 
-85.689411,37.952184,0 
-85.68924,37.950289,0 
-85.688038,37.930659,0 
-85.68821,37.928086,0 
-85.68924,37.925378,0 
-85.685463,37.924295,0 
-85.681,37.923482,0 
-85.665894,37.924295,0 
-85.661387,37.924464,0 
-85.655723,37.924667,0 
-85.655637,37.924972,0 
-85.655465,37.925277,0 
-85.655025,37.925378,0 
-85.654328,37.925471,0 
-85.653899,37.925488,0 
-85.653502,37.925674,0 
-85.65318,37.926174,0 
-85.653073,37.926614,0 
-85.653073,37.928027,0 
-85.653137,37.928137,0 
-85.653244,37.928188,0 
-85.653695,37.928289,0 
-85.653856,37.928476,0 
-85.653791,37.928704,0 
-85.653716,37.928856,0 
-85.653362,37.929525,0 
-85.653384,37.929804,0 
-85.654038,37.930913,0 
-85.654221,37.930769,0 
-85.654339,37.930879,0 
-85.654306,37.931057,0 
-85.654199,37.93109,0 
-85.653341,37.929686,0 
-85.653319,37.929584,0 
-85.653791,37.928518,0 
-85.65377,37.928323,0 
-85.653191,37.928196,0 
-85.653105,37.927934,0 
-85.65303,37.926766,0 
-85.653137,37.926165,0 
-85.65348,37.925649,0 
-85.653652,37.925547,0 
-85.655229,37.925378,0 
-85.655594,37.925167,0 
-85.655637,37.924735,0 
-85.653191,37.924879,0 
-85.651056,37.924963,0 
-85.650315,37.92493,0 
-85.649414,37.924836,0 
-85.648212,37.924295,0 
-85.646582,37.923753,0 
-85.645981,37.922738,0 
-85.645037,37.921383,0 
-85.643663,37.920436,0 
-85.640659,37.919555,0 
-85.637741,37.919962,0 
-85.634995,37.920706,0 
-85.629501,37.924227,0 
-85.619717,37.927071,0 
-85.617142,37.92768,0 
-85.615511,37.92768,0 
-85.614395,37.927409,0 
-85.612593,37.926394,0 
-85.604439,37.921519,0 
-85.603237,37.920706,0 
-85.601864,37.920165,0 
-85.597315,37.918675,0 
-85.595427,37.917863,0 
-85.591135,37.911565,0 
-85.589848,37.909398,0 
-85.586929,37.907096,0 
-85.581779,37.905741,0 
-85.577316,37.905064,0 
-85.574741,37.903032,0 
-85.559635,37.892873,0 
-85.552425,37.888538,0 
-85.536118,37.875531,0 
-85.532684,37.872685,0 
-85.527363,37.867671,0 
-85.506935,37.850052,0 
-85.477924,37.832022,0 
-85.473633,37.82904,0 
-85.471916,37.828091,0 
-85.461445,37.82565,0 
-85.46196,37.823887,0 
-85.464706,37.815751,0 
-85.466766,37.808835,0 
-85.460243,37.808021,0 
-85.45681,37.808156,0 
-85.453033,37.807071,0 
-85.452347,37.806393,0 
-85.452862,37.804495,0 
-85.452862,37.803409,0 
-85.454407,37.801239,0 
-85.456467,37.798933,0 
-85.45784,37.796763,0 
-85.459042,37.795678,0 
-85.462475,37.793915,0 
-85.46299,37.793372,0 
-85.463161,37.792287,0 
-85.463333,37.790388,0 
-85.464363,37.788353,0 
-85.46608,37.786182,0 
-85.466423,37.784554,0 
-85.465393,37.782926,0 
-85.464191,37.781705,0 
-85.462132,37.779399,0 
-85.460072,37.776414,0 
-85.459385,37.775328,0 
-85.45887,37.774107,0 
-85.459385,37.771393,0 
-85.460587,37.769765,0 
-85.461273,37.768272,0 
-85.461445,37.767322,0 
-85.461445,37.765558,0 
-85.461788,37.764201,0 
-85.461273,37.76298,0 
-85.46093,37.761487,0 
-85.460243,37.760266,0 
-85.459557,37.758773,0 
-85.458355,37.757551,0 
-85.457497,37.756194,0 
-85.457325,37.755244,0 
-85.457668,37.754023,0 
-85.457668,37.752801,0 
-85.458012,37.751037,0 
-85.45475,37.745607,0 
-85.455437,37.739363,0 
-85.456467,37.738006,0 
-85.458012,37.736241,0 
-85.459385,37.734069,0 
-85.459557,37.731489,0 
-85.459042,37.725923,0 
-85.458355,37.724565,0 
-85.457325,37.722528,0 
-85.457325,37.721578,0 
-85.462475,37.715739,0 
-85.463161,37.714381,0 
-85.462646,37.712887,0 
-85.461273,37.70922,0 
-85.460072,37.706912,0 
-85.45784,37.70406,0 
-85.456982,37.700528,0 
-85.456982,37.696589,0 
-85.456982,37.693329,0 
-85.457668,37.690613,0 
-85.458527,37.688711,0 
-85.457497,37.686673,0 
-85.45578,37.683413,0 
-85.452862,37.681511,0 
-85.450287,37.679609,0 
-85.448914,37.677978,0 
-85.448055,37.677435,0 
-85.447369,37.674989,0 
-85.44651,37.673495,0 
-85.444965,37.671593,0 
-85.443935,37.669283,0 
-85.444107,37.666565,0 
-85.44342,37.664527,0 
-85.44342,37.662353,0 
-85.444107,37.659771,0 
-85.444107,37.657189,0 
-85.442734,37.654606,0 
-85.441017,37.652704,0 
-85.439472,37.651345,0 
-85.437927,37.64917,0 
-85.436211,37.646587,0 
-85.434322,37.644141,0 
-85.429344,37.63748,0 
-85.427456,37.635985,0 
-85.426598,37.634897,0 
-85.426426,37.634082,0 
-85.427799,37.628236,0 
-85.427799,37.627556,0 
-85.425224,37.626469,0 
-85.422134,37.625789,0 
-85.41853,37.626876,0 
-85.417671,37.62793,0 
-85.416985,37.629188,0 
-85.414238,37.631363,0 
-85.41059,37.633436,0 
-85.405183,37.635169,0 
-85.402479,37.635747,0 
-85.3969,37.63449,0 
-85.394883,37.634048,0 
-85.392437,37.635441,0 
-85.389948,37.636733,0 
-85.388145,37.637412,0 
-85.387588,37.637616,0 
-85.385356,37.638636,0 
-85.381193,37.640811,0 
-85.380206,37.641117,0 
-85.379047,37.641796,0 
-85.377331,37.642544,0 
-85.375314,37.643461,0 
-85.373898,37.644583,0 
-85.372438,37.64601,0 
-85.36952,37.647233,0 
-85.367889,37.648185,0 
-85.366302,37.647913,0 
-85.365229,37.648117,0 
-85.364413,37.648219,0 
-85.36377,37.647709,0 
-85.362225,37.646418,0 
-85.360765,37.645602,0 
-85.359693,37.645296,0 
-85.358534,37.645568,0 
-85.356216,37.645636,0 
-85.354671,37.64567,0 
-85.353084,37.645942,0 
-85.351624,37.646146,0 
-85.349951,37.647301,0 
-85.349951,37.647743,0 
-85.350208,37.648286,0 
</coordinates>
</LineString>
</Placemark>

<Placemark><name>Day 126</name>
<description>Into Horse Country</description>
<styleUrl>#linecolor</styleUrl>
<LineString>
<tessellate>1</tessellate>
<altitudeMode>clampToGround</altitudeMode>
<coordinates>
-85.753956,38.279864,0 
-85.754514,38.279932,0 
-85.754342,38.282829,0 
-85.754728,38.28357,0 
-85.75623,38.284648,0 
-85.755286,38.284648,0 
-85.754213,38.283469,0 
-85.751853,38.28138,0 
-85.750394,38.280067,0 
-85.749321,38.276192,0 
-85.747604,38.272149,0 
-85.744171,38.26568,0 
-85.742283,38.262446,0 
-85.741596,38.25975,0 
-85.740395,38.260693,0 
-85.736618,38.261232,0 
-85.732841,38.261502,0 
-85.730095,38.262311,0 
-85.727863,38.262176,0 
-85.725288,38.260693,0 
-85.722885,38.258537,0 
-85.718594,38.252875,0 
-85.71516,38.250853,0 
-85.703316,38.248022,0 
-85.700397,38.246944,0 
-85.697308,38.244517,0 
-85.693703,38.242629,0 
-85.688896,38.241955,0 
-85.683746,38.241955,0 
-85.674477,38.239528,0 
-85.667953,38.238045,0 
-85.658855,38.235888,0 
-85.654221,38.235079,0 
-85.647011,38.236158,0 
-85.637569,38.235888,0 
-85.629158,38.237371,0 
-85.625553,38.23845,0 
-85.621777,38.237371,0 
-85.618172,38.236292,0 
-85.581264,38.224156,0 
-85.577145,38.223212,0 
-85.572338,38.222673,0 
-85.543671,38.223887,0 
-85.538177,38.223347,0 
-85.518436,38.223212,0 
-85.505733,38.222808,0 
-85.461788,38.221055,0 
-85.414238,38.217683,0 
-85.39278,38.215795,0 
-85.389175,38.215255,0 
-85.374413,38.212018,0 
-85.346432,38.207567,0 
-85.298882,38.199878,0 
-85.293732,38.198529,0 
-85.250645,38.186522,0 
-85.24601,38.185712,0 
-85.241032,38.185307,0 
-85.213051,38.184363,0 
-85.193481,38.184363,0 
-85.188847,38.183283,0 
-85.184383,38.181394,0 
-85.178547,38.179775,0 
-85.172195,38.178426,0 
-85.167904,38.176941,0 
-85.157948,38.172488,0 
-85.154858,38.171138,0 
-85.14576,38.169519,0 
-85.142155,38.168034,0 
-85.137005,38.1652,0 
-85.133915,38.164121,0 
-85.130482,38.163716,0 
-85.126705,38.163716,0 
-85.116234,38.164525,0 
-85.110569,38.163986,0 
-85.106621,38.163311,0 
-85.094776,38.159531,0 
-85.08791,38.156967,0 
-85.07761,38.155752,0 
-85.071945,38.154537,0 
-85.065937,38.152647,0 
-85.059242,38.151432,0 
-85.048599,38.150352,0 
-85.036068,38.148598,0 
-85.028515,38.147788,0 
-85.01255,38.146708,0 
-84.999504,38.144818,0 
-84.991779,38.144548,0 
-84.986973,38.145088,0 
-84.974098,38.146843,0 
-84.954185,38.151432,0 
-84.948864,38.151702,0 
-84.939938,38.151837,0 
-84.931698,38.154672,0 
-84.928951,38.155347,0 
-84.907322,38.158722,0 
-84.893417,38.158047,0 
-84.894791,38.161556,0 
-84.899597,38.167899,0 
-84.899597,38.170599,0 
-84.896851,38.174782,0 
-84.894447,38.179775,0 
-84.894319,38.180686,0 
-84.890413,38.182777,0 
-84.887667,38.184734,0 
-84.886422,38.185307,0 
-84.884448,38.18551,0 
-84.882731,38.185341,0 
-84.881186,38.185543,0 
-84.879813,38.186286,0 
-84.879341,38.187567,0 
-84.880114,38.189355,0 
-84.880586,38.189929,0 
-84.881186,38.190502,0 
-84.882174,38.192458,0 
-84.882216,38.193774,0 
-84.882302,38.194819,0 
-84.882903,38.195325,0 
-84.88389,38.196303,0 
-84.884491,38.197079,0 
-84.884963,38.198394,0 
-84.884362,38.200553,0 
-84.883933,38.201261,0 
-84.882689,38.202509,0 
-84.882731,38.203251,0 
-84.882903,38.204195,0 
-84.883204,38.204633,0 
-84.884276,38.205443,0 
-84.884362,38.206218,0 
-84.883375,38.205645,0 
-84.882045,38.204498,0 
-84.879642,38.202408,0 
-84.878998,38.202037,0 
-84.877496,38.204532,0 
-84.876037,38.205645,0 
-84.875178,38.206421,0 
-84.873891,38.207736,0 
-84.873118,38.208511,0 
-84.870629,38.210501,0 
-84.869943,38.211209,0 
-84.867668,38.213569,0 
-84.868312,38.214884,0 
-84.868741,38.215356,0 
-84.869342,38.216098,0 
-84.869685,38.216604,0 
-84.86887,38.216941,0 
-84.868097,38.217211,0 
-84.867454,38.216907,0 
-84.866681,38.216267,0 
-84.866424,38.21593,0 
-84.866037,38.215424,0 
-84.865222,38.216031,0 
-84.863377,38.216874,0 
-84.861274,38.217211,0 
-84.858012,38.217245,0 
-84.854665,38.216469,0 
-84.853292,38.215289,0 
-84.853892,38.214143,0 
-84.853892,38.213873,0 
-84.854751,38.212221,0 
-84.855137,38.211209,0 
-84.855866,38.209253,0 
-84.856553,38.2075,0 
-84.857283,38.206454,0 
-84.858699,38.20524,0 
-84.860415,38.20433,0 
-84.86166,38.203824,0 
-84.86578,38.201935,0 
-84.872561,38.200654,0 
-84.874492,38.197652,0 
-84.875994,38.197787,0 
-84.876552,38.197922,0 
-84.877796,38.198495,0 
-84.878697,38.197315,0 
-84.878869,38.19691,0 
-84.878998,38.19492,0 
-84.877582,38.194988,0 
-84.874363,38.194785,0 
-84.873977,38.197652,0 
-84.87299,38.19772,0 
-84.871016,38.198259,0 
-84.869385,38.198394,0 
-84.868398,38.198327,0 
-84.864664,38.197956,0 
-84.863377,38.198091,0 
-84.859772,38.198664,0 
-84.859257,38.196506,0 
-84.857712,38.191379,0 
-84.856682,38.189355,0 
-84.854279,38.186252,0 
-84.853764,38.184363,0 
-84.855995,38.181934,0 
-84.857197,38.17991,0 
-84.858913,38.177616,0 
-84.859428,38.175322,0 
-84.85754,38.174377,0 
-84.857368,38.173298,0 
-84.856339,38.171948,0 
-84.856167,38.170059,0 
-84.854794,38.16736,0 
-84.852219,38.164255,0 
-84.85136,38.162231,0 
-84.850845,38.160071,0 
-84.850845,38.157372,0 
-84.85239,38.155482,0 
-84.853935,38.154132,0 
-84.853592,38.153457,0 
-84.853592,38.152242,0 
-84.853077,38.151027,0 
-84.852562,38.149678,0 
-84.852562,38.149138,0 
-84.851017,38.149273,0 
-84.849472,38.149003,0 
-84.846897,38.147923,0 
-84.844666,38.146708,0 
-84.843121,38.146573,0 
-84.838142,38.147518,0 
-84.835567,38.149408,0 
-84.834645,38.149593,0 
-84.833679,38.149408,0 
-84.832585,38.148614,0 
-84.832349,38.146978,0 
-84.832306,38.144953,0 
-84.831963,38.143873,0 
-84.830933,38.143333,0 
-84.829903,38.141982,0 
-84.829044,38.141375,0 
-84.827585,38.141291,0 
-84.825783,38.140632,0 
-84.824109,38.13989,0 
-84.822671,38.138388,0 
-84.821942,38.136751,0 
-84.821792,38.135991,0 
-84.821835,38.135367,0 
-84.822757,38.134084,0 
-84.823358,38.133071,0 
-84.823895,38.131856,0 
-84.824066,38.13113,0 
-84.823895,38.130911,0 
-84.823036,38.128987,0 
-84.823358,38.127603,0 
-84.823101,38.126286,0 
-84.822865,38.12551,0 
-84.823208,38.125037,0 
-84.824753,38.124564,0 
-84.826984,38.123214,0 
-84.827435,38.12215,0 
-84.826963,38.120648,0 
-84.826448,38.118977,0 
-84.825954,38.118352,0 
-84.825203,38.117592,0 
-84.823723,38.116866,0 
-84.821835,38.116293,0 
-84.82029,38.116056,0 
-84.818037,38.115752,0 
-84.817704,38.115727,0 
-84.817307,38.115541,0 
-84.816813,38.115069,0 
-84.816277,38.114596,0 
-84.815472,38.113887,0 
-84.814711,38.113,0 
-84.814314,38.112756,0 
-84.813552,38.112722,0 
-84.813069,38.112722,0 
-84.812675,38.112787,0 
-84.812372,38.112688,0 
-84.81205,38.112528,0 
-84.811524,38.112426,0 
-84.811352,38.11257,0 
-84.811084,38.112848,0 
-84.811202,38.112975,0 
-84.811653,38.112832,0 
-84.812189,38.112722,0 
-84.812425,38.112747,0 
-84.812425,38.112848,0 
-84.811535,38.113068,0 
-84.811181,38.113693,0 
-84.811052,38.115111,0 
-84.810709,38.115676,0 
-84.809411,38.116394,0 
-84.808617,38.116529,0 
-84.807833,38.116385,0 
-84.807887,38.117576,0 
-84.80969,38.120614,0 
-84.809046,38.127265,0 
-84.808831,38.129459,0 
-84.81029,38.133274,0 
-84.810162,38.133645,0 
-84.80969,38.133476,0 
-84.808273,38.13324,0 
-84.800935,38.132903,0 
-84.794841,38.132295,0 
-84.79394,38.132632,0 
-84.787502,38.137088,0 
-84.779949,38.125526,0 
-84.772053,38.114942,0 
-84.762182,38.102009,0 
-84.753599,38.090796,0 
-84.749136,38.084243,0 
-84.745703,38.078771,0 
-84.741154,38.073433,0 
-84.73772,38.069041,0 
-84.735146,38.065257,0 
-84.733429,38.064244,0 
-84.726734,38.062351,0 
-84.723387,38.060527,0 
-84.719954,38.056607,0 
-84.716778,38.053295,0 
-84.714804,38.051403,0 
-84.713774,38.050862,0 
-84.701242,38.049443,0 
-84.685192,38.04728,0 
-84.679441,38.046604,0 
-84.671803,38.045387,0 
-84.667168,38.044576,0 
-84.664593,38.044711,0 
-84.656868,38.044373,0 
-84.650002,38.043562,0 
-84.648027,38.042886,0 
-84.642191,38.040994,0 
-84.635925,38.040656,0 
-84.63335,38.040656,0 
-84.628201,38.042278,0 
-84.623737,38.043022,0 
-84.618587,38.042819,0 
-84.609919,38.042346,0 
-84.607,38.042616,0 
-84.593182,38.044171,0 
-84.589491,38.044441,0 
-84.576359,38.044103,0 
-84.574642,38.044576,0 
-84.566231,38.045725,0 
-84.552069,38.04701,0 
-84.542799,38.047483,0 
-84.52323,38.049984,0 
-84.523315,38.051538,0 
-84.52486,38.053228,0 
-84.52486,38.056742,0 
-84.524088,38.057621,0 
-84.531898,38.058364,0 
-84.534645,38.059175,0 
-84.541426,38.061608,0 
-84.544859,38.062824,0 
-84.551296,38.065054,0 
-84.557991,38.069785,0 
-84.560566,38.071879,0 
-84.562883,38.074109,0 
-84.564686,38.075325,0 
-84.569385,38.07845,0 
-84.57432,38.080815,0 
-84.576681,38.082065,0 
-84.578161,38.08269,0 
-84.582388,38.08475,0 
-84.583418,38.085054,0 
-84.590135,38.086675,0 
-84.595542,38.088111,0 
-84.596164,38.088314,0 
-84.6014,38.090779,0 
-84.60449,38.092265,0 
-84.604297,38.092451,0 
-84.60391,38.09289,0 
-84.603717,38.093397,0 
-84.603953,38.094207,0 
-84.603953,38.094917,0 
-84.603825,38.095373,0 
-84.603138,38.09593,0 
-84.602301,38.096437,0 
-84.601808,38.096487,0 
-84.600906,38.096504,0 
-84.600585,38.096842,0 
-84.600542,38.097281,0 
-84.600928,38.097652,0 
-84.601121,38.097855,0 
-84.601099,38.098682,0 
-84.601443,38.098885,0 
-84.601915,38.099071,0 
-84.602408,38.099155,0 
-84.602923,38.099341,0 
-84.603267,38.099696,0 
-84.603331,38.100168,0 
-84.602945,38.100591,0 
-84.602451,38.101266,0 
-84.602172,38.101874,0 
-84.601851,38.102262,0 
-84.60125,38.102735,0 
-84.600906,38.103208,0 
-84.600928,38.104153,0 
-84.600863,38.104896,0 
-84.600456,38.105589,0 
-84.599533,38.106112,0 
-84.598353,38.106179,0 
-84.597323,38.105859,0 
-84.596872,38.10547,0 
-84.59655,38.104727,0 
-84.596679,38.103647,0 
-84.596765,38.102769,0 
-84.596593,38.102127,0 
-84.596207,38.101553,0 
-84.596357,38.100962,0 
-84.596078,38.100388,0 
-84.595907,38.099864,0 
-84.595928,38.099628,0 
-84.596336,38.09929,0 
-84.596615,38.098986,0 
-84.596636,38.098429,0 
-84.596615,38.097804,0 
-84.597259,38.096774,0 
-84.597859,38.096048,0 
-84.598546,38.095558,0 
-84.599211,38.09539,0 
-84.600005,38.095457,0 
-84.600284,38.095238,0 
-84.600263,38.095677,0 
-84.600477,38.096099,0 
-84.600906,38.096403,0 
</coordinates>
</LineString>
</Placemark>

<Placemark><name>day 128</name>
<description>across kentucky</description>
<styleUrl>#linecolor</styleUrl>
<LineString>
<tessellate>1</tessellate>
<altitudeMode>clampToGround</altitudeMode>
<coordinates>
-85.753956,38.279224,0 
-85.754728,38.279224,0 
-85.754299,38.283065,0 
-85.754642,38.283402,0 
-85.756273,38.284614,0 
-85.754986,38.284547,0 
-85.752153,38.281919,0 
-85.750179,38.279629,0 
-85.749235,38.276192,0 
-85.745974,38.269589,0 
-85.741768,38.260559,0 
-85.74151,38.2582,0 
-85.742025,38.255504,0 
-85.742455,38.254156,0 
-85.744085,38.253145,0 
-85.748034,38.251729,0 
-85.751209,38.250314,0 
-85.752153,38.249303,0 
-85.752325,38.24755,0 
-85.753355,38.239528,0 
-85.752926,38.238113,0 
-85.750608,38.233596,0 
-85.75078,38.232247,0 
-85.751553,38.227191,0 
-85.751467,38.22564,0 
-85.751038,38.224224,0 
-85.751123,38.222403,0 
-85.752153,38.218897,0 
-85.752153,38.217076,0 
-85.752325,38.215188,0 
-85.75284,38.21249,0 
-85.75284,38.210939,0 
-85.752497,38.208983,0 
-85.750866,38.207432,0 
-85.748291,38.206825,0 
-85.744514,38.205948,0 
-85.73576,38.201497,0 
-85.734215,38.199069,0 
-85.732841,38.194347,0 
-85.728722,38.190165,0 
-85.72443,38.185037,0 
-85.720825,38.18072,0 
-85.71928,38.176806,0 
-85.719967,38.173703,0 
-85.720482,38.171813,0 
-85.720825,38.161961,0 
-85.718765,38.158317,0 
-85.705376,38.134557,0 
-85.702629,38.129696,0 
-85.701771,38.124969,0 
-85.700569,38.096876,0 
-85.700912,38.088094,0 
-85.698338,38.052146,0 
-85.697651,38.046739,0 
-85.696278,38.042548,0 
-85.696278,38.014558,0 
-85.697308,38.010501,0 
-85.704517,37.999139,0 
-85.705719,37.996298,0 
-85.704002,37.992375,0 
-85.696793,37.976815,0 
-85.695934,37.973568,0 
-85.693703,37.959899,0 
-85.691986,37.957463,0 
-85.68924,37.953402,0 
-85.689068,37.950018,0 
-85.687695,37.926191,0 
-85.68718,37.916034,0 
-85.687695,37.912378,0 
-85.690956,37.907637,0 
-85.697651,37.898969,0 
-85.699196,37.895718,0 
-85.699196,37.891925,0 
-85.698681,37.885964,0 
-85.699883,37.882983,0 
-85.701771,37.879867,0 
-85.702972,37.874582,0 
-85.708294,37.857507,0 
-85.710526,37.853441,0 
-85.713787,37.850052,0 
-85.715675,37.84585,0 
-85.717049,37.835412,0 
-85.719109,37.830395,0 
-85.722542,37.826328,0 
-85.728722,37.822396,0 
-85.732155,37.819548,0 
-85.745201,37.807478,0 
-85.748291,37.801646,0 
-85.754642,37.792558,0 
-85.757904,37.790659,0 
-85.76786,37.788217,0 
-85.77095,37.786589,0 
-85.772839,37.782519,0 
-85.773354,37.779127,0 
-85.777645,37.776278,0 
-85.781937,37.77275,0 
-85.783825,37.771665,0 
-85.788975,37.769358,0 
-85.791721,37.767458,0 
-85.793781,37.762844,0 
-85.797043,37.757687,0 
-85.797215,37.754837,0 
-85.793953,37.746965,0 
-85.794125,37.74425,0 
-85.795841,37.742349,0 
-85.798759,37.740721,0 
-85.803051,37.737598,0 
-85.815411,37.731082,0 
-85.826397,37.723207,0 
-85.8288,37.719269,0 
-85.829315,37.71343,0 
-85.832233,37.704195,0 
-85.838585,37.695503,0 
-85.84116,37.690748,0 
-85.84219,37.688303,0 
-85.843391,37.682054,0 
-85.84837,37.676756,0 
-85.851803,37.676756,0 
-85.853863,37.677571,0 
-85.858498,37.680016,0 
-85.862789,37.679473,0 
-85.872917,37.672815,0 
-85.89077,37.653383,0 
-85.89798,37.649578,0 
-85.909653,37.648762,0 
-85.914459,37.644956,0 
-86.011963,37.583222,0 
-86.021919,37.576147,0 
-86.038055,37.570977,0 
-86.053505,37.564446,0 
-86.063118,37.562269,0 
-86.079597,37.556554,0 
-86.089897,37.553015,0 
-86.115303,37.550294,0 
-86.119423,37.549749,0 
-86.124229,37.546483,0 
-86.145172,37.526609,0 
-86.147232,37.520619,0 
-86.152725,37.511632,0 
-86.158218,37.507275,0 
-86.161652,37.501828,0 
-86.168518,37.499649,0 
-86.179161,37.496108,0 
-86.200447,37.492294,0 
-86.206627,37.48957,0 
-86.260872,37.470498,0 
-86.275635,37.466411,0 
-86.287994,37.466684,0 
-86.297264,37.465049,0 
-86.313744,37.455238,0 
-86.322327,37.451967,0 
-86.336746,37.449514,0 
-86.341209,37.448424,0 
-86.351166,37.444608,0 
-86.363182,37.443518,0 
-86.367989,37.441882,0 
-86.382408,37.433704,0 
-86.386871,37.428252,0 
-86.391335,37.422799,0 
-86.399231,37.419254,0 
-86.412621,37.414346,0 
-86.447983,37.40971,0 
-86.464119,37.408346,0 
-86.500854,37.412437,0 
-86.506004,37.413255,0 
-86.542397,37.409164,0 
-86.545143,37.408619,0 
-86.563339,37.397164,0 
-86.567116,37.396346,0 
-86.574326,37.39471,0 
-86.614494,37.391436,0 
-86.65123,37.384617,0 
-86.656036,37.384071,0 
-86.674232,37.388436,0 
-86.680756,37.388436,0 
-86.692772,37.387345,0 
-86.714401,37.393073,0 
-86.726074,37.392527,0 
-86.74942,37.392255,0 
-86.75766,37.393346,0 
-86.787186,37.392255,0 
-86.794052,37.390891,0 
-86.810188,37.383526,0 
-86.843834,37.366337,0 
-86.854134,37.362244,0 
-86.893959,37.352147,0 
-86.899796,37.352693,0 
-86.910439,37.354876,0 
-86.921082,37.351601,0 
-86.939278,37.341776,0 
-86.953011,37.336043,0 
-86.96743,37.330038,0 
-86.972237,37.330584,0 
-86.982193,37.331403,0 
-86.984596,37.330038,0 
-86.988716,37.3284,0 
-86.992836,37.323758,0 
-86.996956,37.321028,0 
-87.002449,37.31939,0 
-87.011719,37.320209,0 
-87.017899,37.319936,0 
-87.022018,37.319936,0 
-87.025795,37.320209,0 
-87.029915,37.321847,0 
-87.031975,37.321847,0 
-87.035065,37.321574,0 
-87.040215,37.31939,0 
-87.044334,37.317479,0 
-87.049141,37.316933,0 
-87.052231,37.315568,0 
-87.054977,37.312837,0 
-87.057381,37.310926,0 
-87.060471,37.308195,0 
-87.062874,37.304099,0 
-87.065277,37.303279,0 
-87.069397,37.300821,0 
-87.079697,37.295906,0 
-87.082443,37.292628,0 
-87.08519,37.288531,0 
-87.08931,37.286346,0 
-87.097549,37.284434,0 
-87.099953,37.282248,0 
-87.105789,37.281429,0 
-87.110596,37.281975,0 
-87.115746,37.280336,0 
-87.135315,37.275146,0 
-87.140808,37.275146,0 
-87.151451,37.273233,0 
-87.156258,37.272414,0 
-87.158661,37.270774,0 
-87.170677,37.261485,0 
-87.175827,37.258479,0 
-87.18647,37.254926,0 
-87.201576,37.253014,0 
-87.235565,37.248368,0 
-87.242088,37.246728,0 
-87.248268,37.244268,0 
-87.257881,37.238529,0 
-87.268867,37.236342,0 
-87.292557,37.229508,0 
-87.297707,37.230875,0 
-87.306633,37.233335,0 
-87.319679,37.236342,0 
-87.341309,37.235795,0 
-87.354355,37.235249,0 
-87.358818,37.232515,0 
-87.374611,37.229235,0 
-87.379761,37.226775,0 
-87.403793,37.212832,0 
-87.428169,37.212285,0 
-87.469025,37.212285,0 
-87.472801,37.212285,0 
-87.523956,37.202714,0 
-87.553825,37.198339,0 
-87.594681,37.190681,0 
-87.603264,37.188493,0 
-87.613564,37.190134,0 
-87.644119,37.195878,0 
-87.665405,37.199706,0 
-87.672615,37.199706,0 
-87.695274,37.196698,0 
-87.701454,37.195331,0 
-87.732697,37.177826,0 
-87.736473,37.176731,0 
-87.738876,37.173449,0 
-87.741966,37.170713,0 
-87.753983,37.166609,0 
-87.758446,37.163326,0 
-87.763596,37.159496,0 
-87.768402,37.157307,0 
-87.773552,37.155939,0 
-87.787628,37.153476,0 
-87.793465,37.151013,0 
-87.803421,37.144719,0 
-87.810287,37.141435,0 
-87.815437,37.14034,0 
-87.819901,37.140888,0 
-87.849083,37.139793,0 
-87.857666,37.13733,0 
-87.871056,37.132677,0 
-87.873459,37.121454,0 
-87.881699,37.110503,0 
</coordinates>
</LineString>
</Placemark>

<Placemark><name>day 129</name>
<description>Illinois and Missouri</description>
<styleUrl>#linecolor</styleUrl>
<LineString>
<tessellate>1</tessellate>
<altitudeMode>clampToGround</altitudeMode>
<coordinates>
-87.908027,37.107628,0 
-87.906289,37.108347,0 
-87.902942,37.111273,0 
-87.899358,37.115517,0 
-87.897985,37.117211,0 
-87.897191,37.117399,0 
-87.896976,37.117262,0 
-87.888608,37.112283,0 
-87.886591,37.111033,0 
-87.886634,37.110657,0 
-87.881806,37.108604,0 
-87.88157,37.109271,0 
-87.886248,37.111239,0 
-87.886591,37.11117,0 
-87.897127,37.11757,0 
-87.892427,37.12349,0 
-87.893028,37.123558,0 
-87.893586,37.123353,0 
-87.894337,37.12272,0 
-87.89526,37.122292,0 
-87.914658,37.118169,0 
-87.920322,37.117484,0 
-87.927361,37.114884,0 
-87.94487,37.110914,0 
-87.950191,37.109545,0 
-87.964268,37.111051,0 
-87.968044,37.110229,0 
-87.985897,37.10667,0 
-87.988129,37.10667,0 
-88.003407,37.108586,0 
-88.022118,37.110092,0 
-88.026581,37.109545,0 
-88.031731,37.106944,0 
-88.033619,37.106396,0 
-88.034821,37.105848,0 
-88.035507,37.104616,0 
-88.037739,37.104342,0 
-88.047009,37.101878,0 
-88.050613,37.100783,0 
-88.05954,37.100098,0 
-88.061943,37.09914,0 
-88.070183,37.095032,0 
-88.078594,37.091198,0 
-88.085804,37.087775,0 
-88.090611,37.085447,0 
-88.096104,37.084488,0 
-88.104,37.083119,0 
-88.120308,37.074902,0 
-88.125114,37.074628,0 
-88.133698,37.077367,0 
-88.139191,37.073532,0 
-88.145027,37.070793,0 
-88.16082,37.068875,0 
-88.169746,37.06504,0 
-88.178329,37.061205,0 
-88.185024,37.060931,0 
-88.195496,37.063944,0 
-88.20013,37.064218,0 
-88.224678,37.058465,0 
-88.233089,37.056684,0 
-88.237724,37.054903,0 
-88.244762,37.050519,0 
-88.251972,37.047642,0 
-88.264675,37.04271,0 
-88.271542,37.038325,0 
-88.286304,37.02558,0 
-88.296089,37.017494,0 
-88.299179,37.016398,0 
-88.303299,37.015301,0 
-88.311024,37.014067,0 
-88.315144,37.012285,0 
-88.320122,37.008996,0 
-88.324413,37.003238,0 
-88.328705,36.998303,0 
-88.332996,36.99419,0 
-88.335915,36.992133,0 
-88.342609,36.991036,0 
-88.357716,36.989528,0 
-88.377972,36.990488,0 
-88.421059,36.992133,0 
-88.433247,36.992544,0 
-88.443546,36.994464,0 
-88.451271,36.994601,0 
-88.459682,36.99419,0 
-88.479939,36.99419,0 
-88.498306,36.995424,0 
-88.506203,36.994464,0 
-88.527832,36.99323,0 
-88.532982,36.994053,0 
-88.561306,37.006391,0 
-88.567657,37.008996,0 
-88.591862,37.01393,0 
-88.595123,37.015301,0 
-88.602676,37.020098,0 
-88.628769,37.036543,0 
-88.648682,37.046957,0 
-88.656921,37.056821,0 
-88.669968,37.053533,0 
-88.694,37.046957,0 
-88.703613,37.045861,0 
-88.7146,37.040928,0 
-88.737259,37.034351,0 
-88.744812,37.034351,0 
-88.749619,37.033803,0 
-88.757858,37.027773,0 
-88.770218,37.025032,0 
-88.792191,37.018453,0 
-88.81073,37.012423,0 
-88.814163,37.012423,0 
-88.843002,37.005294,0 
-88.869781,37.004198,0 
-88.875275,37.000359,0 
-88.884888,36.990488,0 
-88.912354,36.990488,0 
-88.935699,36.990488,0 
-88.956985,36.989391,0 
-88.981018,36.991036,0 
-88.984451,36.985552,0 
-88.989258,36.985003,0 
-88.994751,36.985552,0 
-89.001617,36.983358,0 
-89.020157,36.978421,0 
-89.037323,36.977872,0 
-89.050369,36.972387,0 
-89.061356,36.970741,0 
-89.066849,36.969095,0 
-89.072342,36.969095,0 
-89.077148,36.968547,0 
-89.083328,36.964706,0 
-89.092941,36.964706,0 
-89.095688,36.973484,0 
-89.11972,36.99652,0 
-89.139633,37.000908,0 
-89.151993,36.988842,0 
-89.162292,36.995424,0 
-89.163666,36.999262,0 
-89.180145,37.005843,0 
-89.186325,37.023936,0 
-89.187698,37.039284,0 
-89.202118,37.043121,0 
-89.202805,37.034899,0 
-89.23233,36.995972,0 
-89.325027,36.915862,0 
-89.335327,36.90598,0 
-89.347,36.90598,0 
-89.439011,36.90598,0 
-89.546127,36.868086,0 
-89.611359,36.84501,0 
-89.724655,36.838416,0 
-89.941463,36.816294,0 
-89.969788,36.809147,0 
-89.970474,36.794577,0 
</coordinates>
</LineString>
</Placemark>

<Placemark><name>Day 130</name>
<description> Into Illinois</description>
<styleUrl>#linecolor</styleUrl>
<LineString>
<tessellate>1</tessellate>
<altitudeMode>clampToGround</altitudeMode>
<coordinates>
-89.983864,36.803581,0 
-89.970131,36.803581,0 
-89.969788,36.808598,0 
-89.969101,36.808666,0 
-89.966698,36.810109,0 
-89.945068,36.815538,0 
-89.937172,36.817256,0 
-89.808769,36.829623,0 
-89.726715,36.838141,0 
-89.718475,36.838966,0 
-89.615822,36.845285,0 
-89.609985,36.846109,0 
-89.532394,36.873853,0 
-89.439697,36.905705,0 
-89.436607,36.906529,0 
-89.352493,36.90598,0 
-89.34082,36.90598,0 
-89.337387,36.906529,0 
-89.332581,36.909274,0 
-89.23233,36.995972,0 
-89.228554,36.999811,0 
-89.202805,37.035173,0 
-89.202118,37.039832,0 
-89.200401,37.046957,0 
-89.199028,37.050245,0 
-89.189758,37.06641,0 
-89.188385,37.073806,0 
-89.188385,37.091609,0 
-89.187355,37.108586,0 
-89.186325,37.11242,0 
-89.163666,37.162779,0 
-89.160233,37.179193,0 
-89.157486,37.191502,0 
-89.157486,37.272414,0 
-89.154396,37.423889,0 
-89.154053,37.428524,0 
-89.14341,37.448697,0 
-89.145813,37.449242,0 
-89.162292,37.451422,0 
-89.167786,37.45333,0 
-89.171562,37.45333,0 
-89.179459,37.454148,0 
-89.192505,37.45551,0 
-89.202118,37.456873,0 
-89.214478,37.462596,0 
-89.225121,37.464231,0 
-89.227524,37.463686,0 
-89.231987,37.473223,0 
-89.233017,37.478673,0 
-89.23233,37.500193,0 
-89.226837,37.523614,0 
-89.222374,37.532871,0 
-89.221687,37.5424,0 
-89.231644,37.563902,0 
-89.23645,37.57778,0 
-89.235935,37.58295,0 
-89.234047,37.591927,0 
-89.232674,37.602808,0 
-89.234047,37.612056,0 
-89.234262,37.615217,0 
-89.232416,37.615319,0 
-89.228811,37.615557,0 
-89.227524,37.615829,0 
-89.225421,37.615319,0 
-89.224563,37.614197,0 
-89.223919,37.613382,0 
-89.222846,37.613518,0 
-89.218426,37.613721,0 
-89.217224,37.61328,0 
-89.215765,37.612838,0 
-89.21422,37.613518,0 
-89.213061,37.613721,0 
-89.211731,37.613755,0 
-89.210658,37.614435,0 
-89.210486,37.615251,0 
-89.211173,37.617801,0 
-89.209156,37.617665,0 
-89.208641,37.618685,0 
-89.206924,37.620214,0 
-89.205852,37.621404,0 
-89.205251,37.622594,0 
-89.205723,37.624463,0 
-89.204607,37.625075,0 
-89.201603,37.624973,0 
-89.199672,37.625619,0 
-89.198942,37.625347,0 
-89.197783,37.624089,0 
-89.197698,37.623036,0 
-89.197097,37.622594,0 
-89.195337,37.62171,0 
-89.193621,37.621438,0 
-89.192333,37.621404,0 
-89.191861,37.621166,0 
-89.19126,37.619738,0 
-89.191861,37.618515,0 
-89.192162,37.617087,0 
-89.192762,37.616135,0 
-89.192891,37.61362,0 
-89.193878,37.61277,0 
-89.193749,37.61073,0 
-89.193878,37.609642,0 
-89.193492,37.60818,0 
-89.194264,37.607092,0 
-89.194436,37.604474,0 
-89.193363,37.603454,0 
-89.191818,37.603216,0 
-89.188557,37.603318,0 
-89.18654,37.606718,0 
-89.18375,37.609982,0 
-89.182806,37.610696,0 
-89.172206,37.610866,0 
-89.171219,37.610288,0 
-89.170403,37.609302,0 
-89.170189,37.608554,0 
-89.169245,37.608044,0 
-89.167571,37.60682,0 
-89.167914,37.605222,0 
</coordinates>
</LineString>
</Placemark>

<Placemark><name>Day 133</name>
<description>Towards Chicago</description>
<styleUrl>#linecolor</styleUrl>
<LineString>
<tessellate>1</tessellate>
<altitudeMode>clampToGround</altitudeMode>
<coordinates>
-89.167442,37.60512,0 
-89.168129,37.60512,0 
-89.167614,37.606752,0 
-89.168987,37.607908,0 
-89.170275,37.60852,0 
-89.170446,37.609404,0 
-89.171734,37.610764,0 
-89.182978,37.610696,0 
-89.182034,37.612056,0 
-89.181948,37.612736,0 
-89.18169,37.617971,0 
-89.181261,37.618855,0 
-89.172678,37.623341,0 
-89.169846,37.623681,0 
-89.166327,37.624429,0 
-89.163837,37.626265,0 
-89.162893,37.628916,0 
-89.16255,37.6455,0 
-89.162464,37.647267,0 
-89.164352,37.651005,0 
-89.165812,37.652296,0 
-89.169331,37.653315,0 
-89.170704,37.653859,0 
-89.171906,37.65515,0 
-89.171305,37.670574,0 
-89.171476,37.675125,0 
-89.172421,37.677911,0 
-89.179115,37.694144,0 
-89.182119,37.698763,0 
-89.185553,37.703652,0 
-89.185724,37.705486,0 
-89.185295,37.726941,0 
-89.185123,37.733254,0 
-89.185123,37.733933,0 
-89.186411,37.735426,0 
-89.181604,37.738006,0 
-89.159203,37.743775,0 
-89.153023,37.744657,0 
-89.1471,37.744861,0 
-89.126759,37.7452,0 
-89.077578,37.745064,0 
-89.021788,37.745132,0 
-88.985138,37.744861,0 
-88.978701,37.744929,0 
-88.975697,37.744657,0 
-88.972349,37.744046,0 
-88.964367,37.741331,0 
-88.958187,37.740585,0 
-88.956814,37.740381,0 
-88.956385,37.739838,0 
-88.956385,37.739295,0 
-88.957329,37.739227,0 
-88.958015,37.739499,0 
-88.958445,37.740042,0 
-88.957415,37.743164,0 
-88.95278,37.75443,0 
-88.947029,37.77085,0 
-88.945312,37.776685,0 
-88.945656,37.799069,0 
-88.945827,37.816158,0 
-88.944798,37.83609,0 
-88.941364,37.876886,0 
-88.941364,37.87946,0 
-88.944626,37.889622,0 
-88.946514,37.898291,0 
-88.946686,37.928222,0 
-88.945827,37.932825,0 
-88.943596,37.936752,0 
-88.936214,37.946905,0 
-88.935356,37.950695,0 
-88.935356,37.990345,0 
-88.935013,37.993863,0 
-88.933983,37.997786,0 
-88.925915,38.014152,0 
-88.925571,38.018345,0 
-88.923855,38.064987,0 
-88.922138,38.069312,0 
-88.919048,38.075663,0 
-88.912354,38.087419,0 
-88.911495,38.092688,0 
-88.912182,38.133746,0 
-88.911667,38.138067,0 
-88.913727,38.156832,0 
-88.91304,38.160071,0 
-88.910809,38.1652,0 
-88.9048,38.177346,0 
-88.903942,38.183418,0 
-88.904629,38.191109,0 
-88.906345,38.194887,0 
-88.910809,38.203116,0 
-88.910809,38.207432,0 
-88.910637,38.210804,0 
-88.908405,38.216065,0 
-88.906174,38.223617,0 
-88.906002,38.243843,0 
-88.907719,38.250044,0 
-88.910122,38.252606,0 
-88.920937,38.257593,0 
-88.92849,38.262176,0 
-88.932095,38.267432,0 
-88.932781,38.273228,0 
-88.943081,38.292092,0 
-88.952694,38.314858,0 
-88.955269,38.325094,0 
-88.954926,38.331288,0 
-88.954239,38.336809,0 
-88.953896,38.341656,0 
-88.949947,38.351888,0 
-88.949604,38.369252,0 
-88.949604,38.377192,0 
-88.948917,38.382575,0 
-88.949089,38.390917,0 
-88.949947,38.394012,0 
-88.949947,38.430597,0 
-88.951321,38.434901,0 
-88.959732,38.464208,0 
-88.959389,38.481814,0 
-88.95956,38.510833,0 
-88.960247,38.514594,0 
-88.964539,38.53071,0 
-88.964367,38.543466,0 
-88.964539,38.567495,0 
-88.964195,38.593931,0 
-88.965912,38.598895,0 
-88.968487,38.605066,0 
-88.970718,38.614993,0 
-88.972435,38.629209,0 
-88.972435,38.658973,0 
-88.972607,38.682562,0 
-88.970718,38.687654,0 
-88.96677,38.691405,0 
-88.943939,38.709089,0 
-88.934326,38.718064,0 
-88.908749,38.741632,0 
-88.903084,38.745515,0 
-88.900509,38.74739,0 
-88.897591,38.751406,0 
-88.895016,38.756894,0 
-88.886948,38.767201,0 
-88.875103,38.776971,0 
-88.866348,38.782324,0 
-88.844547,38.791021,0 
-88.836308,38.796239,0 
-88.820515,38.813362,0 
-88.812618,38.818579,0 
-88.793564,38.829278,0 
-88.788414,38.835028,0 
-88.778458,38.848799,0 
-88.773994,38.852275,0 
-88.753567,38.86631,0 
-88.741722,38.874864,0 
-88.71666,38.897446,0 
-88.710136,38.901053,0 
-88.700695,38.908133,0 
-88.68782,38.914945,0 
-88.674088,38.924695,0 
-88.659153,38.93658,0 
-88.646622,38.946727,0 
-88.635979,38.95794,0 
-88.620186,38.975558,0 
-88.615551,38.979829,0 
-88.607826,38.984899,0 
-88.596497,38.990637,0 
-88.592205,38.994106,0 
-88.588085,39.000376,0 
-88.587227,39.010648,0 
-88.58654,39.046919,0 
-88.585167,39.051718,0 
-88.582249,39.057317,0 
-88.581734,39.062915,0 
-88.580704,39.089168,0 
-88.577099,39.097029,0 
-88.574181,39.101292,0 
-88.571949,39.10995,0 
-88.564739,39.132324,0 
-88.557358,39.139115,0 
-88.550663,39.141911,0 
-88.515987,39.147901,0 
-88.508606,39.149632,0 
-88.506203,39.15296,0 
-88.506203,39.159882,0 
-88.504486,39.187828,0 
-88.50174,39.196343,0 
-88.49659,39.204325,0 
-88.484917,39.215763,0 
-88.483887,39.223211,0 
-88.482857,39.232785,0 
-88.477364,39.248739,0 
-88.465347,39.27851,0 
-88.457108,39.292063,0 
-88.440971,39.309863,0 
-88.438225,39.315441,0 
-88.437881,39.320753,0 
-88.432045,39.332173,0 
-88.411789,39.37518,0 
-88.392906,39.416834,0 
-88.387756,39.420812,0 
-88.322525,39.464029,0 
-88.321152,39.46986,0 
-88.321838,39.484435,0 
-88.322182,39.503246,0 
-88.319778,39.508014,0 
-88.313255,39.521257,0 
-88.312225,39.58373,0 
-88.309135,39.589286,0 
-88.294029,39.612301,0 
-88.293343,39.664649,0 
-88.291626,39.674692,0 
-88.291626,39.700847,0 
-88.292999,39.706394,0 
-88.292313,39.744154,0 
-88.290253,39.74917,0 
-88.26416,39.774769,0 
-88.26519,39.890773,0 
-88.266907,39.894987,0 
-88.271713,39.899465,0 
-88.298836,39.920006,0 
-88.302269,39.925535,0 
-88.303299,39.933433,0 
-88.303299,40.044175,0 
-88.303642,40.080436,0 
-88.305016,40.124028,0 
-88.303642,40.128754,0 
-88.273773,40.154474,0 
-88.261414,40.166019,0 
-88.220215,40.205099,0 
-88.203392,40.223451,0 
-88.182793,40.272977,0 
-88.184166,40.313567,0 
-88.182106,40.319588,0 
-88.144684,40.367212,0 
-88.112755,40.436757,0 
-88.111725,40.443289,0 
-88.112411,40.461315,0 
-88.108292,40.466801,0 
-88.084602,40.508057,0 
-88.084259,40.514843,0 
-88.084259,40.522412,0 
-88.081856,40.527631,0 
-88.072243,40.538069,0 
-88.065376,40.543548,0 
-88.06057,40.551374,0 
-88.059883,40.557635,0 
-88.06057,40.594924,0 
-88.059196,40.601702,0 
-88.053017,40.607437,0 
-88.040314,40.618122,0 
-88.038254,40.623334,0 
-88.038254,40.634538,0 
-88.036537,40.641312,0 
-88.034477,40.64548,0 
-88.035851,40.680117,0 
-88.031387,40.685324,0 
-88.027611,40.691833,0 
-88.027611,40.717339,0 
-88.026237,40.721502,0 
-88.009758,40.736072,0 
-88.006325,40.743095,0 
-88.006325,40.750638,0 
-88.006325,40.780281,0 
-88.005295,40.783661,0 
-87.999458,40.78886,0 
-87.998428,40.793279,0 
-87.998772,40.818226,0 
-87.997742,40.831736,0 
-87.994652,40.836671,0 
-87.990189,40.842385,0 
-87.989159,40.86342,0 
-87.984352,40.87069,0 
-87.967873,40.882891,0 
-87.963066,40.891715,0 
-87.948647,40.917404,0 
-87.94281,40.920777,0 
-87.931824,40.926224,0 
-87.926674,40.935303,0 
-87.927017,40.943861,0 
-87.924614,40.953196,0 
-87.908821,40.993634,0 
-87.905045,40.999075,0 
-87.904701,41.011511,0 
-87.883415,41.067445,0 
-87.879682,41.071846,0 
-87.875862,41.074175,0 
-87.872686,41.07555,0 
-87.868631,41.076553,0 
</coordinates>
</LineString>
</Placemark>

<Placemark><name>Day 134</name>
<description>Around Chicago</description>
<styleUrl>#linecolor</styleUrl>
<LineString>
<tessellate>1</tessellate>
<altitudeMode>clampToGround</altitudeMode>
<coordinates>
-87.869167,41.076634,0 
-87.865391,41.077151,0 
-87.852001,41.077151,0 
-87.846336,41.078834,0 
-87.837925,41.083751,0 
-87.83432,41.090996,0 
-87.835693,41.123849,0 
-87.83638,41.143114,0 
-87.837582,41.147379,0 
-87.845821,41.165862,0 
-87.84977,41.168317,0 
-87.855091,41.169868,0 
-87.859898,41.170772,0 
-87.864189,41.173486,0 
-87.865734,41.177362,0 
-87.866592,41.207718,0 
-87.867107,41.217662,0 
-87.865391,41.222568,0 
-87.838268,41.279226,0 
-87.821789,41.314047,0 
-87.819557,41.325393,0 
-87.814922,41.350397,0 
-87.813892,41.352459,0 
-87.811146,41.355422,0 
-87.790718,41.373202,0 
-87.780247,41.382476,0 
-87.761536,41.40733,0 
-87.757244,41.455979,0 
-87.756729,41.458809,0 
-87.743683,41.493278,0 
-87.742825,41.499064,0 
-87.742653,41.523102,0 
-87.743168,41.561261,0 
-87.74128,41.5655,0 
-87.738876,41.567683,0 
-87.713299,41.579498,0 
-87.704372,41.582451,0 
-87.685833,41.582965,0 
-87.682228,41.581938,0 
-87.676907,41.579498,0 
-87.670383,41.578085,0 
-87.637081,41.578214,0 
-87.629528,41.578856,0 
-87.62455,41.579755,0 
-87.604637,41.579498,0 
-87.591076,41.5777,0 
-87.58009,41.578085,0 
-87.530308,41.577957,0 
-87.521725,41.576288,0 
-87.51297,41.574233,0 
-87.447739,41.573848,0 
-87.436066,41.570637,0 
-87.40757,41.570123,0 
-87.361565,41.569866,0 
-87.352123,41.568325,0 
-87.345085,41.567683,0 
-87.320366,41.567426,0 
-87.306461,41.568197,0 
-87.296677,41.569995,0 
-87.274876,41.573976,0 
-87.245522,41.581809,0 
-87.231789,41.585918,0 
-87.214108,41.59606,0 
-87.210503,41.596959,0 
-87.183037,41.601965,0 
-87.17411,41.602351,0 
-87.173424,41.613004,0 
-87.172394,41.615571,0 
-87.170162,41.616597,0 
-87.162952,41.616341,0 
-87.158661,41.616726,0 
-87.155571,41.618907,0 
-87.153683,41.619806,0 
-87.134972,41.618009,0 
-87.131882,41.618009,0 
-87.121582,41.620447,0 
-87.114372,41.626607,0 
-87.106991,41.629173,0 
-87.08828,41.635203,0 
-87.083302,41.636101,0 
-87.076435,41.638154,0 
-87.071114,41.639309,0 
-87.06562,41.642644,0 
-87.057209,41.645081,0 
-87.047424,41.649443,0 
-87.048626,41.656625,0 
-87.052574,41.658549,0 
</coordinates>
</LineString>
</Placemark>

<Placemark><name>Day 136</name>
<description>Into Chicago</description>
<styleUrl>#linecolor</styleUrl>
<LineString>
<tessellate>1</tessellate>
<altitudeMode>clampToGround</altitudeMode>
<coordinates>
-87.056179,41.657138,0 
-87.052917,41.657908,0 
-87.049999,41.657267,0 
-87.048454,41.656369,0 
-87.047596,41.649314,0 
-87.053604,41.646492,0 
-87.059956,41.64444,0 
-87.064075,41.642901,0 
-87.066822,41.641361,0 
-87.069397,41.640078,0 
-87.072315,41.638795,0 
-87.076263,41.638154,0 
-87.082958,41.635973,0 
-87.085876,41.635716,0 
-87.09446,41.632894,0 
-87.108021,41.628788,0 
-87.112827,41.627248,0 
-87.12141,41.620447,0 
-87.132568,41.617624,0 
-87.155571,41.619677,0 
-87.170849,41.619036,0 
-87.19883,41.615571,0 
-87.249126,41.603377,0 
-87.25565,41.60158,0 
-87.261486,41.598243,0 
-87.268009,41.597601,0 
-87.274189,41.597216,0 
-87.279339,41.596189,0 
-87.285175,41.594777,0 
-87.29496,41.595162,0 
-87.301311,41.59529,0 
-87.306118,41.597858,0 
-87.310238,41.601709,0 
-87.314358,41.602607,0 
-87.327747,41.603377,0 
-87.335644,41.605046,0 
-87.33736,41.604918,0 
-87.341652,41.605816,0 
-87.350407,41.608512,0 
-87.35384,41.609025,0 
-87.378216,41.609539,0 
-87.383537,41.60941,0 
-87.397442,41.606972,0 
-87.403622,41.607228,0 
-87.415981,41.608897,0 
-87.422848,41.61018,0 
-87.429714,41.61018,0 
-87.474346,41.611079,0 
-87.476749,41.611079,0 
-87.488594,41.616854,0 
-87.491684,41.624425,0 
-87.493401,41.626222,0 
-87.504387,41.63315,0 
-87.506275,41.63623,0 
-87.50679,41.642901,0 
-87.510738,41.64739,0 
-87.514858,41.653419,0 
-87.522583,41.67522,0 
-87.521725,41.696757,0 
-87.522755,41.701115,0 
-87.52636,41.705344,0 
-87.535801,41.71393,0 
-87.539921,41.715852,0 
-87.546272,41.720209,0 
-87.548504,41.722002,0 
-87.549877,41.724052,0 
-87.568588,41.737504,0 
-87.611332,41.767983,0 
-87.620258,41.77464,0 
-87.622318,41.775024,0 
-87.626095,41.775024,0 
-87.63073,41.778481,0 
-87.631245,41.809836,0 
-87.630043,41.812651,0 
-87.630558,41.842967,0 
-87.63279,41.844885,0 
-87.636566,41.84578,0 
-87.643089,41.847826,0 
-87.645321,41.852046,0 
-87.644806,41.854731,0 
-87.643948,41.858439,0 
-87.644634,41.872117,0 
-87.645664,41.877741,0 
-87.646008,41.886432,0 
-87.648067,41.889244,0 
-87.655621,41.894355,0 
-87.65871,41.897166,0 
-87.660427,41.901127,0 
-87.660942,41.90611,0 
-87.664375,41.909687,0 
-87.668495,41.916585,0 
-87.677765,41.922333,0 
-87.678967,41.961532,0 
-87.66592,41.96166,0 
-87.664719,41.958597,0 
-87.662315,41.958852,0 
-87.661114,41.960894,0 
-87.659912,41.961277,0 
-87.659054,41.960001,0 
-87.660255,41.958979,0 
-87.661285,41.957575,0 
-87.664375,41.957958,0 
-87.662144,41.954384,0 
-87.650471,41.939957,0 
-87.639656,41.94034,0 
-87.638454,41.94034,0 
-87.633305,41.936381,0 
-87.631416,41.933572,0 
-87.631931,41.929613,0 
-87.628841,41.91799,0 
-87.62558,41.912242,0 
-87.623863,41.902533,0 
-87.619572,41.900744,0 
-87.614937,41.893972,0 
-87.614079,41.891927,0 
-87.614079,41.887391,0 
-87.613907,41.884324,0 
-87.620687,41.884579,0 
-87.620773,41.881001,0 
-87.624636,41.881065,0 
-87.624636,41.888221,0 
-87.625751,41.888221,0 
-87.628069,41.887007,0 
-87.632618,41.887007,0 
-87.63279,41.884643,0 
-87.627897,41.884579,0 
-87.627811,41.87576,0 
-87.624121,41.875696,0 
-87.624121,41.884451,0 
</coordinates>
</LineString>
</Placemark>

<Placemark><name>Day 137</name>
<description>Around Chicago</description>
<styleUrl>#linecolor</styleUrl>
<LineString>
<tessellate>1</tessellate>
<altitudeMode>clampToGround</altitudeMode>
<coordinates>
-87.057037,41.661371,0 
-87.048798,41.661371,0 
-87.044678,41.650084,0 
-87.062187,41.64367,0 
-87.06974,41.639822,0 
-87.077293,41.638026,0 
-87.087593,41.63546,0 
-87.112656,41.626992,0 
-87.122955,41.619806,0 
-87.134285,41.618266,0 
-87.159348,41.619806,0 
-87.19265,41.616212,0 
-87.222862,41.609539,0 
-87.256851,41.602094,0 
-87.263031,41.597729,0 
-87.275734,41.597729,0 
-87.291527,41.594905,0 
-87.30629,41.597729,0 
-87.328606,41.603377,0 
-87.352638,41.608768,0 
-87.381477,41.610052,0 
-87.3983,41.606458,0 
-87.418556,41.609539,0 
-87.465935,41.610822,0 
-87.475204,41.610822,0 
-87.489281,41.617496,0 
-87.492027,41.625965,0 
-87.505417,41.63469,0 
-87.50679,41.639565,0 
-87.507477,41.644183,0 
-87.514,41.650341,0 
-87.522583,41.676246,0 
-87.52224,41.69932,0 
-87.5243,41.702909,0 
-87.537689,41.714699,0 
-87.545242,41.718543,0 
-87.550049,41.724181,0 
-87.569618,41.73776,0 
-87.60601,41.764142,0 
-87.620773,41.774896,0 
-87.627296,41.774896,0 
-87.631073,41.780273,0 
-87.63176,41.808173,0 
-87.629356,41.812779,0 
-87.631073,41.843478,0 
-87.63485,41.845268,0 
-87.644119,41.848337,0 
-87.645493,41.852941,0 
-87.644119,41.856265,0 
-87.644806,41.870583,0 
-87.645493,41.875952,0 
-87.64575,41.882151,0 
-87.646351,41.886177,0 
-87.647638,41.888733,0 
-87.647638,41.892502,0 
-87.638283,41.892502,0 
-87.632532,41.892438,0 
-87.633219,41.911348,0 
-87.631588,41.911092,0 
-87.631245,41.896655,0 
-87.667379,41.89608,0 
-87.677078,41.896016,0 
-87.677422,41.90892,0 
-87.677336,41.910453,0 
-87.672701,41.90726,0 
-87.674847,41.905471,0 
-87.675447,41.905535,0 
-87.676048,41.906046,0 
-87.674503,41.907196,0 
-87.677078,41.908793,0 
</coordinates>
</LineString>
</Placemark>

<Placemark><name>Day 138</name>
<description>RV History Museum and Michigan</description>
<styleUrl>#linecolor</styleUrl>
<LineString>
<tessellate>1</tessellate>
<altitudeMode>clampToGround</altitudeMode>
<coordinates>
-87.057037,41.657651,0 
-87.050686,41.659319,0 
-87.048454,41.656369,0 
-87.048283,41.648801,0 
-87.054291,41.645851,0 
-87.063217,41.643414,0 
-87.062874,41.642131,0 
-87.062531,41.639309,0 
-87.059097,41.63546,0 
-87.048454,41.628788,0 
-87.045536,41.624682,0 
-87.030087,41.624939,0 
-87.023048,41.626863,0 
-86.969318,41.656369,0 
-86.963997,41.658164,0 
-86.959534,41.658678,0 
-86.895504,41.658421,0 
-86.875935,41.658164,0 
-86.870785,41.65996,0 
-86.863747,41.665474,0 
-86.855507,41.672784,0 
-86.850357,41.673809,0 
-86.831646,41.676758,0 
-86.813278,41.687656,0 
-86.81139,41.690861,0 
-86.810188,41.691501,0 
-86.807785,41.693424,0 
-86.754055,41.68663,0 
-86.745129,41.685605,0 
-86.736546,41.685605,0 
-86.736889,41.684066,0 
-86.738091,41.680477,0 
-86.738605,41.679323,0 
-86.738605,41.668296,0 
-86.738605,41.663294,0 
-86.733284,41.665218,0 
-86.731396,41.664705,0 
-86.731224,41.666372,0 
-86.720753,41.67086,0 
-86.709423,41.673296,0 
-86.699123,41.674707,0 
-86.676807,41.673553,0 
-86.672173,41.674835,0 
-86.665478,41.680861,0 
-86.660156,41.683553,0 
-86.646423,41.68945,0 
-86.634922,41.698808,0 
-86.626511,41.703293,0 
-86.608315,41.717902,0 
-86.601276,41.724821,0 
-86.595955,41.726487,0 
-86.573811,41.726743,0 
-86.566429,41.728537,0 
-86.559048,41.731355,0 
-86.55098,41.733789,0 
-86.54068,41.736223,0 
-86.532955,41.740066,0 
-86.523685,41.742371,0 
-86.516647,41.742755,0 
-86.502914,41.74314,0 
-86.48901,41.747238,0 
-86.467724,41.75377,0 
-86.459656,41.755819,0 
-86.452274,41.755178,0 
-86.444035,41.751464,0 
-86.437168,41.748647,0 
-86.426353,41.748775,0 
-86.413994,41.748647,0 
-86.407814,41.748007,0 
-86.401119,41.744549,0 
-86.387901,41.735454,0 
-86.37949,41.731867,0 
-86.369877,41.73033,0 
-86.338978,41.730586,0 
-86.311684,41.730202,0 
-86.304989,41.728921,0 
-86.297264,41.724693,0 
-86.291943,41.722899,0 
-86.270313,41.722387,0 
-86.250057,41.722387,0 
-86.245937,41.720849,0 
-86.240616,41.717774,0 
-86.237011,41.717005,0 
-86.229115,41.716493,0 
-86.209545,41.71598,0 
-86.174183,41.716621,0 
-86.165428,41.718543,0 
-86.144142,41.73033,0 
-86.137619,41.732892,0 
-86.131439,41.733533,0 
-86.110325,41.733789,0 
-86.103287,41.733148,0 
-86.091099,41.731227,0 
-86.048527,41.731739,0 
-86.041317,41.733405,0 
-86.023636,41.733276,0 
-86.016083,41.732636,0 
-86.001492,41.732124,0 
-85.984325,41.731483,0 
-85.955486,41.730714,0 
-85.948792,41.730842,0 
-85.90519,41.729433,0 
-85.887852,41.730202,0 
-85.885792,41.729049,0 
-85.88459,41.730458,0 
-85.885963,41.737632,0 
-85.888882,41.739425,0 
-85.88871,41.726102,0 
-85.884676,41.726423,0 
-85.883389,41.726423,0 
-85.880814,41.727832,0 
-85.880041,41.729433,0 
-85.879183,41.729241,0 
-85.879183,41.728024,0 
-85.880384,41.727768,0 
-85.882874,41.726423,0 
-85.88871,41.725782,0 
-85.88871,41.740066,0 
-85.888023,41.741282,0 
-85.886221,41.742243,0 
-85.882359,41.742179,0 
-85.880556,41.742563,0 
-85.877724,41.746726,0 
-85.877724,41.783345,0 
-85.887337,41.780529,0 
-85.894203,41.778737,0 
-85.902786,41.773104,0 
-85.939865,41.769007,0 
-85.950851,41.768751,0 
-85.968704,41.773872,0 
-85.974541,41.776689,0 
-85.983124,41.782577,0 
-86.039772,41.7964,0 
-86.046638,41.796656,0 
-86.054878,41.799983,0 
-86.069641,41.798192,0 
-86.076851,41.800495,0 
-86.108437,41.792561,0 
-86.139679,41.785393,0 
-86.165085,41.781809,0 
-86.169205,41.782833,0 
-86.193581,41.782577,0 
-86.203537,41.787441,0 
-86.208344,41.789489,0 
-86.218643,41.804846,0 
-86.225166,41.804846,0 
-86.231346,41.801263,0 
-86.267052,41.801519,0 
-86.282158,41.802543,0 
-86.295204,41.805102,0 
-86.382065,41.805614,0 
-86.397171,41.805358,0 
-86.420517,41.79384,0 
-86.445236,41.793584,0 
-86.461716,41.798448,0 
-86.514587,41.798192,0 
-86.610374,41.798704,0 
-86.717148,41.799215,0 
-86.720581,41.800495,0 
-86.734657,41.797936,0 
-86.756287,41.788977,0 
-86.765213,41.785905,0 
-86.797142,41.763117,0 
-86.812248,41.752361,0 
-86.826668,41.745957,0 
-86.872673,41.726743,0 
-86.884689,41.722899,0 
-86.891212,41.721874,0 
-86.903915,41.719056,0 
-86.913185,41.714443,0 
-86.921425,41.708804,0 
-86.924515,41.705985,0 
-86.932755,41.705216,0 
-86.933098,41.695475,0 
-86.958504,41.684451,0 
-86.997299,41.668039,0 
-87.023048,41.658036,0 
-87.026138,41.656497,0 
-87.031975,41.654702,0 
-87.040901,41.650854,0 
-87.042618,41.651367,0 
-87.06356,41.642644,0 
-87.069054,41.652649,0 
-87.058411,41.65701,0 
</coordinates>
</LineString>
</Placemark>

<Placemark><name>Day 139</name>
<description>Illinois Beach State Park</description>
<styleUrl>#linecolor</styleUrl>
<LineString>
<tessellate>1</tessellate>
<altitudeMode>clampToGround</altitudeMode>
<coordinates>
-87.056007,41.657908,0 
-87.060986,41.655728,0 
-87.062874,41.655215,0 
-87.062359,41.644055,0 
-87.063389,41.643157,0 
-87.062702,41.642131,0 
-87.062187,41.638539,0 
-87.058754,41.635588,0 
-87.069569,41.630841,0 
-87.07489,41.628531,0 
-87.082443,41.62558,0 
-87.086735,41.623527,0 
-87.096004,41.613261,0 
-87.113342,41.604533,0 
-87.133942,41.600425,0 
-87.142353,41.600168,0 
-87.151279,41.598885,0 
-87.179947,41.5985,0 
-87.183723,41.597729,0 
-87.197971,41.590668,0 
-87.220459,41.594263,0 
-87.240715,41.595162,0 
-87.261486,41.596959,0 
-87.273159,41.597601,0 
-87.282429,41.595547,0 
-87.295647,41.595162,0 
-87.302513,41.595675,0 
-87.325859,41.602351,0 
-87.332211,41.604404,0 
-87.337017,41.605046,0 
-87.343197,41.606073,0 
-87.352467,41.608383,0 
-87.379761,41.609924,0 
-87.397785,41.6071,0 
-87.411003,41.608255,0 
-87.434006,41.610309,0 
-87.475204,41.611335,0 
-87.489281,41.617752,0 
-87.491684,41.625195,0 
-87.505417,41.63392,0 
-87.507133,41.642901,0 
-87.50885,41.645466,0 
-87.514687,41.653419,0 
-87.521896,41.675733,0 
-87.52224,41.696501,0 
-87.523613,41.702653,0 
-87.538033,41.714699,0 
-87.542839,41.717518,0 
-87.550049,41.723924,0 
-87.582664,41.74775,0 
-87.61837,41.77336,0 
-87.620773,41.77464,0 
-87.627983,41.775408,0 
-87.632103,41.781297,0 
-87.631416,41.809452,0 
-87.630386,41.814058,0 
-87.631073,41.844245,0 
-87.635193,41.845524,0 
-87.641029,41.847826,0 
-87.645149,41.851662,0 
-87.644463,41.857288,0 
-87.644463,41.869561,0 
-87.645493,41.875185,0 
-87.645836,41.886432,0 
-87.647552,41.888988,0 
-87.656822,41.895633,0 
-87.659569,41.898188,0 
-87.661285,41.903555,0 
-87.661285,41.906621,0 
-87.664719,41.910453,0 
-87.667809,41.916074,0 
-87.679138,41.922716,0 
-87.711067,41.94034,0 
-87.716217,41.942638,0 
-87.71965,41.947745,0 
-87.746429,41.963575,0 
-87.748146,41.969446,0 
-87.746773,41.980166,0 
-87.748489,41.983739,0 
-87.752266,41.988843,0 
-87.750549,41.994712,0 
-87.750206,41.997774,0 
-87.748489,42.001601,0 
-87.749519,42.010275,0 
-87.753639,42.014611,0 
-87.764626,42.021243,0 
-87.769089,42.026089,0 
-87.768745,42.033739,0 
-87.763596,42.040624,0 
-87.762566,42.046233,0 
-87.761192,42.054646,0 
-87.755013,42.061019,0 
-87.755013,42.066626,0 
-87.758446,42.071469,0 
-87.758789,42.079369,0 
-87.758789,42.085229,0 
-87.758446,42.089051,0 
-87.762222,42.093382,0 
-87.778015,42.117071,0 
-87.785568,42.129294,0 
-87.785912,42.133622,0 
-87.788315,42.138459,0 
-87.792435,42.143805,0 
-87.800674,42.155259,0 
-87.812691,42.166966,0 
-87.815781,42.175363,0 
-87.82505,42.188083,0 
-87.83123,42.197241,0 
-87.847023,42.219619,0 
-87.854576,42.231568,0 
-87.856636,42.236144,0 
-87.858009,42.237923,0 
-87.862473,42.240719,0 
-87.862816,42.255459,0 
-87.862816,42.262828,0 
-87.865562,42.271466,0 
-87.870026,42.278071,0 
-87.870026,42.281373,0 
-87.870712,42.284421,0 
-87.872772,42.287469,0 
-87.876205,42.290771,0 
-87.875519,42.306007,0 
-87.886162,42.339006,0 
-87.892342,42.348395,0 
-87.895088,42.356514,0 
-87.894745,42.367676,0 
-87.898178,42.375286,0 
-87.906075,42.378075,0 
-87.916718,42.380612,0 
-87.93766,42.407995,0 
-87.93869,42.428778,0 
-87.865562,42.429032,0 
-87.853203,42.428778,0 
-87.842903,42.430806,0 
-87.833633,42.430045,0 
-87.825737,42.430045,0 
-87.819815,42.429919,0 
-87.817755,42.429855,0 
-87.816467,42.429475,0 
-87.815866,42.429855,0 
-87.81312,42.429982,0 
-87.809772,42.430362,0 
-87.809944,42.434797,0 
-87.808485,42.434797,0 
</coordinates>
</LineString>
</Placemark>

<Placemark><name>Day 140</name>
<description>Into Wisconsin</description>
<styleUrl>#linecolor</styleUrl>
<LineString>
<tessellate>1</tessellate>
<altitudeMode>clampToGround</altitudeMode>
<coordinates>
-87.808056,42.433973,0 
-87.808056,42.430045,0 
-87.816467,42.429539,0 
-87.817841,42.429665,0 
-87.825737,42.429792,0 
-87.825737,42.449301,0 
-87.825222,42.457534,0 
-87.824879,42.46298,0 
-87.824364,42.465766,0 
-87.825222,42.470704,0 
-87.82402,42.476402,0 
-87.82196,42.487289,0 
-87.822304,42.499441,0 
-87.823677,42.506528,0 
-87.822647,42.512602,0 
-87.824364,42.525001,0 
-87.826424,42.530567,0 
-87.824707,42.53588,0 
-87.824707,42.541951,0 
-87.825394,42.559403,0 
-87.825394,42.566736,0 
-87.823334,42.572046,0 
-87.821617,42.579124,0 
-87.821617,42.582916,0 
-87.823334,42.592016,0 
-87.823334,42.6044,0 
-87.82093,42.609201,0 
-87.82093,42.616781,0 
-87.825394,42.619813,0 
-87.824707,42.624107,0 
-87.821274,42.628654,0 
-87.815781,42.645829,0 
-87.809944,42.661736,0 
-87.809258,42.669058,0 
-87.796211,42.697072,0 
-87.793121,42.699595,0 
-87.794151,42.712462,0 
-87.793894,42.715489,0 
-87.790461,42.715615,0 
-87.790461,42.715048,0 
-87.791576,42.715048,0 
-87.796812,42.715615,0 
-87.797327,42.7153,0 
-87.802219,42.71448,0 
-87.806683,42.714038,0 
-87.809172,42.714354,0 
-87.815866,42.718453,0 
-87.836208,42.718642,0 
-87.846336,42.71902,0 
-87.868824,42.719903,0 
-87.873287,42.71902,0 
-87.901955,42.719651,0 
-87.915001,42.720029,0 
-87.930794,42.720155,0 
-87.94487,42.722678,0 
-87.95414,42.725578,0 
-87.953796,42.735413,0 
-87.953453,42.793259,0 
-87.952766,42.834563,0 
-87.952251,42.841234,0 
-87.949333,42.845513,0 
-87.94384,42.849541,0 
-87.938175,42.855078,0 
-87.937489,42.859356,0 
-87.936802,42.883386,0 
-87.935429,42.921863,0 
-87.934914,42.945994,0 
-87.934055,42.962453,0 
-87.931652,42.965216,0 
-87.925644,42.966347,0 
-87.918777,42.9671,0 
-87.915516,42.969487,0 
-87.915344,42.976897,0 
-87.916546,42.981544,0 
-87.915173,42.985186,0 
-87.913628,42.9882,0 
-87.915516,42.997742,0 
-87.916374,43.002513,0 
-87.916031,43.017576,0 
-87.919636,43.021341,0 
-87.922726,43.028871,0 
-87.922897,43.034392,0 
-87.924442,43.035521,0 
-87.936802,43.03527,0 
-87.943497,43.035647,0 
-87.95208,43.032384,0 
-87.962594,43.032384,0 
-87.964611,43.032886,0 
-87.968216,43.033576,0 
-87.969675,43.034517,0 
-87.970619,43.037372,0 
-87.971821,43.039505,0 
-87.973065,43.042139,0 
-87.973151,43.043645,0 
-87.972679,43.044711,0 
-87.971478,43.044743,0 
-87.97092,43.044272,0 
-87.971048,43.042641,0 
-87.969074,43.04261,0 
-87.966285,43.042171,0 
-87.964568,43.041983,0 
-87.963881,43.041983,0 
-87.961907,43.042343,0 
-87.960513,43.043143,0 
-87.959311,43.043488,0 
-87.957573,43.043943,0 
-87.957616,43.044523,0 
-87.96401,43.044649,0 
-87.965319,43.045825,0 
-87.967272,43.045966,0 
-87.96813,43.044743,0 
-87.970276,43.044225,0 
-87.971113,43.044304,0 
-87.971177,43.042751,0 
-87.97358,43.043645,0 
-87.9724,43.040132,0 
-87.971499,43.038454,0 
-87.972164,43.033263,0 
-87.978344,43.030753,0 
-87.995853,43.030377,0 
-88.008728,43.02749,0 
-88.017654,43.02749,0 
-88.028812,43.027992,0 
-88.034306,43.026486,0 
-88.036366,43.024353,0 
-88.036194,43.015944,0 
-88.03688,43.008036,0 
-88.038082,43.002513,0 
-88.03791,42.989707,0 
-88.039112,42.981167,0 
-88.038082,42.973381,0 
-88.038082,42.967226,0 
-88.040829,42.95994,0 
-88.048382,42.957051,0 
-88.053703,42.957302,0 
-88.071556,42.957553,0 
-88.079109,42.958684,0 
-88.097649,42.958056,0 
-88.125629,42.941847,0 
-88.143997,42.938203,0 
-88.158932,42.933553,0 
-88.182278,42.927897,0 
-88.186569,42.926263,0 
-88.207169,42.914824,0 
-88.217297,42.911303,0 
-88.252487,42.900867,0 
-88.25386,42.90049,0 
-88.257465,42.898729,0 
-88.284588,42.877599,0 
-88.299694,42.865648,0 
-88.32201,42.851554,0 
-88.356171,42.824869,0 
-88.37059,42.806232,0 
-88.381233,42.799431,0 
-88.383808,42.794393,0 
-88.388615,42.783685,0 
-88.395481,42.778015,0 
-88.406467,42.773857,0 
-88.426723,42.767935,0 
-88.433247,42.760877,0 
-88.438568,42.753441,0 
-88.447151,42.747642,0 
-88.451958,42.74323,0 
-88.467922,42.723434,0 
-88.482513,42.708047,0 
-88.48835,42.702749,0 
-88.504658,42.692025,0 
-88.522167,42.674106,0 
-88.530235,42.666281,0 
-88.535728,42.658959,0 
-88.561306,42.646208,0 
-88.566628,42.645071,0 
-88.593407,42.64444,0 
-88.601475,42.64242,0 
-88.608513,42.637747,0 
-88.620014,42.627012,0 
-88.635464,42.615391,0 
-88.642673,42.612612,0 
-88.651943,42.613244,0 
-88.667736,42.620192,0 
-88.674088,42.620949,0 
-88.720608,42.610591,0 
-88.727131,42.607306,0 
-88.75597,42.586835,0 
-88.76421,42.583296,0 
-88.793049,42.577987,0 
-88.810043,42.572298,0 
-88.817768,42.572172,0 
-88.848152,42.572804,0 
-88.866005,42.571919,0 
-88.882828,42.57331,0 
-88.892441,42.572678,0 
-88.902569,42.569138,0 
-88.909092,42.56446,0 
-88.919735,42.55738,0 
-88.935184,42.548148,0 
-88.948402,42.540687,0 
-88.956985,42.534109,0 
-88.975353,42.527658,0 
-88.975353,42.524495,0 
-88.975697,42.517536,0 
-88.977757,42.513487,0 
-88.990631,42.502098,0 
-88.993721,42.493365,0 
-88.995266,42.476528,0 
-88.994923,42.457154,0 
-89.072342,42.455634,0 
</coordinates>
</LineString>
</Placemark>

<Placemark><name>day 141</name>
<description>Into Iowa</description>
<styleUrl>#linecolor</styleUrl>
<LineString>
<tessellate>1</tessellate>
<altitudeMode>clampToGround</altitudeMode>
<coordinates>
-89.027023,42.454621,0 
-89.027367,42.456521,0 
-89.019814,42.456648,0 
-89.014664,42.456901,0 
-89.014835,42.460574,0 
-89.014492,42.456394,0 
-88.997326,42.457154,0 
-88.996296,42.455381,0 
-88.995094,42.453608,0 
-88.987541,42.431439,0 
-88.985653,42.425357,0 
-88.985481,42.408629,0 
-88.984451,42.406094,0 
-88.967628,42.373003,0 
-88.964367,42.364632,0 
-88.964195,42.346746,0 
-88.96471,42.318193,0 
-88.964882,42.265241,0 
-88.965054,42.253934,0 
-88.963337,42.251012,0 
-88.960762,42.247962,0 
-88.961964,42.24631,0 
-88.96574,42.239448,0 
-88.979988,42.226229,0 
-88.991833,42.220636,0 
-89.005909,42.220255,0 
-89.01329,42.212627,0 
-89.012432,42.208685,0 
-89.014149,42.205506,0 
-89.022045,42.200293,0 
-89.023762,42.195079,0 
-89.02256,42.070449,0 
-89.02153,42.065989,0 
-89.018955,42.057195,0 
-89.020672,42.044576,0 
-89.020329,41.977869,0 
-89.024105,41.961532,0 
-89.023762,41.912497,0 
-89.023075,41.908665,0 
-89.027023,41.904321,0 
-89.055519,41.900361,0 
-89.071655,41.900233,0 
-89.075947,41.898572,0 
-89.090023,41.891416,0 
-89.098091,41.889244,0 
-89.140835,41.879531,0 
-89.160233,41.871478,0 
-89.219456,41.854219,0 
-89.278679,41.833119,0 
-89.297047,41.823269,0 
-89.301853,41.822758,0 
-89.401932,41.822758,0 
-89.417896,41.823525,0 
-89.437809,41.82263,0 
-89.449139,41.824677,0 
-89.467678,41.820455,0 
-89.479866,41.816745,0 
-89.492397,41.807661,0 
-89.524498,41.79512,0 
-89.542522,41.782193,0 
-89.566212,41.778225,0 
-89.604321,41.766446,0 
-89.625435,41.766062,0 
-89.645004,41.752745,0 
-89.653759,41.751336,0 
-89.754696,41.751208,0 
-89.781818,41.75902,0 
-89.791088,41.762093,0 
-89.798985,41.765294,0 
-89.841385,41.765038,0 
-89.849281,41.761837,0 
-89.860096,41.752873,0 
-89.906101,41.730074,0 
-89.912624,41.728665,0 
-89.943008,41.727768,0 
-90.030727,41.707138,0 
-90.050297,41.706113,0 
-90.057335,41.703806,0 
-90.075359,41.692014,0 
-90.084457,41.68945,0 
-90.09201,41.689066,0 
-90.116215,41.689066,0 
-90.122223,41.686502,0 
-90.133209,41.679579,0 
-90.144367,41.661627,0 
-90.16222,41.644568,0 
-90.165825,41.642003,0 
-90.190716,41.62712,0 
-90.193977,41.62327,0 
-90.194492,41.616469,0 
-90.192261,41.601195,0 
-90.194836,41.592979,0 
-90.255604,41.545974,0 
-90.266933,41.542377,0 
-90.275173,41.541863,0 
-90.283756,41.541221,0 
-90.309334,41.534154,0 
-90.315857,41.533897,0 
-90.328388,41.536338,0 
-90.33886,41.538137,0 
-90.341606,41.542634,0 
-90.342293,41.556637,0 
-90.347271,41.563573,0 
-90.359287,41.571151,0 
-90.363922,41.578342,0 
-90.371132,41.590283,0 
-90.374737,41.593493,0 
-90.409069,41.597473,0 
-90.535755,41.59606,0 
-90.557899,41.594648,0 
-90.59309,41.599527,0 
-90.629997,41.599912,0 
-90.670681,41.604404,0 
-90.686989,41.603763,0 
-90.722008,41.603763,0 
-90.798397,41.619549,0 
-90.836849,41.632637,0 
-90.901394,41.633022,0 
-90.928516,41.63469,0 
-90.949459,41.633535,0 
-91.019497,41.633535,0 
-91.024475,41.633792,0 
-91.054001,41.641746,0 
-91.080952,41.644697,0 
-91.111851,41.645081,0 
-91.114941,41.646364,0 
-91.115971,41.646877,0 
-91.116786,41.64816,0 
-91.117215,41.647871,0 
-91.116614,41.647006,0 
-91.116271,41.646364,0 
-91.117558,41.64553,0 
-91.118245,41.645466,0 
-91.126485,41.645755,0 
-91.127257,41.645979,0 
-91.128631,41.645787,0 
-91.132064,41.646011,0 
</coordinates>
</LineString>
</Placemark>

<Placemark><name>Day 142</name>
<description>across iowa</description>
<styleUrl>#linecolor</styleUrl>
<LineString>
<tessellate>1</tessellate>
<altitudeMode>clampToGround</altitudeMode>
<coordinates>
-91.129532,41.645851,0 
-91.127472,41.646044,0 
-91.118717,41.645595,0 
-91.116915,41.645659,0 
-91.116314,41.646492,0 
-91.117086,41.647711,0 
-91.116657,41.648032,0 
-91.114254,41.644953,0 
-91.133995,41.645595,0 
-91.153049,41.646108,0 
-91.164036,41.646621,0 
-91.194763,41.656754,0 
-91.238194,41.663294,0 
-91.250038,41.662653,0 
-91.249352,41.600553,0 
-91.254158,41.595162,0 
-91.257591,41.584634,0 
-91.259308,41.580011,0 
-91.260338,41.567426,0 
-91.256905,41.565114,0 
-91.252098,41.552013,0 
-91.252785,41.482605,0 
-91.285744,41.481062,0 
-91.309776,41.482605,0 
-91.336555,41.484663,0 
-91.354408,41.495978,0 
-91.534309,41.496235,0 
-91.537743,41.493407,0 
-91.551819,41.486977,0 
-91.566925,41.485949,0 
-91.582031,41.480033,0 
-91.571045,41.485691,0 
-91.552162,41.486977,0 
-91.551132,41.535567,0 
-91.543922,41.548929,0 
-91.546326,41.588743,0 
-91.550446,41.604404,0 
-91.550789,41.615956,0 
-91.572762,41.638795,0 
-91.628723,41.679323,0 
-91.638508,41.694193,0 
-91.651211,41.694193,0 
-91.667175,41.693552,0 
-91.7173,41.694962,0 
-91.738586,41.694834,0 
-91.77927,41.687271,0 
-91.806049,41.687912,0 
-91.850166,41.687271,0 
-91.909904,41.687399,0 
-91.938572,41.687912,0 
-91.955566,41.686758,0 
-92.009125,41.687015,0 
-92.04895,41.687143,0 
-92.145424,41.69586,0 
-92.190056,41.696116,0 
-92.241383,41.69586,0 
-92.260265,41.696244,0 
-92.28035,41.696372,0 
-92.33923,41.695219,0 
-92.359142,41.695603,0 
-92.396049,41.695988,0 
-92.440853,41.696116,0 
-92.457161,41.695091,0 
-92.504883,41.694706,0 
-92.529945,41.696501,0 
-92.55312,41.696757,0 
-92.564278,41.696372,0 
-92.578697,41.695731,0 
-92.660408,41.695731,0 
-92.705898,41.694962,0 
-92.725811,41.696372,0 
-92.739372,41.695731,0 
-92.747097,41.694962,0 
-92.796364,41.695347,0 
-92.858677,41.694962,0 
-92.86108,41.694321,0 
-92.893353,41.683425,0 
-92.942276,41.679835,0 
-92.988796,41.681887,0 
-93.000469,41.682528,0 
-93.008709,41.682784,0 
-93.03051,41.682784,0 
-93.050251,41.683938,0 
-93.076172,41.683682,0 
-93.096428,41.681118,0 
-93.12252,41.68163,0 
-93.168182,41.686374,0 
-93.203716,41.699577,0 
-93.209553,41.699961,0 
-93.213329,41.699192,0 
-93.243027,41.693552,0 
-93.246975,41.693424,0 
-93.246632,41.714058,0 
-93.251095,41.719952,0 
-93.251352,41.745189,0 
-93.250751,41.720593,0 
-93.246374,41.713674,0 
-93.246546,41.696949,0 
-93.247061,41.693168,0 
-93.25161,41.691373,0 
-93.270493,41.687143,0 
-93.276587,41.68663,0 
-93.289118,41.6849,0 
-93.296928,41.682592,0 
-93.312035,41.681887,0 
-93.372288,41.680477,0 
-93.401299,41.680348,0 
-93.457603,41.669578,0 
-93.481121,41.662268,0 
-93.487988,41.66214,0 
-93.507214,41.662012,0 
-93.51614,41.660729,0 
-93.564034,41.653804,0 
-93.571758,41.653034,0 
-93.576565,41.653162,0 
-93.582745,41.651238,0 
-93.603344,41.649443,0 
-93.61227,41.649699,0 
-93.651066,41.650341,0 
-93.701019,41.652265,0 
-93.717499,41.652906,0 
-93.742561,41.652008,0 
-93.768997,41.65111,0 
-93.775349,41.647775,0 
-93.776894,41.644055,0 
-93.777237,41.628916,0 
-93.777409,41.591054,0 
-93.777065,41.570252,0 
-93.77655,41.559335,0 
-93.776207,41.547516,0 
-93.772945,41.526315,0 
-93.774147,41.520146,0 
-93.779984,41.513333,0 
-93.780155,41.475403,0 
-93.779812,41.450061,0 
-93.781013,41.436035,0 
-93.779812,41.41042,0 
-93.780842,41.387885,0 
-93.78067,41.363282,0 
-93.779297,41.34666,0 
-93.780155,41.322685,0 
-93.778267,41.312887,0 
-93.779812,41.293414,0 
-93.77861,41.279484,0 
-93.779469,41.271356,0 
-93.781013,41.255097,0 
-93.780327,41.230056,0 
-93.787022,41.199581,0 
-93.783932,41.183434,0 
-93.784103,41.16276,0 
-93.787365,41.15087,0 
-93.788223,41.137167,0 
-93.782387,41.126953,0 
-93.781528,41.122944,0 
-93.781872,41.112469,0 
-93.77758,41.103932,0 
-93.777409,41.100828,0 
-93.781357,41.084527,0 
-93.7817,41.052949,0 
-93.794403,41.036765,0 
-93.794403,41.031586,0 
-93.79406,41.018506,0 
-93.795433,41.01462,0 
-93.800583,41.001278,0 
-93.797836,40.987803,0 
-93.79715,40.966419,0 
-93.798523,40.957734,0 
-93.800068,40.942953,0 
-93.796978,40.928948,0 
-93.798008,40.912734,0 
-93.796463,40.901577,0 
-93.797665,40.897684,0 
-93.801098,40.888471,0 
-93.802814,40.869521,0 
-93.804531,40.845242,0 
-93.806076,40.840437,0 
-93.824615,40.817447,0 
-93.8344,40.795618,0 
-93.837318,40.75636,0 
-93.842468,40.740494,0 
-93.845558,40.716558,0 
-93.846588,40.687667,0 
-93.856888,40.656681,0 
-93.866158,40.64548,0 
-93.917313,40.595707,0 
-93.949242,40.564416,0 
-93.978424,40.459226,0 
-94.011383,40.344974,0 
-94.013443,40.265118,0 
-94.026833,40.26538,0 
</coordinates>
</LineString>
</Placemark>

<Placemark><name>day 143</name>
<description>into kansas</description>
<styleUrl>#linecolor</styleUrl>
<LineString>
<tessellate>1</tessellate>
<altitudeMode>clampToGround</altitudeMode>
<coordinates>
-94.026146,40.26538,0 
-94.012756,40.265118,0 
-94.0131,40.228956,0 
-94.014816,40.18307,0 
-94.015846,40.178086,0 
-94.067345,40.109063,0 
-94.091034,40.084113,0 
-94.093437,40.080961,0 
-94.093781,40.070978,0 
-94.096527,40.009735,0 
-94.094124,39.976331,0 
-94.094467,39.973437,0 
-94.1082,39.953438,0 
-94.138069,39.924482,0 
-94.139786,39.921586,0 
-94.168625,39.87154,0 
-94.189224,39.82594,0 
-94.217033,39.76395,0 
-94.220123,39.753921,0 
-94.220123,39.744418,0 
-94.220467,39.728577,0 
-94.235916,39.668349,0 
-94.234886,39.667557,0 
-94.233513,39.665442,0 
-94.2342,39.662799,0 
-94.237289,39.659892,0 
-94.238663,39.618119,0 
-94.237633,39.614681,0 
-94.234543,39.609127,0 
-94.235573,39.546677,0 
-94.236603,39.495033,0 
-94.236946,39.470655,0 
-94.240036,39.468535,0 
-94.243813,39.465619,0 
-94.243813,39.462174,0 
-94.241066,39.459788,0 
-94.229393,39.448654,0 
-94.229736,39.379957,0 
-94.234543,39.372791,0 
-94.234543,39.368279,0 
-94.235058,39.367151,0 
-94.235487,39.364961,0 
-94.243813,39.345848,0 
-94.245701,39.34306,0 
-94.249048,39.340737,0 
-94.24922,39.338081,0 
-94.247503,39.338546,0 
-94.245787,39.338413,0 
-94.23274,39.338214,0 
-94.231539,39.338148,0 
-94.231625,39.337683,0 
-94.230938,39.336953,0 
-94.229994,39.337418,0 
-94.229136,39.338612,0 
-94.228106,39.339143,0 
-94.226303,39.339077,0 
-94.22596,39.338612,0 
-94.224243,39.338812,0 
-94.224243,39.340869,0 
-94.223299,39.340869,0 
-94.223299,39.342263,0 
-94.224157,39.342263,0 
-94.224243,39.338081,0 
-94.225273,39.337617,0 
-94.226046,39.337285,0 
-94.22699,39.337285,0 
-94.227076,39.334629,0 
-94.228191,39.335692,0 
-94.227591,39.335758,0 
-94.227934,39.337749,0 
-94.228964,39.337949,0 
-94.230852,39.336621,0 
-94.232054,39.33755,0 
-94.232054,39.33848,0 
-94.247761,39.338148,0 
-94.249477,39.337882,0 
-94.249477,39.340803,0 
-94.255056,39.338878,0 
-94.257545,39.337882,0 
-94.261236,39.33516,0 
-94.265442,39.33297,0 
-94.284668,39.325799,0 
-94.294968,39.324472,0 
-94.303551,39.324737,0 
-94.328613,39.31305,0 
-94.350243,39.302425,0 
-94.381485,39.293126,0 
-94.403114,39.289671,0 
-94.418221,39.280902,0 
-94.434013,39.270803,0 
-94.44397,39.26655,0 
-94.448433,39.263095,0 
-94.450493,39.252195,0 
-94.461479,39.237306,0 
-94.473839,39.217625,0 
-94.488945,39.207251,0 
-94.507828,39.200068,0 
-94.516068,39.188094,0 
-94.537354,39.174256,0 
-94.555893,39.171594,0 
-94.560699,39.174522,0 
-94.569626,39.180111,0 
-94.585419,39.180111,0 
-94.594002,39.184369,0 
-94.604645,39.188893,0 
-94.616661,39.191287,0 
-94.621811,39.185965,0 
-94.625587,39.171328,0 
-94.628677,39.162011,0 
-94.64653,39.159083,0 
-94.65786,39.147369,0 
-94.666443,39.145505,0 
-94.676399,39.137783,0 
-94.677429,39.123136,0 
-94.681892,39.117542,0 
-94.681892,39.110883,0 
-94.681892,39.106087,0 
-94.707985,39.105554,0 
-94.736137,39.105821,0 
-94.76429,39.105022,0 
-94.786263,39.105288,0 
-94.812698,39.107153,0 
-94.849434,39.105022,0 
-94.890289,39.09543,0 
-94.912605,39.089568,0 
-94.918785,39.089568,0 
-94.929428,39.085038,0 
-94.946938,39.083439,0 
-94.972,39.079441,0 
-94.999123,39.072245,0 
-95.028305,39.067714,0 
-95.037918,39.065315,0 
-95.056114,39.056251,0 
-95.076027,39.050919,0 
-95.092506,39.043719,0 
-95.126495,39.025318,0 
-95.136452,39.021584,0 
-95.143661,39.015983,0 
-95.154991,39.009047,0 
-95.166321,39.006379,0 
-95.178337,39.000243,0 
-95.189323,38.99624,0 
-95.203056,38.993839,0 
-95.228119,38.993305,0 
-95.257988,38.989569,0 
-95.274811,38.993839,0 
-95.290604,38.997308,0 
-95.316353,38.998642,0 
-95.325279,38.997308,0 
-95.333862,38.995974,0 
-95.340385,38.998108,0 
-95.343819,38.998108,0 
-95.343475,38.991704,0 
-95.342102,38.988235,0 
-95.337982,38.983698,0 
-95.335579,38.979962,0 
-95.333862,38.971421,0 
-95.334892,38.957273,0 
-95.337639,38.946326,0 
-95.336952,38.942855,0 
-95.341072,38.944457,0 
-95.347595,38.943923,0 
-95.355835,38.939651,0 
-95.366478,38.938048,0 
-95.372314,38.93431,0 
</coordinates>
</LineString>
</Placemark>

<Placemark><name>Day 144</name>
<description>around kansas</description>
<styleUrl>#linecolor</styleUrl>
<LineString>
<tessellate>1</tessellate>
<altitudeMode>clampToGround</altitudeMode>
<coordinates>
-95.369568,38.938048,0 
-95.355835,38.938582,0 
-95.349655,38.940719,0 
-95.344162,38.943923,0 
-95.336952,38.944457,0 
-95.336609,38.948729,0 
-95.333176,38.960744,0 
-95.334549,38.97756,0 
-95.335236,38.980496,0 
-95.342102,38.989036,0 
-95.343475,38.99624,0 
-95.358238,38.997308,0 
-95.368881,38.999976,0 
-95.413513,39.000509,0 
-95.432053,39.002644,0 
-95.491447,39.01785,0 
-95.527153,39.018383,0 
-95.565948,39.029052,0 
-95.581741,39.031186,0 
-95.603027,39.031986,0 
-95.611954,39.031186,0 
-95.628433,39.024785,0 
-95.641136,39.014649,0 
-95.653496,39.006646,0 
-95.666542,38.997041,0 
-95.674095,38.991971,0 
-95.693665,38.99117,0 
-95.707397,38.978895,0 
-95.715294,38.968218,0 
-95.721817,38.961811,0 
-95.731773,38.959409,0 
-95.737267,38.955671,0 
-95.756836,38.933508,0 
-95.770226,38.926832,0 
-95.786705,38.909469,0 
-95.804558,38.895041,0 
-95.817261,38.887292,0 
-95.823097,38.882748,0 
-95.843697,38.8619,0 
-95.85743,38.855483,0 
-95.870132,38.840242,0 
-95.886612,38.830882,0 
-95.889702,38.828208,0 
-95.897942,38.811891,0 
-95.904121,38.800922,0 
-95.910645,38.792092,0 
-95.931244,38.762383,0 
-95.967979,38.723019,0 
-95.984116,38.708018,0 
-96.005745,38.676129,0 
-96.009865,38.672913,0 
-96.016731,38.668088,0 
-96.039734,38.637523,0 
-96.046257,38.622772,0 
-96.05587,38.611774,0 
-96.061707,38.606676,0 
-96.074753,38.595139,0 
-96.091919,38.577695,0 
-96.125908,38.546823,0 
-96.134834,38.534202,0 
-96.152687,38.500893,0 
-96.181183,38.475901,0 
-96.186676,38.4716,0 
-96.189766,38.465418,0 
-96.196632,38.455471,0 
-96.221695,38.43638,0 
-96.254311,38.391455,0 
-96.265984,38.380422,0 
-96.272163,38.369117,0 
-96.290016,38.349734,0 
-96.295509,38.340579,0 
-96.305809,38.331423,0 
-96.337738,38.31203,0 
-96.349411,38.301792,0 
-96.353531,38.293979,0 
-96.372414,38.276192,0 
-96.37928,38.267028,0 
-96.391296,38.257054,0 
-96.39267,38.25328,0 
-96.395073,38.240607,0 
-96.405716,38.231708,0 
-96.412926,38.227393,0 
-96.426659,38.224966,0 
-96.434898,38.216334,0 
-96.436958,38.206893,0 
-96.441078,38.203655,0 
-96.443138,38.19799,0 
-96.457901,38.183688,0 
-96.466484,38.177751,0 
-96.471977,38.173972,0 
-96.47541,38.169654,0 
-96.47953,38.165605,0 
-96.493607,38.150757,0 
-96.511459,38.145628,0 
-96.524849,38.141847,0 
-96.531372,38.136987,0 
-96.540298,38.133746,0 
-96.556091,38.122404,0 
-96.569138,38.115921,0 
-96.574631,38.108628,0 
-96.578064,38.099983,0 
-96.5839,38.089445,0 
-96.592827,38.078095,0 
-96.641235,38.046198,0 
-96.710587,37.98101,0 
-96.752815,37.942031,0 
-96.764832,37.934179,0 
-96.777534,37.930388,0 
-96.801224,37.915222,0 
-96.82766,37.903845,0 
-96.832123,37.899781,0 
-96.836586,37.891925,0 
-96.845512,37.875937,0 
-96.854782,37.871059,0 
-96.858902,37.862386,0 
-96.861305,37.855881,0 
-96.878128,37.840428,0 
-96.902504,37.818734,0 
-96.915207,37.810869,0 
-96.944389,37.785368,0 
-96.973572,37.770172,0 
-96.981812,37.767187,0 
-96.990738,37.763387,0 
-97.03537,37.749272,0 
-97.067642,37.737327,0 
-97.095108,37.728095,0 
-97.165146,37.696861,0 
-97.181625,37.687896,0 
-97.185402,37.684092,0 
-97.185402,37.68056,0 
-97.208061,37.678658,0 
-97.208061,37.57778,0 
-97.238274,37.577508,0 
-97.24514,37.577236,0 
</coordinates>
</LineString>
</Placemark>

<Placemark><name>Day 148</name>
<description>Into Northern Kansas</description>
<styleUrl>#linecolor</styleUrl>
<LineString>
<tessellate>1</tessellate>
<altitudeMode>clampToGround</altitudeMode>
<coordinates>
-97.244453,37.577236,0 
-97.271576,37.576964,0 
-97.281189,37.57778,0 
-97.283249,37.588663,0 
-97.288742,37.598184,0 
-97.295265,37.624021,0 
-97.295952,37.627284,0 
-97.304878,37.637072,0 
-97.307968,37.64115,0 
-97.312431,37.65746,0 
-97.312775,37.682734,0 
-97.312775,37.686266,0 
-97.321701,37.71506,0 
-97.321701,37.717232,0 
-97.318611,37.722935,0 
-97.316551,37.73434,0 
-97.318954,37.739499,0 
-97.319984,37.755244,0 
-97.320671,37.763387,0 
-97.325134,37.773157,0 
-97.325134,37.786453,0 
-97.328568,37.795407,0 
-97.328568,37.799747,0 
-97.326164,37.810326,0 
-97.326851,37.832022,0 
-97.327881,37.840157,0 
-97.326164,37.851272,0 
-97.326164,37.87404,0 
-97.326508,37.894092,0 
-97.326508,37.911159,0 
-97.327881,37.930659,0 
-97.326508,37.981822,0 
-97.327881,37.997515,0 
-97.327881,38.011853,0 
-97.327538,38.029434,0 
-97.322731,38.038898,0 
-97.322731,38.065122,0 
-97.323418,38.067825,0 
-97.332687,38.078636,0 
-97.356377,38.088635,0 
-97.394142,38.121593,0 
-97.404785,38.134557,0 
-97.430534,38.155617,0 
-97.442551,38.171273,0 
-97.480659,38.19664,0 
-97.507095,38.223078,0 
-97.525291,38.235214,0 
-97.533875,38.244382,0 
-97.616444,38.31405,0 
-97.621765,38.326844,0 
-97.621078,38.468375,0 
-97.620049,38.473482,0 
-97.619362,38.48047,0 
-97.618332,38.487457,0 
-97.620049,38.496056,0 
-97.619362,38.507072,0 
-97.619362,38.514057,0 
-97.620392,38.521847,0 
-97.621765,38.625454,0 
-97.621422,38.691137,0 
-97.622108,38.722751,0 
-97.617989,38.731322,0 
-97.617645,38.768807,0 
-97.617302,38.796908,0 
-97.633438,38.812694,0 
-97.647514,38.845591,0 
-97.647514,38.849601,0 
-97.645798,38.859226,0 
-97.645798,38.87473,0 
-97.674294,38.87874,0 
-97.859344,38.878472,0 
-97.875824,38.879007,0 
-97.88166,38.879809,0 
-97.894707,38.877938,0 
-98.015213,38.87874,0 
-98.033409,38.874196,0 
-98.050919,38.874463,0 
-98.069801,38.868583,0 
-98.093147,38.868048,0 
-98.099327,38.865108,0 
-98.108253,38.859226,0 
-98.12027,38.856285,0 
-98.140869,38.856285,0 
-98.155975,38.850136,0 
-98.22464,38.84773,0 
-98.242493,38.849334,0 
-98.358192,38.848532,0 
-98.404541,38.849601,0 
-98.42205,38.848799,0 
-98.434067,38.849334,0 
-98.467369,38.849601,0 
-98.467369,38.86083,0 
-98.471146,38.867246,0 
-98.471832,38.870988,0 
-98.475266,38.8758,0 
-98.473892,38.880878,0 
-98.470116,38.893438,0 
-98.476295,38.916414,0 
-98.477669,38.930037,0 
-98.483162,38.935111,0 
-98.486938,38.942588,0 
-98.489685,38.946593,0 
-98.489342,38.95754,0 
-98.487625,38.960477,0 
-98.486938,38.963146,0 
-98.495522,38.96715,0 
-98.502045,38.968752,0 
-98.506508,38.972956,0 
-98.5114,38.973757,0 
-98.520069,38.978494,0 
-98.521271,38.980229,0 
-98.522644,38.983165,0 
-98.522644,38.986634,0 
-98.522644,39.053318,0 
-98.528481,39.057584,0 
-98.5326,39.063249,0 
-98.535261,39.065514,0 
-98.538008,39.066447,0 
-98.538094,39.058184,0 
-98.535004,39.057984,0 
-98.531485,39.05825,0 
-98.531313,39.059583,0 
-98.529339,39.05965,0 
-98.526936,39.056784,0 
-98.522129,39.053318,0 
-98.516121,39.051785,0 
-98.50522,39.049385,0 
-98.497925,39.045853,0 
-98.487968,39.036253,0 
-98.475609,39.033853,0 
-98.465309,39.032519,0 
-98.456726,39.030386,0 
-98.392868,39.030386,0 
-98.33313,39.030653,0 
-98.329697,39.031986,0 
-98.310814,39.044253,0 
-98.306694,39.045853,0 
-98.296738,39.045853,0 
-98.245926,39.046119,0 
-98.242493,39.047186,0 
-98.23082,39.053051,0 
-98.22258,39.053318,0 
-98.151512,39.051718,0 
-98.142586,39.050919,0 
-98.138809,39.048519,0 
-98.130569,39.035986,0 
-98.12851,39.031986,0 
-98.12542,39.031186,0 
-97.988091,39.030919,0 
-97.984657,39.030919,0 
-97.979851,39.028519,0 
-97.964745,39.016783,0 
-97.961311,39.016249,0 
-97.850418,39.015716,0 
-97.724762,39.016783,0 
-97.724762,39.022118,0 
-97.723732,39.085571,0 
-97.723732,39.089301,0 
-97.733517,39.088635,0 
-97.733002,39.088102,0 
-97.724762,39.088502,0 
-97.723217,39.088502,0 
-97.724075,39.016516,0 
-97.642708,39.016249,0 
-97.640476,39.013182,0 
-97.639275,39.00798,0 
-97.639275,38.990503,0 
-97.639103,38.974491,0 
-97.641163,38.961011,0 
-97.638245,38.947795,0 
-97.642879,38.929369,0 
-97.646999,38.905729,0 
-97.645283,38.8913,0 
-97.645798,38.8762,0 
-97.645626,38.857221,0 
-97.647514,38.843318,0 
-97.645626,38.839841,0 
-97.63258,38.812827,0 
-97.618847,38.799852,0 
-97.616615,38.786472,0 
-97.618675,38.739892,0 
-97.618675,38.728242,0 
-97.621422,38.721546,0 
-97.62228,38.68149,0 
-97.621078,38.623442,0 
-97.62228,38.621028,0 
-97.628803,38.612712,0 
-97.634125,38.608688,0 
-97.703476,38.609225,0 
-97.703476,38.611505,0 
-97.702103,38.611505,0 
-97.702446,38.610566,0 
-97.702789,38.61003,0 
-97.703476,38.608554,0 
-97.703476,38.565616,0 
-97.69352,38.565885,0 
-97.68013,38.566287,0 
-97.676697,38.567361,0 
-97.67601,38.568166,0 
-97.675667,38.56924,0 
-97.666569,38.569106,0 
-97.666569,38.509087,0 
-97.667084,38.481545,0 
-97.667084,38.449959,0 
-97.667084,38.449421,0 
-97.621078,38.449421,0 
</coordinates>
</LineString>
</Placemark>

<Placemark><name>Day 153</name>
<description>To the Observatory!</description>
<styleUrl>#linecolor</styleUrl>
<LineString>
<tessellate>1</tessellate>
<altitudeMode>clampToGround</altitudeMode>
<coordinates>
-97.244282,37.5771,0 
-97.271233,37.576964,0 
-97.280159,37.576828,0 
-97.283936,37.590703,0 
-97.286167,37.59356,0 
-97.288914,37.59832,0 
-97.290974,37.606072,0 
-97.302132,37.605936,0 
-97.30917,37.60784,0 
-97.311573,37.607976,0 
-97.324276,37.608248,0 
-97.326164,37.60988,0 
-97.327881,37.614639,0 
-97.331486,37.616679,0 
-97.336807,37.618447,0 
-97.340412,37.624293,0 
-97.34642,37.627828,0 
-97.37114,37.628508,0 
-97.386417,37.630139,0 
-97.394314,37.635441,0 
-97.396717,37.642782,0 
-97.399807,37.648898,0 
-97.40118,37.655286,0 
-97.401352,37.674718,0 
-97.402039,37.67662,0 
-97.408733,37.685315,0 
-97.409077,37.68776,0 
-97.409248,37.703924,0 
-97.408047,37.705961,0 
-97.40324,37.710578,0 
-97.381611,37.730539,0 
-97.374744,37.736784,0 
-97.374401,37.751172,0 
-97.374058,37.752394,0 
-97.375774,37.754701,0 
-97.378864,37.75538,0 
-97.384701,37.754837,0 
-97.399807,37.759587,0 
-97.439804,37.759723,0 
-97.445984,37.761894,0 
-97.451477,37.768544,0 
-97.463322,37.784554,0 
-97.494907,37.803545,0 
-97.513618,37.823209,0 
-97.520485,37.824972,0 
-97.537651,37.824972,0 
-97.557735,37.827684,0 
-97.573185,37.839886,0 
-97.605629,37.852899,0 
-97.61713,37.861438,0 
-97.627087,37.872956,0 
-97.633781,37.875666,0 
-97.663651,37.87675,0 
-97.679958,37.875802,0 
-97.691288,37.87404,0 
-97.699013,37.875395,0 
-97.714462,37.880138,0 
-97.763557,37.893279,0 
-97.788105,37.896666,0 
-97.790165,37.896801,0 
-97.798233,37.904929,0 
-97.861404,37.935398,0 
-97.866383,37.937158,0 
-97.867069,38.048361,0 
-97.867069,38.051065,0 
-97.866726,38.052552,0 
-97.866898,38.057959,0 
-97.922001,38.057553,0 
-97.922173,38.072285,0 
</coordinates>
</LineString>
</Placemark>

<Placemark><name>Day 155</name>
<description>Into Oklahoma</description>
<styleUrl>#linecolor</styleUrl>
<LineString>
<tessellate>1</tessellate>
<altitudeMode>clampToGround</altitudeMode>
<coordinates>
-97.244797,37.577236,0 
-97.280502,37.577508,0 
-97.274666,37.557915,0 
-97.271233,37.551927,0 
-97.269859,37.544033,0 
-97.269516,37.523069,0 
-97.266769,37.516262,0 
-97.260246,37.509726,0 
-97.254753,37.502917,0 
-97.250977,37.493384,0 
-97.241707,37.484666,0 
-97.219048,37.468864,0 
-97.165833,37.430433,0 
-97.158623,37.427434,0 
-97.143173,37.422253,0 
-97.117081,37.391164,0 
-97.110901,37.390073,0 
-97.006531,37.3898,0 
-97.006187,37.287438,0 
-97.006531,37.277331,0 
-97.001038,37.268862,0 
-96.999664,37.248641,0 
-96.997261,37.246455,0 
-96.996231,37.239075,0 
-96.975632,37.240442,0 
-96.967049,37.245635,0 
-96.717453,37.244268,0 
-96.71505,37.241809,0 
-96.715393,37.205449,0 
-96.71093,37.195331,0 
-96.71093,37.178646,0 
-96.714363,37.172628,0 
-96.715393,37.110777,0 
-96.661491,37.111598,0 
-96.643982,37.110777,0 
-96.598663,37.111872,0 
-96.583214,37.107217,0 
-96.539612,37.107217,0 
-96.530685,37.110503,0 
-96.513176,37.110503,0 
-96.502533,37.115979,0 
-96.465111,37.114062,0 
-96.414299,37.112967,0 
-96.405373,37.11242,0 
-96.395416,37.114062,0 
-96.372414,37.112693,0 
-96.359024,37.113241,0 
-96.354561,37.113788,0 
-96.306839,37.113788,0 
-96.26049,37.112693,0 
-96.232681,37.099003,0 
-96.220665,37.085858,0 
-96.215172,37.083941,0 
-96.205559,37.082571,0 
-96.18187,37.083941,0 
-96.169853,37.083393,0 
-96.115608,37.082297,0 
-96.098785,37.079011,0 
-96.063423,37.069971,0 
-96.04454,37.070793,0 
-96.020851,37.06778,0 
-96.012268,37.06778,0 
-95.925751,37.066958,0 
-95.927811,37.059835,0 
-95.927811,37.043121,0 
-95.928497,37.001182,0 
-95.923004,36.986923,0 
-95.918198,36.978147,0 
-95.917854,36.949617,0 
-95.917168,36.923548,0 
-95.915108,36.902411,0 
-95.916138,36.893625,0 
-95.924034,36.886211,0 
-95.934677,36.873579,0 
-95.935364,36.809285,0 
-95.93545,36.799182,0 
-95.935578,36.799148,0 
-95.938153,36.799182,0 
-95.938196,36.798083,0 
-95.935578,36.798048,0 
-95.93575,36.793409,0 
-95.935149,36.789938,0 
-95.93502,36.785814,0 
-95.93545,36.778871,0 
-95.935407,36.770964,0 
-95.935493,36.757109,0 
-95.935535,36.750714,0 
-95.971713,36.750714,0 
-95.972314,36.750542,0 
-95.973988,36.750748,0 
-95.976005,36.751023,0 
-95.977035,36.746587,0 
-95.975704,36.746243,0 
-95.974116,36.746347,0 
-95.963216,36.746209,0 
-95.96077,36.745281,0 
-95.955834,36.742977,0 
-95.953345,36.742529,0 
-95.937424,36.742598,0 
-95.935278,36.744937,0 
-95.935149,36.750679,0 
-95.928197,36.750301,0 
-95.925322,36.748444,0 
-95.924721,36.747928,0 
-95.921931,36.747344,0 
-95.921416,36.746106,0 
-95.918498,36.744524,0 
-95.917211,36.743768,0 
-95.917039,36.751814,0 
-95.914936,36.751677,0 
-95.914121,36.750817,0 
-95.912833,36.751264,0 
-95.912919,36.751848,0 
-95.91279,36.753121,0 
-95.913477,36.753499,0 
-95.914335,36.752742,0 
-95.915365,36.752192,0 
-95.917253,36.751917,0 
-95.917253,36.75704,0 
-95.935321,36.757006,0 
-95.935364,36.750439,0 
-95.935278,36.74112,0 
-95.935407,36.735411,0 
-95.936308,36.735411,0 
-95.93751,36.735858,0 
-95.93708,36.736408,0 
-95.938969,36.737199,0 
-95.940084,36.736477,0 
-95.941243,36.736649,0 
-95.941973,36.73744,0 
-95.941286,36.736374,0 
-95.942917,36.735479,0 
-95.941973,36.734035,0 
-95.940857,36.73376,0 
-95.939956,36.734413,0 
-95.938926,36.734241,0 
-95.937595,36.735617,0 
-95.93648,36.735273,0 
-95.935235,36.735239,0 
-95.935106,36.722684,0 
-95.935063,36.713637,0 
-95.953345,36.713568,0 
-95.959697,36.713671,0 
-95.959826,36.71405,0 
-95.959568,36.714428,0 
-95.96004,36.715219,0 
-95.96004,36.715632,0 
-95.959482,36.715839,0 
-95.958109,36.715701,0 
-95.958195,36.715082,0 
-95.958667,36.714325,0 
-95.959396,36.714325,0 
-95.959911,36.713843,0 
</coordinates>
</LineString>
</Placemark>

<Placemark><name>day 157</name>
<description>To Lawrence</description>
<styleUrl>#linecolor</styleUrl>
<LineString>
<tessellate>1</tessellate>
<altitudeMode>clampToGround</altitudeMode>
<coordinates>
-97.24411,37.576692,0 
-97.280502,37.577236,0 
-97.294235,37.620214,0 
-97.296982,37.62946,0 
-97.306595,37.639791,0 
-97.307968,37.64251,0 
-97.312088,37.657732,0 
-97.311401,37.678386,0 
-97.298355,37.679473,0 
-97.292175,37.678929,0 
-97.292175,37.685994,0 
-97.292862,37.690341,0 
-97.313461,37.689798,0 
-97.313461,37.678386,0 
-97.230377,37.678386,0 
-97.23175,37.674038,0 
-97.197418,37.675669,0 
-97.185745,37.68382,0 
-97.130127,37.712072,0 
-97.116394,37.71859,0 
-97.093048,37.72891,0 
-97.047043,37.746286,0 
-97.02507,37.751715,0 
-97.005157,37.759859,0 
-96.981812,37.766372,0 
-96.965332,37.772886,0 
-96.948853,37.784283,0 
-96.915207,37.810869,0 
-96.899414,37.821718,0 
-96.861649,37.855339,0 
-96.857529,37.867265,0 
-96.854782,37.869975,0 
-96.845856,37.875937,0 
-96.832123,37.900323,0 
-96.808777,37.910075,0 
-96.799164,37.914409,0 
-96.775818,37.930659,0 
-96.763458,37.933908,0 
-96.639175,38.04755,0 
-96.627502,38.05512,0 
-96.593857,38.076744,0 
-96.580124,38.092958,0 
-96.569824,38.11403,0 
-96.556091,38.122674,0 
-96.530685,38.136717,0 
-96.514893,38.145358,0 
-96.49498,38.149678,0 
-96.473694,38.170734,0 
-96.470947,38.173972,0 
-96.454468,38.188006,0 
-96.443481,38.19772,0 
-96.440048,38.203655,0 
-96.434555,38.207432,0 
-96.432495,38.218762,0 
-96.427689,38.224696,0 
-96.402969,38.232247,0 
-96.393356,38.241955,0 
-96.389923,38.255976,0 
-96.378937,38.267298,0 
-96.371384,38.278618,0 
-96.354904,38.292631,0 
-96.339798,38.309336,0 
-96.329498,38.316878,0 
-96.306152,38.3325,0 
-96.297226,38.337886,0 
-96.284866,38.35458,0 
-96.270447,38.371809,0 
-96.264954,38.379883,0 
-96.256714,38.389033,0 
-96.240234,38.409482,0 
-96.222382,38.435304,0 
-96.195602,38.456815,0 
-96.18187,38.474557,0 
-96.157837,38.494444,0 
-96.151657,38.501967,0 
-96.131744,38.541184,0 
-96.067886,38.601847,0 
-96.056213,38.610969,0 
-96.045227,38.623308,0 
-96.040421,38.636182,0 
-96.028061,38.649053,0 
-96.016388,38.667284,0 
-96.008148,38.675325,0 
-95.982056,38.707482,0 
-95.969696,38.719805,0 
-95.925064,38.769075,0 
-95.908585,38.793697,0 
-95.900345,38.80333,0 
-95.890045,38.824196,0 
-95.879745,38.835429,0 
-95.871506,38.842382,0 
-95.858459,38.854681,0 
-95.83992,38.863771,0 
-95.821381,38.883016,0 
-95.810394,38.890498,0 
-95.802841,38.893705,0 
-95.787735,38.908667,0 
-95.776749,38.918284,0 
-95.768509,38.926832,0 
-95.756149,38.93431,0 
-95.73143,38.958341,0 
-95.717697,38.963146,0 
-95.708771,38.978628,0 
-95.699844,38.987168,0 
-95.690918,38.991437,0 
-95.674438,38.992505,0 
-95.659332,38.999976,0 
-95.653839,39.005845,0 
-95.641479,39.013315,0 
-95.630493,39.024518,0 
-95.608521,39.030919,0 
-95.589294,39.031986,0 
-95.565948,39.029852,0 
-95.526123,39.01865,0 
-95.492477,39.01865,0 
-95.432739,39.00211,0 
-95.405273,38.999976,0 
-95.362701,38.998909,0 
-95.346222,38.99624,0 
-95.331802,38.995173,0 
-95.317383,38.998375,0 
-95.28511,38.996774,0 
-95.259018,38.989836,0 
-95.229492,38.993572,0 
-95.235672,38.980229,0 
-95.241165,38.976492,0 
-95.245972,38.974357,0 
-95.253525,38.972222,0 
-95.253525,38.967417,0 
-95.239105,38.967951,0 
-95.239105,38.973823,0 
</coordinates>
</LineString>
</Placemark>

<Placemark><name>Day 158</name>
<description>Into Kansas City</description>
<styleUrl>#linecolor</styleUrl>
<LineString>
<tessellate>1</tessellate>
<altitudeMode>clampToGround</altitudeMode>
<coordinates>
-95.254211,38.97062,0 
-95.254211,38.966883,0 
-95.237045,38.967951,0 
-95.235672,38.98183,0 
-95.232925,38.993572,0 
-95.228119,38.994106,0 
-95.20134,38.993038,0 
-95.181427,38.997841,0 
-95.165634,39.005845,0 
-95.148468,39.012248,0 
-95.125122,39.025052,0 
-95.090103,39.043719,0 
-95.059891,39.055984,0 
-95.036545,39.066114,0 
-95.012512,39.06878,0 
-94.969254,39.079441,0 
-94.943848,39.082106,0 
-94.927368,39.083705,0 
-94.919128,39.089035,0 
-94.908142,39.090101,0 
-94.890976,39.094364,0 
-94.87175,39.09916,0 
-94.849091,39.104489,0 
-94.813385,39.106087,0 
-94.756393,39.103956,0 
-94.741974,39.10662,0 
-94.717941,39.103956,0 
-94.711761,39.104489,0 
-94.702148,39.106087,0 
-94.691849,39.105022,0 
-94.681549,39.105022,0 
-94.676056,39.103423,0 
-94.66301,39.097562,0 
-94.647903,39.096496,0 
-94.634171,39.092233,0 
-94.627991,39.090634,0 
-94.625244,39.083172,0 
-94.625244,39.074111,0 
-94.614944,39.06878,0 
-94.614944,39.065581,0 
-94.612885,39.05865,0 
-94.606705,39.056517,0 
-94.603271,39.057051,0 
-94.603958,39.051185,0 
-94.603958,39.042653,0 
-94.611511,39.042653,0 
-94.621124,39.043719,0 
</coordinates>
</LineString>
</Placemark>

<Placemark><name>day 159</name>
<description>Back to Iowa</description>
<styleUrl>#linecolor</styleUrl>
<LineString>
<tessellate>1</tessellate>
<altitudeMode>clampToGround</altitudeMode>
<coordinates>
-94.603271,39.052785,0 
-94.604645,39.04212,0 
-94.598465,39.04212,0 
-94.597092,39.051718,0 
-94.595032,39.057584,0 
-94.594345,39.078908,0 
-94.590912,39.096496,0 
-94.577179,39.09543,0 
-94.572372,39.097029,0 
-94.571686,39.106087,0 
-94.564819,39.109817,0 
-94.564819,39.119939,0 
-94.568939,39.129528,0 
-94.566193,39.140712,0 
-94.561386,39.144973,0 
-94.55864,39.1684,0 
-94.561386,39.17532,0 
-94.566879,39.179578,0 
-94.586105,39.180111,0 
-94.595718,39.185433,0 
-94.615631,39.19182,0 
-94.649277,39.223211,0 
-94.658203,39.237572,0 
-94.65889,39.256183,0 
-94.659576,39.260968,0 
-94.684982,39.294454,0 
-94.688416,39.311988,0 
-94.700089,39.32155,0 
-94.730988,39.338015,0 
-94.74472,39.344387,0 
-94.756393,39.349697,0 
-94.768066,39.358723,0 
-94.774933,39.373587,0 
-94.789352,39.383672,0 
-94.790039,39.427707,0 
-94.787292,39.470655,0 
-94.785233,39.495563,0 
-94.788666,39.559648,0 
-94.788666,39.591403,0 
-94.787979,39.635307,0 
-94.787979,39.63848,0 
-94.788666,39.740458,0 
-94.788666,39.743626,0 
-94.792786,39.772131,0 
-94.796219,39.792182,0 
-94.805145,39.818557,0 
-94.805832,39.853357,0 
-94.85939,39.888138,0 
-94.912262,39.921849,0 
-94.973373,39.968701,0 
-95.020065,39.976068,0 
-95.096283,40.021831,0 
-95.171814,40.063359,0 
-95.192413,40.074919,0 
-95.209579,40.080698,0 
-95.213013,40.088053,0 
-95.215759,40.104862,0 
-95.234299,40.123241,0 
-95.243912,40.144764,0 
-95.252838,40.152112,0 
-95.276871,40.158935,0 
-95.30777,40.176775,0 
-95.324249,40.184119,0 
-95.350342,40.187267,0 
-95.359955,40.191463,0 
-95.380554,40.213489,0 
-95.421753,40.238654,0 
-95.440979,40.254377,0 
-95.471191,40.27743,0 
-95.482178,40.287907,0 
-95.490417,40.307807,0 
-95.497284,40.320373,0 
-95.497284,40.333983,0 
-95.519257,40.358056,0 
-95.535736,40.371659,0 
-95.554962,40.406176,0 
-95.543976,40.420815,0 
-95.526123,40.420815,0 
-95.51445,40.417156,0 
-95.487671,40.423951,0 
-95.397034,40.423951,0 
-95.390167,40.438586,0 
-95.188293,40.434405,0 
-95.171814,40.439631,0 
-95.158081,40.443812,0 
-95.118256,40.442767,0 
-95.104523,40.445902,0 
-95.060577,40.443812,0 
-95.053711,40.441721,0 
-95.026245,40.442767,0 
-95.023499,40.472024,0 
-95.033112,40.48456,0 
-95.031738,40.509623,0 
-95.028992,40.657722,0 
-95.039978,40.671264,0 
-95.037231,40.712915,0 
-95.036545,40.742055,0 
-95.101776,40.742575,0 
-95.208893,40.742055,0 
-95.211639,40.741014,0 
-95.222626,40.742055,0 
-95.274811,40.742575,0 
-95.440292,40.743615,0 
-95.451965,40.749858,0 
-95.618134,40.749858,0 
-95.62706,40.746737,0 
-95.627747,40.740494,0 
-95.646973,40.729047,0 
-95.646286,40.712915,0 
-95.648346,40.688448,0 
-95.662766,40.688448,0 
-95.682678,40.681159,0 
-95.686111,40.680638,0 
-95.691605,40.683242,0 
-95.695038,40.685324,0 
-95.699158,40.686366,0 
-95.701218,40.681679,0 
-95.706711,40.675431,0 
-95.707397,40.670223,0 
-95.703964,40.667619,0 
-95.696411,40.66866,0 
</coordinates>
</LineString>
</Placemark>

<Placemark><name>day 160</name>
<description>Into Nebraska</description>
<styleUrl>#linecolor</styleUrl>
<LineString>
<tessellate>1</tessellate>
<altitudeMode>clampToGround</altitudeMode>
<coordinates>
-95.698814,40.66866,0 
-95.694008,40.674129,0 
-95.689888,40.679857,0 
-95.688515,40.682981,0 
-95.700188,40.687667,0 
-95.782242,40.68949,0 
-95.803185,40.716298,0 
-95.815887,40.726186,0 
-95.818291,40.730869,0 
-95.817261,40.75818,0 
-95.807648,40.776382,0 
-95.805931,40.807833,0 
-95.807648,40.823942,0 
-95.805244,40.854591,0 
-95.798721,40.887563,0 
-95.798378,40.917923,0 
-95.799408,40.931153,0 
-95.800781,40.949047,0 
-95.799065,40.962271,0 
-95.800781,40.984563,0 
-95.819664,41.043886,0 
-95.821037,41.060974,0 
-95.823441,41.07081,0 
-95.831337,41.095395,0 
-95.83065,41.100569,0 
-95.820694,41.13109,0 
-95.821381,41.143501,0 
-95.823441,41.211205,0 
-95.844383,41.231347,0 
-95.901031,41.23238,0 
-95.932961,41.229282,0 
-95.941887,41.226183,0 
-95.95459,41.227216,0 
-95.960083,41.227216,0 
-95.986176,41.222052,0 
-96.001968,41.223601,0 
-96.043167,41.223859,0 
-96.069603,41.222052,0 
-96.084709,41.224118,0 
-96.090202,41.222826,0 
-96.090889,41.220761,0 
-96.090546,41.212755,0 
-96.095352,41.202423,0 
-96.096382,41.194931,0 
-96.135864,41.163665,0 
-96.15303,41.152808,0 
-96.165733,41.138072,0 
-96.171227,41.13471,0 
-96.213455,41.118676,0 
-96.230278,41.106261,0 
-96.254311,41.09436,0 
-96.253624,41.090737,0 
-96.26976,41.084268,0 
-96.26976,41.083492,0 
-96.26976,41.082457,0 
-96.253281,41.089702,0 
-96.252937,41.094101,0 
-96.273537,41.085044,0 
-96.294479,41.060197,0 
-96.296883,41.053207,0 
-96.291046,41.035859,0 
-96.291046,41.03301,0 
-96.303062,41.019542,0 
-96.306839,41.014361,0 
-96.309929,41.013325,0 
-96.313705,41.015138,0 
-96.318855,41.015656,0 
-96.319199,41.017729,0 
-96.320915,41.01747,0 
-96.320915,41.015138,0 
-96.329155,41.014879,0 
-96.337738,41.015397,0 
-96.343918,41.015656,0 
-96.349068,41.018506,0 
-96.349754,41.027312,0 
-96.351471,41.029384,0 
-96.353874,41.03042,0 
-96.360397,41.030679,0 
-96.364861,41.034046,0 
-96.368294,41.037413,0 
-96.368637,41.087891,0 
-96.369667,41.088667,0 
-96.373444,41.088667,0 
-96.423225,41.088667,0 
-96.425972,41.090996,0 
-96.425972,41.14376,0 
-96.428375,41.146087,0 
-96.430092,41.146604,0 
-96.482277,41.147897,0 
-96.48365,41.211463,0 
-96.48365,41.234446,0 
-96.502876,41.234446,0 
-96.502533,41.306956,0 
-96.501846,41.367018,0 
-96.503563,41.393037,0 
-96.503563,41.399475,0 
-96.500816,41.411321,0 
-96.498756,41.429342,0 
-96.497726,41.451733,0 
-96.497726,41.476175,0 
-96.497383,41.534282,0 
-96.498413,41.53788,0 
-96.502533,41.545075,0 
-96.501846,41.588743,0 
-96.504936,41.593621,0 
-96.515579,41.594648,0 
-96.529999,41.594905,0 
-96.542015,41.597986,0 
-96.560211,41.607485,0 
-96.579094,41.617239,0 
-96.6045,41.625452,0 
-96.629906,41.638539,0 
-96.664238,41.663423,0 
-96.680031,41.675733,0 
-96.685524,41.679835,0 
-96.708527,41.70496,0 
-96.7099,41.712905,0 
-96.705437,41.724949,0 
-96.711273,41.772336,0 
-96.7099,41.799471,0 
-96.7099,41.830433,0 
-96.71093,41.836316,0 
-96.71093,41.860101,0 
-96.71196,41.863169,0 
-96.763115,41.901255,0 
-96.806374,41.925526,0 
-96.852722,41.950299,0 
-96.877098,41.961277,0 
-96.913834,41.987567,0 
-96.928253,41.994712,0 
-96.93821,42.001346,0 
-96.950226,42.009765,0 
-96.968422,42.018437,0 
-97.214928,42.018692,0 
-97.426071,42.018182,0 
-97.432938,42.018437,0 
-97.443237,42.025834,0 
</coordinates>
</LineString>
</Placemark>

<Placemark><name>Day 161</name>
<description>Into South Dakota</description>
<styleUrl>#linecolor</styleUrl>
<LineString>
<tessellate>1</tessellate>
<altitudeMode>clampToGround</altitudeMode>
<coordinates>
-97.470703,42.032464,0 
-97.426414,42.032974,0 
-97.425728,42.129294,0 
-97.426758,42.207414,0 
-97.426414,42.293564,0 
-97.426071,42.365647,0 
-97.426071,42.468045,0 
-97.426071,42.613496,0 
-97.426071,42.630675,0 
-97.425385,42.637242,0 
-97.426414,42.651384,0 
-97.426071,42.690511,0 
-97.424355,42.692025,0 
-97.406158,42.70666,0 
-97.406158,42.709939,0 
-97.407532,42.727848,0 
-97.407532,42.729109,0 
-97.406502,42.737683,0 
-97.406845,42.749281,0 
-97.406158,42.806988,0 
-97.401695,42.832674,0 
-97.401009,42.843751,0 
-97.395859,42.854826,0 
-97.398262,42.860363,0 
-97.397232,42.866906,0 
-97.396545,42.880996,0 
-97.397575,42.896089,0 
-97.397575,42.908663,0 
-97.398262,42.959186,0 
-97.398262,42.962201,0 
-97.398949,42.966221,0 
-97.396545,42.977274,0 
-97.398605,42.984809,0 
-97.398605,43.082179,0 
-97.399292,43.165373,0 
-97.402725,43.168628,0 
-97.412682,43.16963,0 
-97.417488,43.172384,0 
-97.418861,43.17614,0 
-97.419205,43.257206,0 
-97.420578,43.373611,0 
-97.420578,43.401056,0 
-97.421265,43.495024,0 
-97.419548,43.497515,0 
-97.414742,43.500005,0 
-97.392082,43.501001,0 
-97.388992,43.503741,0 
-97.388306,43.507725,0 
-97.388649,43.626632,0 
-97.385216,43.633839,0 
-97.384186,43.639057,0 
-97.384529,43.645268,0 
-97.388306,43.652472,0 
-97.388649,43.66663,0 
-97.434998,43.666382,0 
-97.494736,43.664146,0 
-97.509842,43.664146,0 
-97.647858,43.665388,0 
-97.731285,43.665388,0 
-97.773857,43.664146,0 
-97.785873,43.664643,0 
-97.814713,43.665885,0 
-97.820892,43.667623,0 
-97.850761,43.679791,0 
-97.876511,43.693694,0 
-97.88475,43.694935,0 
-97.892647,43.694935,0 
-97.948265,43.694935,0 
-97.968521,43.693197,0 
-98.013153,43.69146,0 
-98.047142,43.692204,0 
-98.046799,43.701637,0 
-98.029633,43.70263,0 
-98.030663,43.729181,0 
-98.025856,43.728685,0 
-98.025856,43.713798,0 
-98.030663,43.71355,0 
-98.028603,43.701885,0 
-98.048859,43.701885,0 
-98.048172,43.692204,0 
-98.053665,43.691708,0 
-98.070145,43.693942,0 
-98.12542,43.69419,0 
-98.147736,43.695431,0 
-98.266525,43.69568,0 
-98.297081,43.69568,0 
-98.44471,43.694935,0 
-98.456383,43.694935,0 
-98.496208,43.707842,0 
-98.501701,43.708338,0 
-98.672333,43.708834,0 
-98.678513,43.710075,0 
-98.695335,43.715783,0 
-98.738594,43.719505,0 
-98.74649,43.722482,0 
-98.764,43.733399,0 
-98.77224,43.736375,0 
-98.783569,43.737864,0 
-98.861504,43.737864,0 
-98.875237,43.737864,0 
-98.895149,43.736872,0 
-98.919868,43.737864,0 
-98.99025,43.737616,0 
-98.996429,43.739848,0 
-99.028358,43.749521,0 
-99.060974,43.752249,0 
-99.162254,43.752001,0 
-99.18148,43.753489,0 
-99.201736,43.752001,0 
-99.260445,43.752497,0 
-99.314346,43.77159,0 
-99.328423,43.777291,0 
-99.340096,43.792659,0 
-99.362755,43.806535,0 
-99.365845,43.807031,0 
-99.372368,43.805544,0 
-99.384041,43.800341,0 
-99.3964,43.801332,0 
-99.394684,43.803314,0 
-99.383011,43.803314,0 
-99.383354,43.802571,0 
-99.393654,43.802323,0 
-99.39846,43.801332,0 
-99.40464,43.802819,0 
-99.432449,43.817932,0 
-99.438286,43.820409,0 
-99.459915,43.829078,0 
-99.484978,43.842451,0 
-99.489098,43.844184,0 
-99.517593,43.847156,0 
-99.556732,43.847899,0 
-99.619217,43.868198,0 
-99.712257,43.868693,0 
-99.74247,43.876366,0 
-99.747963,43.87686,0 
-99.801521,43.877355,0 
-99.874306,43.89715,0 
-99.992752,43.896903,0 
-100.034981,43.897892,0 
-100.046997,43.898387,0 
-100.148964,43.897892,0 
-100.157204,43.899871,0 
-100.187073,43.911497,0 
-100.193939,43.912239,0 
-100.313416,43.912239,0 
-100.39547,43.910013,0 
-100.427742,43.908777,0 
-100.635109,43.908529,0 
-100.645752,43.905808,0 
-100.683174,43.885274,0 
-100.688667,43.884037,0 
-100.705833,43.8828,0 
-100.727119,43.884037,0 
-100.755615,43.887006,0 
-100.880928,43.886759,0 
-100.886765,43.887996,0 
-100.920067,43.900366,0 
-100.92762,43.901356,0 
-101.067009,43.901356,0 
-101.083832,43.900861,0 
-101.104088,43.897645,0 
-101.118164,43.893192,0 
-101.140823,43.882057,0 
-101.14181,43.881965,0 
-101.143012,43.883851,0 
-101.143312,43.885212,0 
-101.143827,43.890439,0 
-101.145458,43.89047,0 
-101.147261,43.891336,0 
-101.148248,43.891274,0 
-101.148934,43.891398,0 
</coordinates>
</LineString>
</Placemark>

<Placemark><name>Day 162</name>
<description>Into the Badlands</description>
<styleUrl>#linecolor</styleUrl>
<LineString>
<tessellate>1</tessellate>
<altitudeMode>clampToGround</altitudeMode>
<coordinates>
-101.148462,43.890903,0 
-101.147346,43.891522,0 
-101.14563,43.890408,0 
-101.143827,43.890408,0 
-101.143398,43.885583,0 
-101.143312,43.88447,0 
-101.14254,43.88348,0 
-101.139965,43.883604,0 
-101.138077,43.884965,0 
-101.136103,43.885893,0 
-101.135845,43.885645,0 
-101.139536,43.883418,0 
-101.140652,43.883047,0 
-101.142111,43.883233,0 
-101.142626,43.883233,0 
-101.141768,43.881934,0 
-101.145029,43.879335,0 
-101.159449,43.872034,0 
-101.176357,43.865847,0 
-101.180305,43.864362,0 
-101.221333,43.844308,0 
-101.225281,43.843442,0 
-101.229744,43.842699,0 
-101.318665,43.84307,0 
-101.357632,43.849632,0 
-101.396255,43.851984,0 
-101.478825,43.85087,0 
-101.492729,43.850498,0 
-101.497364,43.84926,0 
-101.523972,43.840965,0 
-101.540451,43.83626,0 
-101.543198,43.83626,0 
-101.873646,43.836013,0 
-101.889439,43.835517,0 
-101.896648,43.838861,0 
-101.899567,43.841832,0 
-101.899567,43.834155,0 
-101.899738,43.82945,0 
-101.900425,43.826601,0 
-101.900425,43.824991,0 
-101.89991,43.816321,0 
-101.899738,43.81211,0 
-101.900597,43.810252,0 
-101.905746,43.798111,0 
-101.906261,43.794022,0 
-101.902828,43.787826,0 
-101.902142,43.785595,0 
-101.902828,43.78448,0 
-101.907291,43.78101,0 
-101.911068,43.775432,0 
-101.915531,43.772457,0 
-101.922054,43.771094,0 
-101.925831,43.768986,0 
-101.926861,43.765515,0 
-101.928062,43.760804,0 
-101.929436,43.759689,0 
-101.934757,43.762292,0 
-101.936131,43.762292,0 
-101.937504,43.761672,0 
-101.937675,43.759689,0 
-101.936302,43.758449,0 
-101.936302,43.755101,0 
-101.934586,43.753737,0 
-101.932011,43.750885,0 
-101.932354,43.749769,0 
-101.935444,43.749397,0 
-101.936302,43.750017,0 
-101.938534,43.750265,0 
-101.939907,43.750513,0 
-101.947975,43.747661,0 
-101.974239,43.733275,0 
-101.979733,43.727693,0 
-101.974754,43.732406,0 
-101.967888,43.736623,0 
-101.961193,43.739848,0 
-101.952438,43.745181,0 
-101.948318,43.747165,0 
-101.950035,43.751257,0 
-101.954327,43.752497,0 
-101.957588,43.751877,0 
-101.959991,43.753985,0 
-101.961193,43.754605,0 
-101.962738,43.755349,0 
-101.965485,43.754729,0 
-101.967201,43.755349,0 
-101.96909,43.755473,0 
-101.971836,43.757829,0 
-101.975613,43.757953,0 
-101.979733,43.758821,0 
-101.980419,43.758697,0 
-101.981964,43.756341,0 
-101.987457,43.754481,0 
-101.990719,43.754729,0 
-101.992092,43.754729,0 
-101.994152,43.755225,0 
-101.995869,43.756217,0 
-101.997414,43.758573,0 
-102.001705,43.759937,0 
-102.003593,43.76192,0 
-102.007885,43.763904,0 
-102.008743,43.765887,0 
-102.008228,43.767871,0 
-102.007198,43.768615,0 
-102.005997,43.76973,0 
-102.004623,43.769482,0 
-102.002907,43.770598,0 
-102.002392,43.773077,0 
-102.003078,43.775184,0 
-102.005825,43.777415,0 
-102.007885,43.779522,0 
-102.013893,43.781381,0 
-102.0187,43.785595,0 
-102.021446,43.788322,0 
-102.025223,43.789437,0 
-102.030029,43.7908,0 
-102.032776,43.788941,0 
-102.034149,43.789437,0 
-102.036724,43.791296,0 
-102.040329,43.794765,0 
-102.043247,43.795385,0 
-102.044964,43.79427,0 
-102.046165,43.793154,0 
-102.050114,43.794146,0 
-102.052689,43.797119,0 
-102.053547,43.79935,0 
-102.054062,43.800093,0 
-102.059212,43.801332,0 
-102.060242,43.801208,0 
-102.0611,43.800465,0 
-102.061443,43.797739,0 
-102.061443,43.796748,0 
-102.067451,43.793278,0 
-102.073288,43.795013,0 
-102.084961,43.790552,0 
</coordinates>
</LineString>
</Placemark>

<Placemark><name>Day 163</name>
<description>Where in the world is Wall Drug?</description>
<styleUrl>#linecolor</styleUrl>
<LineString>
<tessellate>1</tessellate>
<altitudeMode>clampToGround</altitudeMode>
<coordinates>
-101.979218,43.730546,0 
-101.976986,43.729181,0 
-101.973209,43.733275,0 
-101.949348,43.746049,0 
-101.947803,43.747413,0 
-101.94025,43.750141,0 
-101.938362,43.750141,0 
-101.936302,43.749521,0 
-101.935444,43.749521,0 
-101.933727,43.749397,0 
-101.931667,43.750637,0 
-101.931667,43.751133,0 
-101.934071,43.752001,0 
-101.934929,43.753985,0 
-101.935616,43.754605,0 
-101.935959,43.755349,0 
-101.936302,43.758821,0 
-101.937504,43.760432,0 
-101.937332,43.76192,0 
-101.935616,43.762292,0 
-101.933212,43.761672,0 
-101.930294,43.760061,0 
-101.928577,43.760308,0 
-101.927204,43.762664,0 
-101.927032,43.767499,0 
-101.922913,43.770846,0 
-101.916904,43.771838,0 
-101.91227,43.774565,0 
-101.90918,43.778903,0 
-101.906605,43.781629,0 
-101.90197,43.785843,0 
-101.902657,43.78733,0 
-101.906433,43.795756,0 
-101.905746,43.799102,0 
-101.899738,43.811614,0 
-101.899567,43.821524,0 
-101.900597,43.825239,0 
-101.899738,43.828707,0 
-101.899738,43.841832,0 
-101.903172,43.842451,0 
-101.938877,43.859658,0 
-101.955528,43.866218,0 
-101.95982,43.869436,0 
-101.960163,43.878222,0 
-101.962051,43.877603,0 
-101.961536,43.876737,0 
-101.96085,43.87686,0 
-101.961021,43.869436,0 
-101.964798,43.869683,0 
-101.966858,43.870178,0 
-102.008057,43.889233,0 
-102.04874,43.906179,0 
-102.059727,43.909271,0 
-102.142296,43.928932,0 
-102.145729,43.931281,0 
-102.148991,43.934989,0 
-102.150021,43.936596,0 
-102.158604,43.936349,0 
-102.158775,43.931528,0 
-102.16032,43.931528,0 
-102.158689,43.93159,0 
-102.158947,43.936349,0 
-102.151737,43.936473,0 
-102.153625,43.93808,0 
-102.186756,43.970334,0 
-102.204094,43.983057,0 
-102.208729,43.986022,0 
-102.213707,43.98738,0 
-102.214994,43.987504,0 
-102.234993,43.986948,0 
-102.237396,43.987072,0 
-102.239113,43.987072,0 
-102.238855,43.988492,0 
-102.238941,43.992197,0 
-102.238941,43.994605,0 
-102.240486,43.994605,0 
-102.242203,43.994482,0 
-102.241859,43.992197,0 
-102.2404,43.992012,0 
-102.240314,43.994296,0 
-102.240486,43.988924,0 
-102.238512,43.988245,0 
-102.239027,43.986578,0 
-102.239199,43.982996,0 
-102.23877,43.976263,0 
-102.240143,43.972557,0 
-102.240143,43.971075,0 
-102.23877,43.967121,0 
-102.23877,43.874138,0 
-102.23774,43.872901,0 
-102.235165,43.872034,0 
-102.233448,43.870054,0 
-102.23053,43.867579,0 
-102.230186,43.866094,0 
-102.228985,43.866094,0 
-102.22847,43.867456,0 
-102.22744,43.865599,0 
-102.226238,43.86498,0 
-102.225723,43.863248,0 
-102.223492,43.862258,0 
-102.22229,43.861391,0 
-102.221775,43.860896,0 
-102.220745,43.859906,0 
-102.219028,43.85644,0 
-102.218342,43.854583,0 
-102.218342,43.852974,0 
-102.21714,43.852108,0 
-102.214737,43.850251,0 
-102.213192,43.849384,0 
-102.212505,43.848518,0 
-102.211475,43.846537,0 
-102.20993,43.846537,0 
-102.208385,43.846537,0 
-102.206841,43.846042,0 
-102.205639,43.843937,0 
-102.195511,43.843689,0 
-102.195168,43.844184,0 
-102.194824,43.845794,0 
-102.191219,43.846908,0 
-102.190361,43.845546,0 
-102.188644,43.840842,0 
-102.185726,43.839727,0 
-102.176628,43.834898,0 
-102.176113,43.833041,0 
-102.176971,43.824248,0 
-102.17577,43.822762,0 
-102.171993,43.820533,0 
-102.170792,43.818923,0 
-102.168045,43.817436,0 
-102.167015,43.815207,0 
-102.166328,43.813349,0 
-102.164783,43.811862,0 
-102.162037,43.812853,0 
-102.144527,43.810128,0 
-102.142296,43.809137,0 
-102.138519,43.805544,0 
-102.128735,43.799969,0 
-102.120152,43.796748,0 
-102.117062,43.796872,0 
-102.098522,43.790676,0 
-102.092857,43.789933,0 
-102.083244,43.791172,0 
-102.073975,43.794889,0 
-102.070713,43.794146,0 
-102.066765,43.793154,0 
-102.061272,43.796252,0 
-102.061272,43.800836,0 
-102.059383,43.801332,0 
-102.053547,43.799845,0 
-102.052689,43.797367,0 
-102.052002,43.795633,0 
-102.049084,43.793774,0 
-102.045307,43.793278,0 
-102.044106,43.795137,0 
-102.040329,43.795261,0 
-102.034664,43.789685,0 
-102.032604,43.789437,0 
-102.031403,43.789561,0 
-102.030201,43.790304,0 
-102.020931,43.788074,0 
-102.018013,43.785099,0 
-102.014065,43.781505,0 
-102.007885,43.779522,0 
-102.005138,43.776796,0 
-102.002563,43.774565,0 
-102.002735,43.770474,0 
-102.00428,43.769358,0 
-102.005997,43.769482,0 
-102.006683,43.769358,0 
-102.007198,43.768615,0 
-102.007885,43.767995,0 
-102.0084,43.7644,0 
-102.00634,43.76316,0 
-102.00325,43.761672,0 
-102.001877,43.760061,0 
-101.996899,43.757953,0 
-101.995182,43.755473,0 
-101.992779,43.754605,0 
-101.989689,43.754977,0 
-101.987286,43.754605,0 
-101.981792,43.756589,0 
-101.980591,43.758573,0 
-101.978016,43.758573,0 
-101.975098,43.757705,0 
-101.971836,43.757705,0 
-101.96909,43.755473,0 
-101.967201,43.755349,0 
-101.965656,43.754853,0 
-101.963081,43.755473,0 
-101.961193,43.754729,0 
-101.959305,43.752621,0 
-101.957417,43.751877,0 
-101.954155,43.752497,0 
-101.949863,43.751133,0 
-101.948833,43.748529,0 
-101.947803,43.746793,0 
-101.974411,43.732778,0 
-101.977673,43.728933,0 
-101.980247,43.730422,0 
</coordinates>
</LineString>
</Placemark>

<Placemark><name>Day 164</name>
<description>Into the Black Hills</description>
<styleUrl>#linecolor</styleUrl>
<LineString>
<tessellate>1</tessellate>
<altitudeMode>clampToGround</altitudeMode>
<coordinates>
-101.979561,43.730794,0 
-101.977158,43.729305,0 
-101.980247,43.725832,0 
-101.981449,43.724715,0 
-101.995525,43.719629,0 
-101.998444,43.719629,0 
-102.014751,43.719133,0 
-102.029171,43.718264,0 
-102.037754,43.717272,0 
-102.044277,43.711192,0 
-102.049255,43.709207,0 
-102.078438,43.708586,0 
-102.094231,43.709083,0 
-102.111053,43.715535,0 
-102.116203,43.716031,0 
-102.119293,43.715659,0 
-102.134571,43.713053,0 
-102.15414,43.716651,0 
-102.179546,43.719505,0 
-102.235508,43.719133,0 
-102.247868,43.719009,0 
-102.268639,43.716279,0 
-102.322884,43.715907,0 
-102.365284,43.714294,0 
-102.37936,43.712681,0 
-102.38245,43.713301,0 
-102.409058,43.71814,0 
-102.412319,43.720373,0 
-102.418156,43.726948,0 
-102.421932,43.729057,0 
-102.449398,43.734763,0 
-102.466393,43.73712,0 
-102.472401,43.738856,0 
-102.477551,43.740716,0 
-102.482014,43.743941,0 
-102.488708,43.744685,0 
-102.493343,43.744809,0 
-102.49712,43.746793,0 
-102.498665,43.748281,0 
-102.500896,43.749521,0 
-102.507591,43.756465,0 
-102.508965,43.759069,0 
-102.513771,43.762664,0 
-102.521324,43.768863,0 
-102.525959,43.77097,0 
-102.53334,43.77692,0 
-102.537117,43.778407,0 
-102.543297,43.778407,0 
-102.548618,43.779522,0 
-102.552567,43.782497,0 
-102.555656,43.785719,0 
-102.559261,43.803438,0 
-102.563038,43.808889,0 
-102.612305,43.858792,0 
-102.628613,43.875252,0 
-102.639427,43.893934,0 
-102.646294,43.899995,0 
-102.648354,43.90049,0 
-102.666378,43.901479,0 
-102.679596,43.904077,0 
-102.684402,43.907292,0 
-102.701054,43.911868,0 
-102.712212,43.914465,0 
-102.735214,43.916691,0 
-102.742081,43.918051,0 
-102.745342,43.919041,0 
-102.747917,43.921884,0 
-102.75341,43.932764,0 
-102.754955,43.934495,0 
-102.76577,43.939563,0 
-102.770233,43.940428,0 
-102.80405,43.940552,0 
-102.817268,43.942406,0 
-102.859497,43.954518,0 
-102.867737,43.956248,0 
-102.882156,43.958472,0 
-102.888336,43.961932,0 
-102.898979,43.972804,0 
-102.905502,43.976511,0 
-102.909966,43.977252,0 
-102.934341,43.977993,0 
-102.938461,43.978981,0 
-103.121109,44.041453,0 
-103.164368,44.06588,0 
-103.166084,44.063413,0 
-103.164711,44.057492,0 
-103.166428,44.050337,0 
-103.173981,44.040959,0 
-103.177071,44.039232,0 
-103.19252,44.038244,0 
-103.19149,44.034542,0 
-103.191833,44.022693,0 
-103.18222,44.006398,0 
-103.179474,43.993061,0 
-103.18119,43.976263,0 
-103.18428,43.972063,0 
-103.187714,43.951305,0 
-103.1884,43.94562,0 
-103.197327,43.935978,0 
-103.199387,43.930786,0 
-103.19973,43.824124,0 
-103.20385,43.813968,0 
-103.212776,43.80381,0 
-103.219643,43.797863,0 
-103.221016,43.794393,0 
-103.218613,43.785471,0 
-103.218956,43.71479,0 
-103.230629,43.704119,0 
-103.249855,43.699155,0 
-103.259125,43.693942,0 
-103.259125,43.676563,0 
-103.273201,43.657937,0 
-103.292427,43.639554,0 
-103.29483,43.634087,0 
-103.29586,43.626384,0 
-103.299294,43.596306,0 
-103.299637,43.587852,0 
-103.302727,43.581137,0 
-103.308563,43.560242,0 
-103.323326,43.547304,0 
-103.328133,43.529634,0 
-103.327103,43.521419,0 
-103.326416,43.516938,0 
-103.332253,43.501998,0 
-103.332253,43.487303,0 
-103.333626,43.484065,0 
-103.336716,43.482072,0 
-103.341866,43.478086,0 
-103.349762,43.465878,0 
-103.350449,43.463635,0 
-103.350105,43.45591,0 
-103.360405,43.44594,0 
-103.376198,43.43198,0 
-103.388214,43.418016,0 
-103.394051,43.408539,0 
-103.395767,43.401306,0 
-103.398514,43.400558,0 
-103.41259,43.403551,0 
-103.418427,43.403052,0 
-103.423576,43.40405,0 
-103.434563,43.402553,0 
-103.434906,43.406045,0 
-103.436279,43.407791,0 
-103.440742,43.408789,0 
-103.443489,43.41228,0 
-103.445892,43.41253,0 
-103.449326,43.414276,0 
-103.452415,43.416271,0 
-103.457565,43.418765,0 
-103.463402,43.422754,0 
-103.464775,43.422754,0 
-103.469925,43.42051,0 
-103.474731,43.42051,0 
-103.478851,43.421258,0 
-103.481941,43.422256,0 
-103.483315,43.423253,0 
-103.482971,43.42425,0 
-103.485718,43.423502,0 
-103.485374,43.422505,0 
-103.488121,43.424001,0 
-103.490868,43.426744,0 
-103.496017,43.429487,0 
-103.498077,43.429985,0 
-103.477478,43.430484,0 
-103.475075,43.431232,0 
-103.475418,43.432229,0 
-103.477821,43.432229,0 
-103.481941,43.434972,0 
-103.481598,43.437714,0 
-103.480225,43.440705,0 
-103.475418,43.440705,0 
-103.473701,43.459648,0 
-103.470612,43.46812,0 
-103.461342,43.486805,0 
-103.461685,43.508223,0 
-103.472328,43.519676,0 
-103.477478,43.521419,0 
-103.479195,43.521419,0 
-103.484344,43.520672,0 
-103.486404,43.520174,0 
-103.497047,43.52814,0 
-103.499451,43.529882,0 
-103.500137,43.531376,0 
-103.496361,43.538345,0 
-103.487091,43.541829,0 
-103.483658,43.542327,0 
-103.476105,43.549792,0 
-103.472328,43.550041,0 
-103.471298,43.552529,0 
-103.466835,43.554769,0 
-103.467178,43.556262,0 
-103.469925,43.557257,0 
-103.470268,43.558998,0 
-103.471985,43.560491,0 
-103.471985,43.561486,0 
-103.477135,43.564472,0 
-103.479195,43.568203,0 
-103.481941,43.568949,0 
-103.484001,43.570691,0 
-103.485374,43.571188,0 
-103.488121,43.573924,0 
-103.487434,43.577158,0 
-103.486061,43.57865,0 
-103.485374,43.580142,0 
-103.484688,43.580888,0 
-103.486748,43.580888,0 
-103.488121,43.58064,0 
-103.489838,43.580391,0 
-103.491554,43.581386,0 
-103.491554,43.582629,0 
-103.490181,43.583375,0 
-103.488808,43.585862,0 
-103.486919,43.584867,0 
-103.486233,43.586235,0 
-103.487091,43.587603,0 
-103.487091,43.588598,0 
-103.487091,43.590836,0 
-103.486748,43.59183,0 
-103.489494,43.592825,0 
-103.489494,43.594068,0 
-103.489494,43.595311,0 
-103.490524,43.596057,0 
-103.490868,43.597549,0 
-103.491554,43.599041,0 
-103.492241,43.599787,0 
-103.493614,43.600533,0 
-103.494644,43.601279,0 
-103.492928,43.601279,0 
-103.491211,43.600781,0 
-103.490181,43.60103,0 
-103.490181,43.603019,0 
-103.490868,43.604013,0 
-103.491211,43.605008,0 
-103.491898,43.606002,0 
-103.492241,43.607121,0 
-103.492584,43.607867,0 
-103.493271,43.608115,0 
-103.493443,43.609607,0 
-103.492241,43.60998,0 
-103.492584,43.612962,0 
-103.493443,43.613957,0 
-103.493271,43.614827,0 
-103.492413,43.617312,0 
-103.492756,43.618804,0 
-103.492413,43.620543,0 
-103.490353,43.623153,0 
-103.490353,43.627254,0 
-103.487434,43.633342,0 
-103.484859,43.635951,0 
-103.478336,43.636448,0 
-103.472328,43.639429,0 
-103.469582,43.639678,0 
-103.461857,43.639554,0 
-103.460655,43.64092,0 
-103.460827,43.649243,0 
-103.463058,43.654584,0 
-103.466663,43.656571,0 
-103.46735,43.658434,0 
-103.46838,43.660048,0 
-103.46838,43.66365,0 
-103.46838,43.665016,0 
-103.469582,43.666878,0 
-103.469067,43.668865,0 
-103.467865,43.670355,0 
-103.46941,43.675073,0 
-103.470955,43.676439,0 
-103.469582,43.677929,0 
-103.468552,43.679667,0 
-103.468552,43.68215,0 
-103.466492,43.684384,0 
-103.467693,43.68575,0 
-103.46838,43.686619,0 
-103.469238,43.688481,0 
-103.47147,43.689598,0 
-103.471985,43.691087,0 
-103.474045,43.692204,0 
-103.475246,43.69357,0 
-103.475246,43.69419,0 
-103.475933,43.694439,0 
-103.479366,43.699031,0 
-103.477478,43.709083,0 
-103.47868,43.710448,0 
-103.480053,43.711688,0 
-103.479023,43.713177,0 
-103.479538,43.714666,0 
-103.480396,43.715783,0 
-103.4828,43.716775,0 
-103.483315,43.716527,0 
-103.485546,43.715287,0 
-103.488121,43.715038,0 
-103.488808,43.716155,0 
-103.488636,43.71814,0 
-103.491039,43.72211,0 
-103.491039,43.724964,0 
-103.493443,43.726328,0 
-103.491554,43.728685,0 
-103.491383,43.729181,0 
-103.490353,43.729801,0 
-103.489323,43.729926,0 
-103.487949,43.730422,0 
-103.486233,43.730794,0 
-103.485374,43.731662,0 
-103.484859,43.732282,0 
-103.485031,43.734019,0 
-103.484001,43.735507,0 
-103.483829,43.737244,0 
-103.481083,43.737988,0 
-103.480053,43.739228,0 
-103.476963,43.741212,0 
-103.475761,43.744065,0 
-103.476105,43.745181,0 
-103.475246,43.745801,0 
-103.476105,43.746669,0 
-103.475075,43.747537,0 
-103.47559,43.748529,0 
-103.475075,43.749397,0 
-103.474903,43.750389,0 
-103.475075,43.751753,0 
-103.47765,43.753365,0 
-103.481941,43.751381,0 
-103.482628,43.751505,0 
-103.483143,43.752249,0 
-103.480911,43.753737,0 
-103.482113,43.755597,0 
-103.481426,43.757705,0 
-103.482285,43.760061,0 
-103.479538,43.760928,0 
-103.475761,43.760928,0 
-103.473015,43.761796,0 
-103.470783,43.76254,0 
-103.467522,43.761796,0 
-103.464775,43.762292,0 
-103.462715,43.762292,0 
-103.462372,43.76316,0 
-103.462887,43.7644,0 
-103.4622,43.765515,0 
-103.460999,43.766011,0 
-103.46014,43.767127,0 
-103.45911,43.767127,0 
-103.457394,43.767995,0 
-103.452587,43.767375,0 
-103.451042,43.768119,0 
-103.450012,43.767995,0 
-103.447094,43.767995,0 
-103.444862,43.768243,0 
-103.442802,43.768491,0 
-103.441429,43.770102,0 
-103.439369,43.771094,0 
-103.437996,43.771094,0 
-103.436966,43.77159,0 
-103.436108,43.771838,0 
-103.433533,43.772581,0 
-103.432674,43.774069,0 
-103.431129,43.774193,0 
-103.429413,43.775184,0 
-103.427696,43.775184,0 
-103.426151,43.776424,0 
-103.424091,43.77506,0 
-103.420658,43.773077,0 
-103.419113,43.773449,0 
-103.419113,43.775184,0 
-103.415337,43.778407,0 
-103.412933,43.778159,0 
-103.41156,43.778159,0 
-103.409843,43.775184,0 
-103.408127,43.774317,0 
-103.406754,43.774688,0 
-103.405895,43.775432,0 
-103.405895,43.777787,0 
-103.40538,43.778655,0 
-103.403835,43.778283,0 
-103.397484,43.775184,0 
-103.396626,43.773573,0 
-103.395939,43.772705,0 
-103.395252,43.771714,0 
-103.396111,43.770226,0 
-103.395081,43.769482,0 
-103.392162,43.768615,0 
-103.388901,43.767995,0 
-103.388386,43.766135,0 
-103.388214,43.764896,0 
-103.386326,43.764648,0 
-103.380489,43.764772,0 
-103.378944,43.763904,0 
-103.376369,43.762664,0 
-103.37534,43.762168,0 
-103.371735,43.7613,0 
-103.37019,43.760184,0 
-103.368988,43.760184,0 
-103.367443,43.760804,0 
-103.36401,43.760308,0 
-103.361607,43.760804,0 
-103.359203,43.761796,0 
-103.35783,43.761796,0 
-103.358517,43.762912,0 
-103.356972,43.764524,0 
-103.355427,43.765144,0 
-103.35371,43.766383,0 
-103.351994,43.766383,0 
-103.350964,43.765887,0 
-103.35062,43.765515,0 
-103.349762,43.765515,0 
-103.348217,43.765515,0 
-103.345642,43.765515,0 
-103.343582,43.765391,0 
-103.342037,43.770226,0 
-103.338261,43.773201,0 
-103.332767,43.771838,0 
-103.331909,43.772581,0 
-103.330879,43.774812,0 
-103.328991,43.774936,0 
-103.324356,43.775804,0 
-103.320751,43.780018,0 
-103.31852,43.781505,0 
-103.307705,43.782001,0 
-103.30513,43.782249,0 
-103.303242,43.783488,0 
-103.30101,43.785223,0 
-103.29792,43.785967,0 
-103.292255,43.788817,0 
-103.291397,43.789065,0 
-103.287792,43.79142,0 
-103.282986,43.799597,0 
-103.279037,43.801704,0 
-103.273888,43.803934,0 
-103.270454,43.807403,0 
-103.267365,43.809013,0 
-103.266506,43.809261,0 
-103.263416,43.811614,0 
-103.260498,43.812605,0 
-103.257065,43.813968,0 
-103.255005,43.815702,0 
-103.252258,43.816445,0 
-103.249512,43.817189,0 
-103.247452,43.817684,0 
-103.246937,43.815702,0 
-103.24522,43.815083,0 
-103.243332,43.816074,0 
-103.238525,43.817932,0 
-103.236122,43.816198,0 
-103.235435,43.815331,0 
-103.231487,43.816817,0 
-103.222046,43.817808,0 
-103.219643,43.820037,0 
-103.218956,43.82078,0 
-103.218441,43.824248,0 
-103.216381,43.825115,0 
-103.200417,43.825363,0 
-103.200417,43.824372,0 
-103.200932,43.822762,0 
-103.202133,43.820533,0 
-103.202991,43.818179,0 
-103.205566,43.813968,0 
-103.21106,43.807898,0 
</coordinates>
</LineString>
</Placemark>

<Placemark><name>day 165</name>
<description>Around the Black Hills</description>
<styleUrl>#linecolor</styleUrl>
<LineString>
<tessellate>1</tessellate>
<altitudeMode>clampToGround</altitudeMode>
<coordinates>
-103.201618,43.822762,0 
-103.199902,43.82301,0 
-103.19973,43.825734,0 
-103.199387,43.836756,0 
-103.201618,43.836756,0 
-103.206081,43.835765,0 
-103.216209,43.834774,0 
-103.218098,43.834527,0 
-103.220673,43.833165,0 
-103.224106,43.830564,0 
-103.225822,43.830564,0 
-103.229256,43.831431,0 
-103.235435,43.829945,0 
-103.238525,43.830069,0 
-103.242302,43.825858,0 
-103.244534,43.825611,0 
-103.248138,43.827097,0 
-103.251057,43.829697,0 
-103.250885,43.836137,0 
-103.252773,43.837251,0 
-103.258095,43.836137,0 
-103.264961,43.837251,0 
-103.267708,43.839851,0 
-103.273373,43.849632,0 
-103.283672,43.854336,0 
-103.284702,43.854831,0 
-103.296375,43.855697,0 
-103.298779,43.856811,0 
-103.30101,43.863124,0 
-103.30101,43.86498,0 
-103.30204,43.866342,0 
-103.305645,43.867827,0 
-103.309422,43.871292,0 
-103.311653,43.871787,0 
-103.314228,43.872034,0 
-103.31852,43.873519,0 
-103.321438,43.873024,0 
-103.328648,43.864485,0 
-103.330193,43.863743,0 
-103.332253,43.864238,0 
-103.332939,43.865228,0 
-103.333797,43.869436,0 
-103.335171,43.871787,0 
-103.341866,43.874138,0 
-103.346329,43.872406,0 
-103.347874,43.872282,0 
-103.348904,43.873272,0 
-103.349419,43.875376,0 
-103.350277,43.876118,0 
-103.355083,43.87686,0 
-103.358002,43.877108,0 
-103.359718,43.877479,0 
-103.364182,43.881315,0 
-103.3671,43.882305,0 
-103.369331,43.882923,0 
-103.371048,43.885274,0 
-103.378429,43.88713,0 
-103.380146,43.887996,0 
-103.383408,43.891089,0 
-103.386841,43.892202,0 
-103.391647,43.893563,0 
-103.394909,43.894924,0 
-103.396969,43.896408,0 
-103.40126,43.898016,0 
-103.402119,43.898263,0 
-103.402548,43.899933,0 
-103.404007,43.901232,0 
-103.406754,43.902036,0 
-103.409157,43.902036,0 
-103.411646,43.901603,0 
-103.413792,43.901356,0 
-103.414822,43.90049,0 
-103.416109,43.899871,0 
-103.418083,43.899315,0 
-103.418427,43.898202,0 
-103.418856,43.897088,0 
-103.418341,43.894058,0 
-103.425207,43.893687,0 
-103.426409,43.892202,0 
-103.42761,43.891212,0 
-103.427696,43.889914,0 
-103.426151,43.88979,0 
-103.424864,43.889295,0 
-103.425035,43.888553,0 
-103.425808,43.88781,0 
-103.428125,43.887749,0 
-103.430872,43.887316,0 
-103.432932,43.887192,0 
-103.434734,43.887254,0 
-103.435764,43.886511,0 
-103.436708,43.885955,0 
-103.438253,43.885583,0 
-103.43894,43.885707,0 
-103.441772,43.887068,0 
-103.442717,43.887068,0 
-103.443832,43.886511,0 
-103.446236,43.885893,0 
-103.447008,43.88515,0 
-103.447609,43.883789,0 
-103.446236,43.880263,0 
-103.446493,43.879645,0 
-103.447437,43.878964,0 
-103.448467,43.87884,0 
-103.450012,43.879273,0 
-103.452158,43.877974,0 
-103.452587,43.876737,0 
-103.4519,43.875499,0 
-103.452673,43.874571,0 
-103.453875,43.874076,0 
-103.454905,43.874076,0 
-103.455591,43.874633,0 
-103.455763,43.875561,0 
-103.456278,43.875499,0 
-103.457823,43.875128,0 
-103.459797,43.8742,0 
-103.460655,43.8742,0 
-103.461342,43.874881,0 
-103.461256,43.875252,0 
-103.460484,43.87618,0 
-103.460913,43.878531,0 
-103.461342,43.878964,0 
-103.461943,43.879768,0 
-103.462543,43.880263,0 
-103.462887,43.881934,0 
-103.463659,43.882428,0 
-103.464346,43.883604,0 
-103.465118,43.884037,0 
-103.466749,43.884161,0 
-103.469324,43.886759,0 
-103.470526,43.887006,0 
-103.474989,43.886697,0 
-103.476534,43.88713,0 
-103.479195,43.888676,0 
-103.479366,43.889357,0 
-103.479023,43.890779,0 
-103.479195,43.891151,0 
-103.48031,43.89214,0 
-103.480053,43.892883,0 
-103.47971,43.893996,0 
-103.47971,43.894985,0 
-103.480568,43.895666,0 
-103.483057,43.896779,0 
-103.485632,43.898449,0 
-103.487606,43.898387,0 
-103.490953,43.897831,0 
-103.496017,43.899253,0 
-103.502197,43.900057,0 
-103.503656,43.899748,0 
-103.513269,43.895542,0 
-103.515158,43.895171,0 
-103.517218,43.895357,0 
-103.520651,43.897459,0 
-103.524599,43.898016,0 
-103.52623,43.899129,0 
-103.527861,43.900181,0 
-103.530951,43.900243,0 
-103.533697,43.901418,0 
-103.534727,43.90117,0 
-103.536015,43.90049,0 
-103.537045,43.900304,0 
-103.539534,43.899686,0 
-103.543053,43.897769,0 
-103.54434,43.897336,0 
-103.545799,43.897336,0 
-103.549404,43.898078,0 
-103.553953,43.897459,0 
-103.558331,43.895666,0 
-103.562193,43.893439,0 
-103.565454,43.891955,0 
-103.566656,43.891955,0 
-103.567858,43.892264,0 
-103.568888,43.89381,0 
-103.572063,43.8948,0 
-103.578844,43.897336,0 
-103.580217,43.896903,0 
-103.582191,43.895666,0 
-103.582964,43.894985,0 
-103.584423,43.894553,0 
-103.58614,43.892944,0 
-103.587942,43.892017,0 
-103.588543,43.891707,0 
-103.588972,43.890223,0 
-103.58983,43.889233,0 
-103.593006,43.88515,0 
-103.594465,43.884532,0 
-103.596611,43.884037,0 
-103.600302,43.885089,0 
-103.602018,43.885645,0 
-103.608971,43.882243,0 
-103.61412,43.876737,0 
-103.615494,43.873396,0 
-103.616266,43.872406,0 
-103.6203,43.869188,0 
-103.623219,43.866589,0 
-103.624249,43.864052,0 
-103.62545,43.862691,0 
-103.630171,43.858854,0 
-103.631287,43.856626,0 
-103.633261,43.854088,0 
-103.634977,43.852169,0 
-103.635492,43.847218,0 
-103.635664,43.845608,0 
-103.637123,43.84338,0 
-103.637981,43.840161,0 
-103.639097,43.837746,0 
-103.639097,43.834217,0 
-103.640041,43.832793,0 
-103.641071,43.830626,0 
-103.640299,43.826725,0 
-103.640041,43.820347,0 
-103.639097,43.820347,0 
-103.629055,43.831431,0 
-103.626652,43.833165,0 
-103.626738,43.833103,0 
-103.637981,43.821462,0 
-103.638754,43.820409,0 
-103.640127,43.820285,0 
-103.639956,43.824186,0 
-103.640985,43.830007,0 
-103.640985,43.831431,0 
-103.639183,43.834155,0 
-103.639097,43.837622,0 
-103.638067,43.840346,0 
-103.637123,43.843442,0 
-103.634892,43.847341,0 
-103.635406,43.850932,0 
-103.63472,43.852479,0 
-103.633261,43.85415,0 
-103.631716,43.855697,0 
-103.630686,43.858421,0 
-103.630085,43.859039,0 
-103.625536,43.862629,0 
-103.624334,43.864052,0 
-103.622961,43.866899,0 
-103.618841,43.870364,0 
-103.616266,43.872529,0 
-103.614893,43.874509,0 
-103.613949,43.876922,0 
-103.608971,43.882057,0 
-103.603048,43.885336,0 
-103.60116,43.885398,0 
-103.597126,43.884099,0 
-103.595753,43.884161,0 
-103.593006,43.885089,0 
-103.589659,43.889357,0 
-103.588543,43.889048,0 
-103.587427,43.889604,0 
-103.586569,43.889604,0 
-103.585539,43.888986,0 
-103.583479,43.888058,0 
-103.582706,43.886883,0 
-103.584852,43.88447,0 
-103.584595,43.88348,0 
-103.583736,43.883171,0 
-103.581076,43.882738,0 
-103.580561,43.882305,0 
-103.580046,43.881067,0 
-103.576698,43.878655,0 
-103.576698,43.878222,0 
-103.578501,43.877912,0 
-103.578672,43.877294,0 
-103.578072,43.873581,0 
-103.581762,43.869807,0 
-103.584251,43.869188,0 
-103.584766,43.868508,0 
-103.583994,43.866342,0 
-103.585968,43.863186,0 
-103.585796,43.862629,0 
-103.582363,43.861639,0 
-103.581848,43.860649,0 
-103.581505,43.858978,0 
-103.580046,43.857245,0 
-103.578758,43.85675,0 
-103.576355,43.853345,0 
-103.574896,43.852479,0 
-103.574553,43.852046,0 
-103.574896,43.850622,0 
-103.574638,43.849817,0 
-103.574982,43.849817,0 
-103.575153,43.850189,0 
-103.575754,43.850622,0 
-103.575926,43.851674,0 
-103.576269,43.851674,0 
-103.576441,43.851489,0 
-103.576097,43.849508,0 
-103.577127,43.847899,0 
-103.577213,43.849198,0 
-103.577471,43.849941,0 
-103.577728,43.847465,0 
-103.578758,43.846475,0 
-103.578587,43.845856,0 
-103.578072,43.845423,0 
-103.577986,43.844865,0 
-103.577471,43.844989,0 
-103.576784,43.844989,0 
-103.576269,43.844061,0 
-103.57584,43.843937,0 
-103.574638,43.844246,0 
-103.574295,43.844927,0 
-103.573351,43.845175,0 
-103.572664,43.84567,0 
-103.572235,43.84567,0 
-103.571806,43.845423,0 
-103.570776,43.845237,0 
-103.570604,43.844927,0 
-103.567429,43.844123,0 
-103.566399,43.843504,0 
-103.566141,43.843132,0 
-103.565798,43.843008,0 
-103.565712,43.842142,0 
-103.564167,43.841646,0 
-103.563395,43.841089,0 
-103.562965,43.840408,0 
-103.56245,43.841213,0 
-103.563137,43.842823,0 
-103.563051,43.843132,0 
-103.562021,43.843442,0 
-103.558502,43.841956,0 
-103.557301,43.840594,0 
-103.556271,43.840223,0 
-103.556013,43.840532,0 
-103.556013,43.841399,0 
-103.551807,43.842761,0 
-103.550863,43.843256,0 
-103.550348,43.843256,0 
-103.549147,43.842946,0 
-103.547773,43.842946,0 
-103.545971,43.843689,0 
-103.54537,43.843689,0 
-103.54537,43.843504,0 
-103.545885,43.842575,0 
-103.544941,43.84177,0 
-103.542109,43.842451,0 
-103.541422,43.841646,0 
-103.540649,43.841956,0 
-103.539963,43.840284,0 
-103.539019,43.840223,0 
-103.537817,43.841151,0 
-103.536787,43.841956,0 
-103.536186,43.842142,0 
-103.536015,43.841523,0 
-103.536358,43.841213,0 
-103.536358,43.840718,0 
-103.536015,43.840284,0 
-103.535585,43.84047,0 
-103.535242,43.841646,0 
-103.535156,43.840718,0 
-103.534126,43.839542,0 
-103.534126,43.839294,0 
-103.535328,43.839294,0 
-103.535671,43.838489,0 
-103.53447,43.83657,0 
-103.532753,43.835827,0 
-103.53241,43.835827,0 
-103.531981,43.835332,0 
-103.532152,43.835022,0 
-103.53241,43.834403,0 
-103.532238,43.833846,0 
-103.531637,43.833536,0 
-103.531122,43.833412,0 
-103.530951,43.832917,0 
-103.528891,43.832731,0 
-103.528376,43.832731,0 
-103.527946,43.832298,0 
-103.528547,43.831493,0 
-103.528633,43.830874,0 
-103.527431,43.829945,0 
-103.527088,43.829759,0 
-103.527002,43.829388,0 
-103.525715,43.829078,0 
-103.52417,43.828211,0 
-103.523912,43.827159,0 
-103.524942,43.826168,0 
-103.523998,43.825858,0 
-103.52314,43.825858,0 
-103.522453,43.825239,0 
-103.523054,43.82462,0 
-103.523397,43.823443,0 
-103.523312,43.822638,0 
-103.523741,43.821957,0 
-103.521852,43.820842,0 
-103.518848,43.822267,0 
-103.517303,43.822329,0 
-103.515072,43.823134,0 
-103.514643,43.824248,0 
-103.513784,43.824558,0 
-103.512583,43.824248,0 
-103.511381,43.824991,0 
-103.509407,43.825115,0 
-103.508463,43.825611,0 
-103.506231,43.825858,0 
-103.505287,43.825239,0 
-103.502626,43.824929,0 
-103.499708,43.825796,0 
-103.498421,43.825301,0 
-103.496704,43.825487,0 
-103.495846,43.82431,0 
-103.491898,43.823505,0 
-103.491211,43.8227,0 
-103.490868,43.82078,0 
-103.490009,43.819666,0 
-103.489151,43.820037,0 
-103.488207,43.821028,0 
-103.487263,43.821028,0 
-103.48546,43.820719,0 
-103.484001,43.820904,0 
-103.483143,43.821152,0 
-103.482542,43.820657,0 
-103.482542,43.819728,0 
-103.482885,43.818799,0 
-103.482456,43.818117,0 
-103.478508,43.817374,0 
-103.477049,43.817622,0 
-103.476191,43.817127,0 
-103.475847,43.817127,0 
-103.475676,43.81787,0 
-103.471298,43.818737,0 
-103.468466,43.817932,0 
-103.467007,43.81787,0 
-103.465977,43.818179,0 
-103.464861,43.817932,0 
-103.463659,43.817003,0 
-103.462286,43.815888,0 
-103.462372,43.814959,0 
-103.461771,43.81434,0 
-103.46117,43.813411,0 
-103.459969,43.812482,0 
-103.456106,43.81242,0 
-103.455591,43.812296,0 
-103.454819,43.811243,0 
-103.453274,43.811367,0 
-103.452845,43.810747,0 
-103.45439,43.809013,0 
-103.454475,43.808208,0 
-103.452673,43.806845,0 
-103.452501,43.80573,0 
-103.450699,43.804677,0 
-103.450441,43.803996,0 
-103.450871,43.803562,0 
-103.450613,43.803005,0 
-103.449497,43.802819,0 
-103.447952,43.802819,0 
-103.447523,43.802385,0 
-103.446493,43.802323,0 
-103.446407,43.801828,0 
-103.446407,43.801084,0 
-103.446064,43.800341,0 
-103.444862,43.799597,0 
-103.444262,43.799597,0 
-103.444004,43.799907,0 
-103.443317,43.801766,0 
-103.442631,43.802385,0 
-103.440313,43.802447,0 
-103.439026,43.802137,0 
-103.437481,43.802261,0 
-103.43688,43.803252,0 
-103.436279,43.8035,0 
-103.435335,43.803128,0 
-103.434906,43.802509,0 
-103.435078,43.80158,0 
-103.434992,43.80096,0 
-103.435335,43.800713,0 
-103.436193,43.801022,0 
-103.43688,43.800713,0 
-103.437223,43.800217,0 
-103.437653,43.799907,0 
-103.438683,43.799721,0 
-103.438425,43.799288,0 
-103.437996,43.798792,0 
-103.439713,43.798482,0 
-103.443489,43.794455,0 
-103.443832,43.792783,0 
-103.444777,43.791358,0 
-103.444691,43.790676,0 
-103.446236,43.79018,0 
-103.446236,43.789189,0 
-103.447008,43.788074,0 
-103.448296,43.785843,0 
-103.448811,43.785099,0 
-103.448811,43.784356,0 
-103.450356,43.781877,0 
-103.450356,43.780886,0 
-103.449669,43.780204,0 
-103.449326,43.779336,0 
-103.451128,43.777911,0 
-103.453703,43.773945,0 
-103.454647,43.772767,0 
-103.455076,43.769296,0 
-103.457222,43.768057,0 
-103.457222,43.767809,0 
-103.460655,43.766631,0 
-103.462543,43.765144,0 
-103.462887,43.764152,0 
-103.462715,43.763036,0 
-103.463144,43.761982,0 
-103.464088,43.761858,0 
-103.465891,43.762478,0 
-103.466578,43.762106,0 
-103.467607,43.761672,0 
-103.469925,43.762664,0 
-103.475933,43.761052,0 
-103.479452,43.760866,0 
-103.482027,43.760246,0 
-103.48177,43.756775,0 
-103.482285,43.755597,0 
-103.481083,43.754357,0 
-103.483057,43.752187,0 
-103.482628,43.751443,0 
-103.477564,43.752993,0 
-103.476534,43.752869,0 
-103.475676,43.752249,0 
-103.475075,43.751691,0 
-103.474817,43.750265,0 
-103.475418,43.749025,0 
-103.47559,43.747599,0 
-103.476019,43.747165,0 
-103.475933,43.746421,0 
-103.475761,43.745367,0 
-103.476105,43.744561,0 
-103.475676,43.743569,0 
-103.475933,43.742391,0 
-103.47971,43.73929,0 
-103.48134,43.737554,0 
-103.484259,43.736748,0 
-103.484173,43.735507,0 
-103.485031,43.733709,0 
-103.484945,43.732654,0 
-103.485546,43.731848,0 
-103.486319,43.730794,0 
-103.487778,43.730546,0 
-103.489838,43.729801,0 
-103.491125,43.729801,0 
-103.491812,43.728127,0 
-103.492928,43.726018,0 
-103.49267,43.725646,0 
-103.491125,43.724902,0 
-103.490782,43.724405,0 
-103.491039,43.721924,0 
-103.488722,43.718016,0 
-103.488894,43.716341,0 
-103.488636,43.715411,0 
-103.488035,43.714914,0 
-103.487091,43.714914,0 
-103.4834,43.716837,0 
-103.482285,43.716527,0 
-103.479881,43.715659,0 
-103.479538,43.71448,0 
-103.478937,43.713239,0 
-103.479881,43.711564,0 
-103.478079,43.709889,0 
-103.477564,43.709021,0 
-103.47928,43.699899,0 
-103.479023,43.698845,0 
-103.476019,43.69419,0 
-103.474731,43.693818,0 
-103.473444,43.691584,0 
-103.471727,43.690901,0 
-103.471212,43.689412,0 
-103.469152,43.688046,0 
-103.468294,43.68606,0 
-103.467093,43.684943,0 
-103.466921,43.684384,0 
-103.468552,43.681963,0 
-103.468895,43.680908,0 
-103.468637,43.679481,0 
-103.470097,43.677246,0 
-103.470697,43.676563,0 
-103.470697,43.67588,0 
-103.469324,43.675259,0 
-103.467951,43.671721,0 
-103.468122,43.670293,0 
-103.469238,43.668244,0 
-103.469238,43.666319,0 
-103.468122,43.665078,0 
-103.468466,43.660855,0 
-103.467178,43.658682,0 
-103.466835,43.657068,0 
-103.46426,43.655577,0 
-103.460741,43.649429,0 
-103.460655,43.640672,0 
-103.461428,43.639926,0 
-103.463058,43.639305,0 
-103.469753,43.63974,0 
-103.472242,43.639429,0 
-103.47765,43.636696,0 
-103.479366,43.636324,0 
-103.482971,43.636324,0 
-103.48546,43.635702,0 
-103.488293,43.632721,0 
-103.490267,43.627005,0 
-103.490524,43.623153,0 
-103.492584,43.619984,0 
-103.492584,43.617809,0 
-103.492584,43.615448,0 
-103.493271,43.61433,0 
-103.492928,43.612962,0 
-103.492584,43.610228,0 
-103.493614,43.608737,0 
-103.493443,43.607991,0 
-103.49267,43.607804,0 
-103.491983,43.606499,0 
-103.491383,43.605008,0 
-103.490524,43.603392,0 
-103.489666,43.602646,0 
-103.490009,43.6019,0 
-103.491039,43.601154,0 
-103.492069,43.600968,0 
-103.493099,43.601279,0 
-103.494816,43.60103,0 
-103.493786,43.600906,0 
-103.492756,43.600284,0 
-103.491898,43.599787,0 
-103.490868,43.598668,0 
-103.491211,43.598295,0 
-103.490868,43.597425,0 
-103.490868,43.596803,0 
-103.490181,43.595684,0 
-103.488894,43.594503,0 
-103.488808,43.593509,0 
-103.489151,43.592887,0 
-103.488464,43.59239,0 
-103.486834,43.592203,0 
-103.486404,43.591582,0 
-103.487177,43.589965,0 
-103.486748,43.588722,0 
-103.485975,43.587914,0 
-103.486662,43.586919,0 
-103.485889,43.586235,0 
-103.485889,43.585613,0 
-103.487005,43.584992,0 
-103.488293,43.58524,0 
-103.489065,43.585054,0 
-103.488979,43.58437,0 
-103.489408,43.58381,0 
-103.489923,43.583375,0 
-103.491812,43.582629,0 
-103.491468,43.581261,0 
-103.489494,43.580515,0 
-103.485718,43.580577,0 
-103.485031,43.581199,0 
-103.484602,43.581199,0 
-103.484516,43.580453,0 
-103.485718,43.579707,0 
-103.486233,43.578215,0 
-103.487005,43.57722,0 
-103.487606,43.574857,0 
-103.487263,43.573302,0 
-103.486748,43.572432,0 
-103.48237,43.569509,0 
-103.48237,43.569011,0 
-103.482542,43.568763,0 
-103.48134,43.568016,0 
-103.480053,43.565715,0 
-103.480997,43.564969,0 
-103.478851,43.55962,0 
-103.478851,43.558874,0 
-103.47971,43.558003,0 
-103.477821,43.555391,0 
-103.47765,43.554333,0 
-103.474388,43.554893,0 
-103.473358,43.55452,0 
-103.472071,43.554084,0 
-103.470869,43.554582,0 
-103.466921,43.554644,0 
-103.467007,43.555764,0 
-103.468981,43.556946,0 
-103.470011,43.557692,0 
-103.470783,43.559372,0 
-103.471727,43.560305,0 
-103.472843,43.562233,0 
-103.475246,43.56329,0 
-103.476448,43.563974,0 
-103.479624,43.567395,0 
-103.481855,43.569074,0 
-103.482456,43.56926,0 
-103.485031,43.571001,0 
-103.487434,43.572929,0 
-103.487177,43.5738,0 
-103.487606,43.574919,0 
-103.487005,43.577406,0 
-103.485632,43.579023,0 
-103.48546,43.58008,0 
-103.484859,43.580515,0 
-103.484602,43.581013,0 
-103.484945,43.581137,0 
-103.485804,43.580515,0 
-103.489408,43.580453,0 
-103.491297,43.581323,0 
-103.491898,43.582691,0 
-103.490438,43.58294,0 
-103.489494,43.58381,0 
-103.488808,43.58437,0 
-103.489151,43.585365,0 
-103.487263,43.584805,0 
-103.486576,43.58493,0 
-103.485718,43.586049,0 
-103.485975,43.586546,0 
-103.486748,43.587043,0 
-103.485975,43.587789,0 
-103.487091,43.589592,0 
-103.486319,43.592017,0 
-103.486919,43.592452,0 
-103.489065,43.592576,0 
-103.489065,43.59326,0 
-103.488894,43.594317,0 
-103.490782,43.596368,0 
-103.49061,43.597673,0 
-103.491383,43.597984,0 
-103.491211,43.599103,0 
-103.494558,43.601216,0 
-103.494816,43.601341,0 
-103.494558,43.600843,0 
-103.493013,43.601527,0 
-103.492069,43.600843,0 
-103.490438,43.601216,0 
-103.489666,43.602584,0 
-103.491039,43.604075,0 
-103.492241,43.606313,0 
-103.492498,43.607804,0 
-103.493443,43.608799,0 
-103.493013,43.609482,0 
-103.492327,43.610228,0 
-103.492756,43.612962,0 
-103.493357,43.614205,0 
-103.493099,43.615137,0 
-103.492498,43.618244,0 
-103.492756,43.619674,0 
-103.492327,43.620606,0 
-103.490524,43.623153,0 
-103.490353,43.626943,0 
-103.487949,43.632907,0 
-103.485546,43.635702,0 
-103.483229,43.636262,0 
-103.477907,43.636634,0 
-103.473358,43.638933,0 
-103.47044,43.63974,0 
-103.4622,43.639554,0 
-103.460741,43.640485,0 
-103.460827,43.649243,0 
-103.461514,43.6521,0 
-103.46426,43.655764,0 
-103.466921,43.657316,0 
-103.467093,43.658496,0 
-103.468294,43.660421,0 
-103.468208,43.665078,0 
-103.469238,43.666506,0 
-103.469238,43.668492,0 
-103.467865,43.670914,0 
-103.469324,43.675259,0 
-103.470783,43.676253,0 
-103.470268,43.677742,0 
-103.468552,43.679605,0 
-103.468895,43.681777,0 
-103.466921,43.68457,0 
-103.467522,43.685439,0 
-103.468809,43.687053,0 
-103.468981,43.688108,0 
-103.471298,43.689474,0 
-103.471642,43.690653,0 
-103.473444,43.691708,0 
-103.47456,43.693756,0 
-103.476191,43.694314,0 
-103.479366,43.699527,0 
-103.478165,43.705546,0 
-103.476191,43.705422,0 
-103.47353,43.70567,0 
-103.472071,43.705298,0 
-103.467178,43.702319,0 
-103.465805,43.700644,0 
-103.465462,43.699031,0 
-103.464603,43.6963,0 
-103.464603,43.694873,0 
-103.463573,43.693632,0 
-103.461599,43.692949,0 
-103.460999,43.692018,0 
-103.458424,43.690901,0 
-103.445721,43.680846,0 
-103.443575,43.679543,0 
-103.442287,43.675818,0 
-103.438854,43.673273,0 
-103.433704,43.665885,0 
-103.431902,43.665264,0 
-103.429241,43.662967,0 
-103.42804,43.662967,0 
-103.42658,43.661911,0 
-103.424435,43.661414,0 
-103.422461,43.660607,0 
-103.421087,43.661414,0 
-103.421173,43.661911,0 
-103.421087,43.662222,0 
-103.420658,43.661787,0 
-103.42083,43.660359,0 
-103.419285,43.660669,0 
-103.419628,43.661663,0 
-103.419371,43.662222,0 
-103.419285,43.661725,0 
-103.417311,43.660359,0 
-103.416624,43.658993,0 
-103.412075,43.658372,0 
-103.408642,43.655702,0 
-103.406668,43.65477,0 
-103.406067,43.651727,0 
-103.404951,43.65005,0 
-103.40229,43.649491,0 
-103.40066,43.649802,0 
-103.39757,43.648808,0 
-103.396883,43.648436,0 
-103.391733,43.647566,0 
-103.388729,43.646386,0 
-103.387184,43.646448,0 
-103.383579,43.644958,0 
-103.382893,43.643529,0 
-103.381605,43.643032,0 
-103.37903,43.642908,0 
-103.377485,43.640858,0 
-103.375511,43.640299,0 
-103.372507,43.640361,0 
-103.37019,43.64061,0 
-103.369331,43.640485,0 
-103.367443,43.64092,0 
-103.367443,43.641728,0 
-103.361263,43.645454,0 
-103.361349,43.647752,0 
-103.361521,43.649553,0 
-103.361177,43.651913,0 
-103.363066,43.654708,0 
-103.363924,43.664891,0 
-103.363495,43.666257,0 
-103.363323,43.667685,0 
-103.362808,43.668492,0 
-103.362894,43.670107,0 
-103.362036,43.672528,0 
-103.360491,43.673397,0 
-103.359804,43.674763,0 
-103.360147,43.676128,0 
-103.359118,43.676066,0 
-103.357573,43.675818,0 
-103.355255,43.677556,0 
-103.356285,43.680101,0 
-103.355255,43.682336,0 
-103.352938,43.684446,0 
-103.350191,43.685688,0 
-103.350019,43.686991,0 
-103.348389,43.687239,0 
-103.346157,43.687301,0 
-103.347273,43.690032,0 
-103.346844,43.690839,0 
-103.34547,43.691025,0 
-103.345041,43.691584,0 
-103.34178,43.692266,0 
-103.339977,43.693818,0 
-103.340578,43.695431,0 
-103.340149,43.696548,0 
-103.340321,43.697169,0 
-103.33972,43.698038,0 
-103.339291,43.700706,0 
-103.339119,43.703312,0 
-103.339376,43.704429,0 
-103.340836,43.707283,0 
-103.340836,43.709455,0 
-103.34281,43.713239,0 
-103.344011,43.714232,0 
-103.344355,43.716279,0 
-103.346243,43.718574,0 
-103.345985,43.719319,0 
-103.345728,43.720497,0 
-103.351908,43.731352,0 
-103.355083,43.73284,0 
-103.356113,43.734453,0 
-103.357229,43.736127,0 
-103.358946,43.737802,0 
-103.359118,43.744623,0 
-103.359804,43.747041,0 
-103.360662,43.748405,0 
-103.362207,43.749521,0 
-103.362637,43.751133,0 
-103.364525,43.752621,0 
-103.367529,43.753675,0 
-103.369503,43.756837,0 
-103.369761,43.757581,0 
-103.369589,43.759007,0 
-103.370275,43.760123,0 
-103.368387,43.76037,0 
-103.367443,43.760928,0 
-103.364439,43.760556,0 
-103.362808,43.76068,0 
-103.359804,43.761796,0 
-103.358088,43.761982,0 
-103.357744,43.762416,0 
-103.358173,43.763408,0 
-103.3568,43.764586,0 
-103.355169,43.765144,0 
-103.35474,43.766073,0 
-103.353024,43.766197,0 
-103.351822,43.765391,0 
-103.35062,43.765206,0 
-103.349247,43.765949,0 
-103.345041,43.765453,0 
-103.343496,43.765329,0 
-103.342981,43.766631,0 
-103.342037,43.770288,0 
-103.338776,43.773015,0 
-103.33766,43.773077,0 
-103.333626,43.771714,0 
-103.331738,43.772891,0 
-103.331137,43.774627,0 
-103.328991,43.775246,0 
-103.325901,43.774874,0 
-103.322039,43.778159,0 
-103.320837,43.780142,0 
-103.31809,43.78132,0 
-103.308306,43.781567,0 
-103.305645,43.782187,0 
-103.303499,43.783179,0 
-103.301868,43.785037,0 
-103.296461,43.786463,0 
-103.293285,43.788817,0 
-103.29114,43.789189,0 
-103.287363,43.791543,0 
-103.2829,43.79904,0 
-103.281527,43.800341,0 
-103.2726,43.804553,0 
-103.269253,43.808394,0 
-103.265991,43.80957,0 
-103.264103,43.811367,0 
-103.260584,43.812729,0 
-103.256979,43.814278,0 
-103.255434,43.81564,0 
-103.252001,43.816136,0 
-103.248653,43.817746,0 
-103.247709,43.817746,0 
-103.247023,43.816507,0 
-103.245821,43.814897,0 
-103.244705,43.815207,0 
-103.24316,43.816755,0 
-103.238611,43.817994,0 
-103.236122,43.815702,0 
-103.234749,43.815578,0 
-103.231401,43.816879,0 
-103.22505,43.817127,0 
-103.220415,43.819046,0 
-103.21887,43.820719,0 
-103.21887,43.823629,0 
-103.217669,43.824929,0 
-103.21578,43.825425,0 
-103.199644,43.825363,0 
-103.199816,43.823629,0 
-103.201189,43.819046,0 
-103.202219,43.817065,0 
-103.204021,43.817127,0 
</coordinates>
</LineString>
</Placemark>

<Placemark><name>day 169</name>
<description>To Deadwood</description>
<styleUrl>#linecolor</styleUrl>
<LineString>
<tessellate>1</tessellate>
<altitudeMode>clampToGround</altitudeMode>
<coordinates>
-103.203506,43.819666,0 
-103.201103,43.819913,0 
-103.199387,43.825115,0 
-103.199043,43.933753,0 
-103.19767,43.936473,0 
-103.189774,43.944878,0 
-103.183937,43.970087,0 
-103.182907,43.973793,0 
-103.18119,43.976016,0 
-103.179817,43.993061,0 
-103.182564,44.007879,0 
-103.191147,44.0222,0 
-103.19149,44.02689,0 
-103.190804,44.039478,0 
-103.192177,44.087338,0 
-103.182907,44.093257,0 
-103.179817,44.099421,0 
-103.183937,44.099667,0 
-103.195953,44.104845,0 
-103.232689,44.105338,0 
-103.251228,44.106324,0 
-103.264961,44.109528,0 
-103.274574,44.117416,0 
-103.276978,44.129246,0 
-103.276978,44.131464,0 
-103.29277,44.138856,0 
-103.295517,44.14132,0 
-103.305817,44.159056,0 
-103.314743,44.164967,0 
-103.319206,44.168661,0 
-103.319206,44.172109,0 
-103.345985,44.195251,0 
-103.368645,44.219123,0 
-103.378944,44.225274,0 
-103.384094,44.228227,0 
-103.395424,44.241756,0 
-103.42598,44.286257,0 
-103.432846,44.299036,0 
-103.434219,44.302967,0 
-103.436279,44.315988,0 
-103.434906,44.326059,0 
-103.447266,44.344476,0 
-103.467522,44.36706,0 
-103.480568,44.377613,0 
-103.486404,44.386692,0 
-103.490524,44.389636,0 
-103.502884,44.394788,0 
-103.515587,44.398712,0 
-103.531723,44.419314,0 
-103.535156,44.42005,0 
-103.573608,44.429122,0 
-103.587341,44.442114,0 
-103.603134,44.453879,0 
-103.62339,44.462701,0 
-103.641586,44.475196,0 
-103.646049,44.476421,0 
-103.677979,44.479361,0 
-103.699265,44.486709,0 
-103.717461,44.488423,0 
-103.741064,44.478687,0 
-103.723984,44.46074,0 
-103.719778,44.451367,0 
-103.716774,44.441624,0 
-103.714714,44.430348,0 
-103.718147,44.424463,0 
-103.719091,44.423483,0 
-103.717461,44.417352,0 
-103.712654,44.415881,0 
-103.711538,44.41441,0 
-103.711624,44.412938,0 
-103.717804,44.409259,0 
-103.719006,44.408401,0 
-103.719349,44.405887,0 
-103.720293,44.403618,0 
-103.720379,44.399939,0 
-103.714027,44.395523,0 
-103.708878,44.393806,0 
-103.707504,44.392457,0 
-103.707848,44.390862,0 
-103.710337,44.389513,0 
-103.716431,44.386937,0 
-103.721581,44.384729,0 
-103.724327,44.380557,0 
-103.72879,44.378104,0 
-103.731022,44.37614,0 
-103.732481,44.374668,0 
-103.731709,44.374239,0 
-103.730764,44.375036,0 
-103.728876,44.374852,0 
-103.727503,44.372521,0 
-103.726816,44.372337,0 
-103.724842,44.373625,0 
-103.723555,44.374361,0 
-103.723984,44.375036,0 
-103.725529,44.375036,0 
-103.726816,44.375282,0 
-103.726559,44.374484,0 
-103.725014,44.372521,0 
-103.72613,44.371785,0 
-103.726044,44.371539,0 
-103.726988,44.371232,0 
-103.727674,44.370496,0 
-103.728189,44.370005,0 
-103.730421,44.369269,0 
-103.73291,44.369269,0 
-103.734198,44.369024,0 
-103.734798,44.368287,0 
-103.734627,44.36749,0 
-103.733082,44.366201,0 
-103.732824,44.365342,0 
-103.733511,44.364299,0 
-103.736773,44.363747,0 
-103.739347,44.361906,0 
-103.737888,44.360065,0 
-103.738146,44.359574,0 
-103.739262,44.359083,0 
-103.741579,44.357917,0 
-103.743725,44.357181,0 
-103.744583,44.356076,0 
-103.744926,44.355953,0 
-103.747158,44.355646,0 
-103.749132,44.355094,0 
-103.749819,44.355278,0 
-103.750935,44.355646,0 
-103.752823,44.355708,0 
-103.754711,44.35534,0 
-103.757029,44.354603,0 
-103.758659,44.353928,0 
-103.759604,44.353253,0 
-103.759775,44.352701,0 
-103.760548,44.352148,0 
-103.762522,44.351534,0 
-103.763809,44.351596,0 
-103.765097,44.352148,0 
-103.766127,44.352271,0 
-103.76853,44.352148,0 
-103.772135,44.351596,0 
-103.774195,44.350368,0 
-103.774538,44.349325,0 
-103.776598,44.34865,0 
-103.775911,44.351289,0 
-103.77634,44.351289,0 
-103.776083,44.35043,0 
-103.77677,44.348527,0 
-103.774538,44.349448,0 
-103.774109,44.350307,0 
-103.771448,44.351473,0 
-103.768959,44.352025,0 
-103.767071,44.35178,0 
-103.765097,44.352087,0 
-103.76338,44.351657,0 
-103.76029,44.352394,0 
-103.759089,44.353621,0 
-103.756256,44.354726,0 
-103.754025,44.355708,0 
-103.752394,44.355892,0 
-103.751621,44.355708,0 
-103.750591,44.355585,0 
-103.749218,44.355033,0 
-103.747673,44.35534,0 
-103.745956,44.355708,0 
-103.745012,44.355708,0 
-103.743639,44.357181,0 
-103.739862,44.358838,0 
-103.738146,44.359451,0 
-103.737803,44.360126,0 
-103.739433,44.36209,0 
-103.738918,44.362581,0 
-103.736773,44.363869,0 
-103.735399,44.363992,0 
-103.733683,44.36436,0 
-103.732996,44.365465,0 
-103.733425,44.366447,0 
-103.734884,44.368103,0 
-103.734798,44.368533,0 
-103.733339,44.369392,0 
-103.731365,44.369453,0 
-103.729134,44.369637,0 
-103.728275,44.370067,0 
-103.726988,44.371478,0 
-103.728962,44.374852,0 
-103.728876,44.377306,0 
-103.728361,44.377797,0 
-103.727503,44.378778,0 
-103.725786,44.379515,0 
-103.724585,44.379699,0 
-103.724155,44.380128,0 
-103.722267,44.383441,0 
-103.721409,44.384238,0 
-103.719521,44.385465,0 
-103.718748,44.386078,0 
-103.716173,44.387428,0 
-103.713512,44.387734,0 
-103.712826,44.388041,0 
-103.712826,44.388409,0 
-103.712139,44.388716,0 
-103.709393,44.38982,0 
-103.707848,44.39074,0 
-103.707504,44.392334,0 
-103.707933,44.393316,0 
-103.711538,44.394726,0 
-103.713341,44.395523,0 
-103.720207,44.399755,0 
-103.720636,44.40092,0 
-103.720465,44.402208,0 
-103.718834,44.406929,0 
-103.718662,44.408769,0 
-103.717632,44.409382,0 
-103.712225,44.412202,0 
-103.711624,44.413061,0 
-103.711452,44.414164,0 
-103.71171,44.415268,0 
-103.712654,44.415881,0 
-103.716259,44.417107,0 
-103.717375,44.41772,0 
-103.718061,44.419375,0 
-103.719006,44.423605,0 
-103.718147,44.424831,0 
-103.715401,44.428448,0 
-103.714886,44.430164,0 
-103.715143,44.431635,0 
-103.717976,44.445852,0 
-103.718662,44.448426,0 
-103.719349,44.450387,0 
-103.722696,44.458903,0 
-103.724155,44.461353,0 
-103.726301,44.463436,0 
-103.741837,44.479544,0 
-103.742609,44.479238,0 
-103.745012,44.477217,0 
-103.74836,44.475931,0 
-103.752222,44.475441,0 
-103.783207,44.47538,0 
-103.80827,44.477156,0 
-103.814793,44.477401,0 
-103.823891,44.478503,0 
-103.8311,44.481075,0 
-103.837967,44.484811,0 
-103.839941,44.486035,0 
-103.844748,44.490566,0 
-103.846121,44.492771,0 
-103.847151,44.493628,0 
-103.849297,44.492771,0 
-103.850198,44.492403,0 
-103.8623,44.49072,0 
-103.860197,44.482943,0 
-103.859682,44.480555,0 
-103.858094,44.479483,0 
</coordinates>
</LineString>
</Placemark>

<Placemark><name>day 170</name>
<description>to devils tower</description>
<styleUrl>#linecolor</styleUrl>
<LineString>
<tessellate>1</tessellate>
<altitudeMode>clampToGround</altitudeMode>
<coordinates>
-103.859425,44.480157,0 
-103.862085,44.490689,0 
-103.850756,44.492281,0 
-103.849897,44.492403,0 
-103.847151,44.493811,0 
-103.848524,44.494914,0 
-103.851185,44.496689,0 
-103.85582,44.501158,0 
-103.857622,44.505198,0 
-103.860025,44.515053,0 
-103.861055,44.517807,0 
-103.863459,44.519643,0 
-103.868523,44.520683,0 
-103.891096,44.522397,0 
-103.901825,44.523192,0 
-103.926544,44.522947,0 
-103.939934,44.524906,0 
-103.964996,44.54375,0 
-103.982162,44.54791,0 
-103.993149,44.546197,0 
-104.038467,44.546441,0 
-104.043617,44.545218,0 
-104.055634,44.542282,0 
-104.115372,44.544484,0 
-104.155884,44.53543,0 
-104.164467,44.534696,0 
-104.186783,44.532004,0 
-104.199829,44.529067,0 
-104.213562,44.52001,0 
-104.218369,44.514869,0 
-104.225922,44.49724,0 
-104.241028,44.477646,0 
-104.27124,44.45731,0 
-104.283257,44.444566,0 
-104.346085,44.413919,0 
-104.357758,44.40509,0 
-104.376297,44.397486,0 
-104.392433,44.396995,0 
-104.39827,44.39258,0 
-104.431229,44.397486,0 
-104.441185,44.401901,0 
-104.447708,44.399939,0 
-104.448738,44.399939,0 
-104.453201,44.404109,0 
-104.459038,44.406071,0 
-104.467621,44.402392,0 
-104.485474,44.41024,0 
-104.488564,44.409995,0 
-104.49852,44.403373,0 
-104.50676,44.403128,0 
-104.511223,44.402392,0 
-104.518089,44.401165,0 
-104.527702,44.401411,0 
-104.535942,44.399694,0 
-104.558945,44.401411,0 
-104.562378,44.401411,0 
-104.570618,44.400184,0 
-104.577827,44.402637,0 
-104.581947,44.408278,0 
-104.582291,44.412448,0 
-104.586411,44.413429,0 
-104.589844,44.413429,0 
-104.601173,44.424463,0 
-104.603577,44.425689,0 
-104.607353,44.425689,0 
-104.614906,44.430838,0 
-104.614906,44.43476,0 
-104.633102,44.447507,0 
-104.640656,44.452899,0 
-104.642372,44.45682,0 
-104.645462,44.45878,0 
-104.645462,44.461231,0 
-104.643745,44.465151,0 
-104.647865,44.471276,0 
-104.648895,44.475441,0 
-104.651642,44.483525,0 
-104.662285,44.487444,0 
-104.666405,44.490873,0 
-104.669151,44.493077,0 
-104.678078,44.496505,0 
-104.683228,44.500668,0 
-104.689407,44.503117,0 
-104.690781,44.508749,0 
-104.694214,44.512421,0 
-104.693871,44.514135,0 
-104.689064,44.518296,0 
-104.689407,44.523682,0 
-104.682541,44.528088,0 
-104.677391,44.542526,0 
-104.678078,44.547175,0 
-104.681511,44.553292,0 
-104.688721,44.563811,0 
-104.691467,44.571088,0 
-104.694386,44.5739,0 
-104.696617,44.578975,0 
-104.696274,44.581665,0 
-104.69533,44.582154,0 
-104.696703,44.583254,0 
-104.696789,44.585944,0 
-104.696789,44.587717,0 
-104.69902,44.588939,0 
-104.702797,44.589795,0 
-104.704599,44.589306,0 
-104.707088,44.586494,0 
-104.709749,44.584599,0 
-104.713011,44.583927,0 
-104.716873,44.58356,0 
-104.719706,44.582826,0 
-104.723053,44.583132,0 
-104.725971,44.585883,0 
-104.725971,44.587655,0 
-104.725971,44.589,0 
-104.724941,44.591751,0 
-104.724941,44.593951,0 
-104.724169,44.595357,0 
-104.720564,44.59554,0 
-104.719276,44.59499,0 
-104.718933,44.593829,0 
-104.719877,44.592423,0 
-104.720049,44.591078,0 
-104.718761,44.591476,0 
-104.716616,44.594379,0 
-104.71417,44.597374,0 
-104.708548,44.597282,0 
-104.706144,44.59441,0 
-104.706273,44.59114,0 
-104.709148,44.589734,0 
-104.7155,44.588725,0 
-104.719663,44.590162,0 
-104.720349,44.590864,0 
-104.719791,44.591812,0 
-104.719748,44.593004,0 
-104.718933,44.594562,0 
-104.719319,44.595235,0 
-104.722023,44.595143,0 
-104.723825,44.595143,0 
-104.725113,44.59441,0 
-104.724727,44.592179,0 
-104.725242,44.590162,0 
-104.725842,44.588664,0 
-104.725757,44.586097,0 
-104.723268,44.583132,0 
-104.718847,44.582948,0 
-104.715886,44.583927,0 
-104.710264,44.584354,0 
-104.706101,44.58735,0 
-104.704556,44.589153,0 
-104.703441,44.589825,0 
-104.700823,44.589245,0 
-104.698634,44.588909,0 
-104.698935,44.589611,0 
-104.699407,44.590681,0 
-104.697647,44.590864,0 
-104.697819,44.590284,0 
-104.69799,44.589825,0 
</coordinates>
</LineString>
</Placemark>

<Placemark><name>day 171</name>
<description>Into Montana</description>
<styleUrl>#linecolor</styleUrl>
<LineString>
<tessellate>1</tessellate>
<altitudeMode>clampToGround</altitudeMode>
<coordinates>
-104.698849,44.590345,0 
-104.698849,44.588878,0 
-104.696789,44.5879,0 
-104.696789,44.586311,0 
-104.696789,44.582887,0 
-104.69593,44.582154,0 
-104.680824,44.592301,0 
-104.679794,44.595112,0 
-104.682884,44.604768,0 
-104.682541,44.621998,0 
-104.679794,44.625419,0 
-104.671898,44.629573,0 
-104.651985,44.630062,0 
-104.648895,44.632261,0 
-104.647865,44.636658,0 
-104.643059,44.63959,0 
-104.636536,44.642521,0 
-104.630356,44.648384,0 
-104.629669,44.65278,0 
-104.618683,44.663525,0 
-104.61731,44.665723,0 
-104.600487,44.675733,0 
-104.601173,44.678663,0 
-104.60392,44.678663,0 
-104.609413,44.681104,0 
-104.614563,44.681104,0 
-104.624863,44.687206,0 
-104.623146,44.693796,0 
-104.627266,44.699654,0 
-104.628639,44.70551,0 
-104.631729,44.71039,0 
-104.631386,44.71527,0 
-104.637566,44.724296,0 
-104.637566,44.727223,0 
-104.635849,44.727955,0 
-104.626579,44.731613,0 
-104.624176,44.73454,0 
-104.624176,44.741856,0 
-104.612846,44.746489,0 
-104.611473,44.748684,0 
-104.61319,44.752097,0 
-104.612503,44.753804,0 
-104.608727,44.757217,0 
-104.608727,44.76063,0 
-104.619026,44.776961,0 
-104.619026,44.778911,0 
-104.61628,44.784759,0 
-104.61834,44.788658,0 
-104.619713,44.791582,0 
-104.620056,44.821786,0 
-104.613876,44.830309,0 
-104.60186,44.836882,0 
-104.600143,44.840534,0 
-104.598427,44.84662,0 
-104.59259,44.850514,0 
-104.568558,44.852948,0 
-104.556541,44.856356,0 
-104.551048,44.859763,0 
-104.541779,44.861953,0 
-104.533882,44.865846,0 
-104.526672,44.866333,0 
-104.520149,44.86901,0 
-104.517059,44.886039,0 
-104.516373,44.893336,0 
-104.514313,44.895282,0 
-104.511566,44.895525,0 
-104.489594,44.896012,0 
-104.486504,44.897471,0 
-104.485817,44.905253,0 
-104.476891,44.917653,0 
-104.474144,44.9213,0 
-104.472084,44.922515,0 
-104.462128,44.926161,0 
-104.456978,44.935884,0 
-104.454231,44.939772,0 
-104.449081,44.945118,0 
-104.433289,44.960911,0 
-104.428825,44.972814,0 
-104.422302,44.979371,0 
-104.421272,44.982528,0 
-104.419212,44.98787,0 
-104.411316,44.998553,0 
-104.408913,45.015059,0 
-104.409599,45.016515,0 
-104.406853,45.02234,0 
-104.455605,45.050483,0 
-104.543495,45.092429,0 
-104.661942,45.126351,0 
-104.710693,45.1496,0 
-104.801674,45.180585,0 
-104.875832,45.217599,0 
-104.886131,45.220743,0 
-104.929047,45.227513,0 
-104.948273,45.230899,0 
-104.957199,45.234042,0 
-105.046806,45.276578,0 
-105.066032,45.289139,0 
-105.072212,45.291071,0 
-105.082855,45.293969,0 
-105.15667,45.32053,0 
-105.166283,45.321979,0 
-105.190659,45.332116,0 
-105.219154,45.341287,0 
-105.241814,45.346837,0 
-105.280609,45.368067,0 
-105.310822,45.376267,0 
-105.315628,45.378437,0 
-105.343094,45.392905,0 
-105.35614,45.397486,0 
-105.377426,45.40761,0 
-105.407295,45.430985,0 
-105.408325,45.435563,0 
-105.409012,45.443272,0 
-105.421715,45.443272,0 
-105.451927,45.462057,0 
-105.458794,45.464947,0 
-105.502396,45.474818,0 
-105.508575,45.47554,0 
-105.532265,45.473374,0 
-105.539474,45.473855,0 
-105.601616,45.480355,0 
-105.668221,45.495518,0 
-105.764694,45.52896,0 
-105.766068,45.529441,0 
-105.774994,45.530403,0 
-105.782204,45.530884,0 
-105.799026,45.534732,0 
-105.846062,45.546034,0 
-105.877991,45.551083,0 
-105.882797,45.552766,0 
-105.921593,45.551564,0 
-105.931892,45.5494,0 
-105.982018,45.559978,0 
-106.003647,45.565746,0 
-106.0112,45.570073,0 
-106.032486,45.571755,0 
-106.045876,45.570553,0 
-106.072655,45.570073,0 
-106.089134,45.567189,0 
-106.117287,45.566468,0 
-106.124153,45.56815,0 
-106.200714,45.567669,0 
-106.204147,45.569592,0 
-106.208611,45.573678,0 
-106.230583,45.579445,0 
-106.248436,45.587374,0 
-106.262856,45.589296,0 
-106.273499,45.595543,0 
-106.299591,45.590978,0 
-106.300964,45.591939,0 
-106.313324,45.598185,0 
-106.361046,45.612596,0 
-106.369629,45.613797,0 
-106.379242,45.614518,0 
-106.383018,45.615478,0 
-106.390915,45.61836,0 
-106.409798,45.61932,0 
-106.412888,45.621241,0 
-106.432457,45.622442,0 
-106.44516,45.622922,0 
-106.455116,45.625083,0 
-106.464043,45.625083,0 
-106.473999,45.628685,0 
-106.474686,45.630365,0 
-106.491508,45.632046,0 
-106.507645,45.628445,0 
-106.526871,45.631566,0 
-106.537514,45.632526,0 
-106.54438,45.633726,0 
-106.575623,45.635167,0 
-106.587296,45.634687,0 
-106.597252,45.636847,0 
-106.612015,45.633246,0 
-106.629868,45.632526,0 
-106.666946,45.623162,0 
-106.677933,45.622682,0 
-106.689262,45.61788,0 
-106.694756,45.61836,0 
-106.702309,45.620761,0 
-106.714325,45.625323,0 
-106.722908,45.625323,0 
-106.734238,45.631566,0 
-106.739044,45.631806,0 
-106.743164,45.630125,0 
-106.758614,45.621722,0 
-106.788483,45.610195,0 
-106.821785,45.600587,0 
-106.838264,45.594822,0 
-106.846848,45.588576,0 
-106.877403,45.576561,0 
-106.893883,45.572716,0 
-106.949158,45.53882,0 
-106.958427,45.529922,0 
-106.962547,45.528479,0 
-107.037048,45.529441,0 
-107.055244,45.528238,0 
-107.106743,45.527517,0 
-107.132492,45.523668,0 
-107.151031,45.518376,0 
-107.155838,45.518376,0 
-107.163391,45.521263,0 
-107.19635,45.528719,0 
-107.212486,45.52439,0 
-107.215576,45.525111,0 
-107.222443,45.528238,0 
-107.226906,45.528238,0 
-107.231712,45.527757,0 
-107.268448,45.533289,0 
-107.281151,45.535694,0 
-107.297287,45.534251,0 
-107.301407,45.534972,0 
-107.334366,45.545793,0 
-107.339859,45.54964,0 
-107.357712,45.558535,0 
-107.441139,45.578244,0 
-107.442169,45.578244,0 
-107.432556,45.571034,0 
-107.427921,45.570734,0 
-107.424402,45.56809,0 
-107.421398,45.564965,0 
-107.419252,45.563884,0 
-107.419682,45.562562,0 
-107.420454,45.560759,0 
-107.4226,45.559857,0 
-107.422085,45.558535,0 
-107.422085,45.557333,0 
-107.422171,45.556732,0 
-107.420712,45.55517,0 
-107.420969,45.553487,0 
-107.418995,45.551804,0 
-107.41848,45.550121,0 
-107.417707,45.54964,0 
-107.413502,45.54934,0 
-107.411871,45.548679,0 
-107.410927,45.547597,0 
-107.406979,45.545072,0 
-107.404833,45.544591,0 
-107.404232,45.543749,0 
-107.404661,45.540503,0 
-107.404146,45.539481,0 
-107.403975,45.538399,0 
-107.401915,45.537437,0 
-107.399769,45.535213,0 
-107.399168,45.535093,0 
-107.397709,45.534732,0 
-107.396936,45.534792,0 
-107.395563,45.536115,0 
-107.394962,45.536055,0 
-107.393417,45.534311,0 
-107.392387,45.53383,0 
-107.39007,45.530162,0 
-107.389641,45.528659,0 
-107.388096,45.527216,0 
-107.386036,45.526675,0 
-107.38492,45.526194,0 
-107.383804,45.526134,0 
-107.380714,45.525232,0 
-107.378311,45.523548,0 
-107.37771,45.522466,0 
-107.377539,45.522165,0 
-107.37771,45.522405,0 
-107.378397,45.523488,0 
-107.380629,45.524991,0 
-107.384577,45.526254,0 
-107.385263,45.526254,0 
-107.388268,45.527336,0 
-107.390242,45.530403,0 
-107.392302,45.53377,0 
-107.393503,45.534612,0 
-107.394791,45.536055,0 
-107.395821,45.536055,0 
-107.396593,45.535032,0 
-107.397537,45.534732,0 
-107.399769,45.535093,0 
-107.4014,45.536776,0 
-107.401829,45.537618,0 
-107.403975,45.538519,0 
-107.404747,45.540624,0 
-107.404232,45.543749,0 
-107.40509,45.544591,0 
-107.406979,45.545312,0 
-107.411442,45.547897,0 
-107.412472,45.549039,0 
-107.414103,45.54928,0 
-107.417793,45.54964,0 
-107.419081,45.551864,0 
-107.420883,45.553547,0 
-107.420969,45.55523,0 
-107.422256,45.557033,0 
-107.422256,45.558655,0 
-107.4226,45.560218,0 
-107.420025,45.560999,0 
-107.419767,45.562682,0 
-107.418909,45.563223,0 
-107.41951,45.564124,0 
-107.421484,45.564545,0 
-107.422943,45.566528,0 
-107.423887,45.567309,0 
-107.425261,45.568571,0 
-107.42732,45.570073,0 
-107.427921,45.570734,0 
-107.430153,45.570373,0 
-107.432041,45.570914,0 
-107.434015,45.571995,0 
-107.441998,45.577763,0 
-107.441998,45.578664,0 
-107.448263,45.578904,0 
-107.448263,45.579325,0 
-107.448864,45.579986,0 
-107.450151,45.579986,0 
-107.44998,45.579385,0 
-107.44998,45.578724,0 
-107.453327,45.578784,0 
-107.455559,45.578484,0 
-107.454958,45.577282,0 
-107.453156,45.575901,0 
-107.452898,45.574339,0 
-107.453671,45.572236,0 
-107.453499,45.571094,0 
-107.450323,45.562742,0 
-107.442856,45.552826,0 
-107.432814,45.541946,0 
-107.431698,45.541104,0 
-107.42363,45.532327,0 
-107.422342,45.530343,0 
-107.420883,45.528779,0 
-107.418909,45.529381,0 
-107.418652,45.52908,0 
-107.420883,45.528419,0 
-107.414274,45.521082,0 
-107.407064,45.513084,0 
-107.401142,45.506588,0 
-107.398052,45.502677,0 
-107.395134,45.496541,0 
-107.392216,45.489682,0 
-107.391014,45.489863,0 
-107.389297,45.491367,0 
-107.387581,45.492269,0 
-107.384663,45.492269,0 
-107.3808,45.49233,0 
-107.377796,45.492029,0 
-107.375479,45.489441,0 
-107.375479,45.48878,0 
-107.377453,45.488178,0 
</coordinates>
</LineString>
</Placemark>

<Placemark><name>day 172</name>
<description>Deeper into Montana</description>
<styleUrl>#linecolor</styleUrl>
<LineString>
<tessellate>1</tessellate>
<altitudeMode>clampToGround</altitudeMode>
<coordinates>
-107.375565,45.489622,0 
-107.37711,45.491788,0 
-107.383461,45.492029,0 
-107.384319,45.49251,0 
-107.385178,45.492269,0 
-107.387753,45.492149,0 
-107.389984,45.490705,0 
-107.391872,45.490103,0 
-107.398224,45.503099,0 
-107.414188,45.520902,0 
-107.420712,45.527877,0 
-107.418823,45.52908,0 
-107.423973,45.532808,0 
-107.448177,45.559377,0 
-107.451096,45.564905,0 
-107.453499,45.572596,0 
-107.452469,45.575961,0 
-107.4547,45.582329,0 
-107.458134,45.585693,0 
-107.460709,45.593741,0 
-107.463284,45.598786,0 
-107.465858,45.623763,0 
-107.474098,45.646568,0 
-107.477703,45.650768,0 
-107.503109,45.678601,0 
-107.504139,45.68064,0 
-107.50843,45.683038,0 
-107.538986,45.716248,0 
-107.591858,45.746204,0 
-107.594948,45.746923,0 
-107.689018,45.745725,0 
-107.717171,45.744048,0 
-107.777939,45.744048,0 
-107.838364,45.746683,0 
-107.850723,45.749558,0 
-107.868576,45.75914,0 
-107.904968,45.767523,0 
-107.923164,45.767044,0 
-107.930717,45.76896,0 
-107.95475,45.780693,0 
-107.96299,45.780454,0 
-108.000412,45.780933,0 
-108.017578,45.782848,0 
-108.06427,45.783088,0 
-108.07869,45.781412,0 
-108.093796,45.784045,0 
-108.109932,45.780215,0 
-108.144264,45.778539,0 
-108.162804,45.780215,0 
-108.183746,45.776623,0 
-108.216019,45.784045,0 
-108.225288,45.7862,0 
-108.236961,45.78644,0 
-108.249321,45.789791,0 
-108.271637,45.793143,0 
-108.289833,45.798409,0 
-108.308372,45.804393,0 
-108.319359,45.80535,0 
-108.326225,45.808461,0 
-108.333092,45.811811,0 
-108.341675,45.819229,0 
-108.350258,45.819947,0 
-108.365364,45.823775,0 
-108.384933,45.824732,0 
-108.394547,45.82856,0 
-108.399696,45.825211,0 
-108.419266,45.812769,0 
-108.430939,45.806068,0 
-108.454285,45.79793,0 
-108.460121,45.79793,0 
-108.463898,45.795776,0 
-108.472824,45.796733,0 
-108.48175,45.7941,0 
-108.481064,45.799606,0 
-108.477631,45.804153,0 
-108.490677,45.802478,0 
-108.509903,45.799606,0 
-108.537025,45.802717,0 
-108.554878,45.802717,0 
-108.568268,45.80535,0 
-108.580284,45.804393,0 
-108.615303,45.807743,0 
-108.619423,45.80894,0 
-108.635216,45.820665,0 
-108.635902,45.825211,0 
-108.636246,45.828321,0 
-108.640366,45.841477,0 
-108.654785,45.862998,0 
-108.669891,45.876146,0 
-108.670235,45.880927,0 
-108.666801,45.910794,0 
-108.669891,45.925125,0 
-108.673668,45.92823,0 
-108.699074,45.938019,0 
-108.849449,46.057747,0 
-108.863525,46.072992,0 
-108.875542,46.097757,0 
-108.875885,46.102757,0 
-108.877602,46.107517,0 
-108.881721,46.113468,0 
-108.888931,46.131553,0 
-108.889618,46.136549,0 
-108.893051,46.147967,0 
-108.895454,46.150346,0 
-108.900948,46.165328,0 
-108.906097,46.171985,0 
-108.924637,46.214764,0 
-108.93631,46.240652,0 
-108.938026,46.265579,0 
-108.94043,46.274123,0 
-108.93837,46.289308,0 
-108.937683,46.30615,0 
-109.011497,46.307098,0 
-109.024887,46.300695,0 
-109.052353,46.299271,0 
-109.059219,46.300932,0 
-109.063339,46.301169,0 
-109.068489,46.30022,0 
-109.108658,46.300457,0 
-109.113121,46.303066,0 
-109.132347,46.314687,0 
-109.134407,46.315161,0 
-109.141273,46.31611,0 
-109.162216,46.319667,0 
-109.181442,46.318955,0 
-109.183502,46.31777,0 
-109.191399,46.309233,0 
-109.215431,46.30022,0 
-109.241867,46.297137,0 
-109.26384,46.298323,0 
-109.294395,46.299034,0 
-109.307785,46.298085,0 
-109.332161,46.301406,0 
-109.36409,46.311604,0 
-109.384346,46.315161,0 
-109.423828,46.31943,0 
-109.434128,46.31943,0 
-109.468117,46.328202,0 
-109.495583,46.331521,0 
-109.602356,46.377017,0 
-109.692993,46.407327,0 
-109.703979,46.413245,0 
-109.729729,46.420109,0 
-109.775047,46.424132,0 
-109.78466,46.426026,0 
-109.805603,46.432651,0 
-109.814186,46.437384,0 
-109.80423,46.43975,0 
-109.769554,46.466951,0 
-109.766808,46.470971,0 
-109.765778,46.474517,0 
-109.765778,46.632936,0 
-109.752388,46.674648,0 
-109.752388,46.683834,0 
-109.752045,46.685247,0 
-109.737282,46.70644,0 
-109.737282,46.710913,0 
-109.750671,46.747624,0 
-109.751015,46.751623,0 
-109.756508,46.762208,0 
-109.756165,46.800765,0 
-109.765434,46.845869,0 
-109.765778,46.910171,0 
-109.751015,46.946747,0 
-109.744835,46.966665,0 
-109.745522,46.983063,0 
-109.750328,46.983766,0 
-109.80423,46.998051,0 
-109.857101,47.002734,0 
-109.867744,47.003905,0 
-109.872208,47.007885,0 
-109.872551,47.019589,0 
-109.903107,47.052113,0 
-109.916496,47.055154,0 
-110.062065,47.055154,0 
-110.070992,47.055622,0 
-110.091934,47.058195,0 
-110.099831,47.062171,0 
-110.114594,47.0755,0 
-110.121803,47.076435,0 
-110.137596,47.076669,0 
-110.144119,47.07737,0 
-110.149612,47.081111,0 
-110.156479,47.092799,0 
-110.212784,47.137425,0 
-110.236473,47.154937,0 
-110.245056,47.157972,0 
-110.282822,47.164509,0 
-110.287971,47.166143,0 
-110.295868,47.16801,0 
-110.415688,47.21024,0 
-110.427361,47.214904,0 
-110.490189,47.256165,0 
-110.494652,47.257097,0 
-110.627174,47.256864,0 
-110.684509,47.259194,0 
-110.687256,47.261291,0 
-110.693436,47.262689,0 
-110.703049,47.265718,0 
-110.717125,47.263854,0 
-110.723991,47.264087,0 
-110.743217,47.273406,0 
-110.763474,47.281325,0 
-110.800552,47.284353,0 
-110.819092,47.290408,0 
-110.828362,47.293668,0 
-110.834198,47.306008,0 
-110.839005,47.309267,0 
-110.847588,47.313457,0 
-110.851364,47.319741,0 
-110.861664,47.323931,0 
-110.872307,47.333006,0 
-110.876083,47.337194,0 
-110.88398,47.340219,0 
-110.887756,47.343708,0 
-110.892563,47.346035,0 
-110.897713,47.349524,0 
-110.914536,47.369059,0 
-110.946808,47.381149,0 
-110.953331,47.385566,0 
-110.958138,47.401835,0 
-110.962601,47.419028,0 
-110.968781,47.423906,0 
-110.980453,47.427855,0 
-111.009636,47.43459,0 
-111.040535,47.452237,0 
-111.123962,47.461755,0 
-111.126366,47.462219,0 
-111.155891,47.479392,0 
-111.170654,47.484265,0 
-111.181297,47.487977,0 
-111.202583,47.488673,0 
-111.214943,47.493313,0 
-111.216316,47.518128,0 
-111.21769,47.519751,0 
-111.236572,47.520447,0 
-111.241379,47.520679,0 
-111.245499,47.52207,0 
-111.263351,47.517896,0 
-111.269188,47.516969,0 
-111.275368,47.519056,0 
-111.282921,47.519287,0 
-111.292191,47.518128,0 
-111.290131,47.522765,0 
-111.290131,47.525084,0 
-111.301117,47.525084,0 
</coordinates>
</LineString>
</Placemark>

<Placemark><name>day 173</name>
<description>Into Glacier National Park</description>
<styleUrl>#linecolor</styleUrl>
<LineString>
<tessellate>1</tessellate>
<altitudeMode>clampToGround</altitudeMode>
<coordinates>
-111.30249,47.524736,0 
-111.290131,47.52462,0 
-111.291676,47.51894,0 
-111.292105,47.517606,0 
-111.291955,47.510838,0 
-111.283371,47.510708,0 
-111.283457,47.494154,0 
-111.300688,47.494357,0 
-111.302919,47.49411,0 
-111.313648,47.493458,0 
-111.318691,47.492805,0 
-111.325965,47.490993,0 
-111.328583,47.490224,0 
-111.337059,47.487281,0 
-111.341307,47.485932,0 
-111.342981,47.485918,0 
-111.343517,47.486251,0 
-111.343775,47.487151,0 
-111.342659,47.504678,0 
-111.344032,47.508157,0 
-111.350555,47.512563,0 
-111.364975,47.516041,0 
-111.376648,47.519519,0 
-111.380081,47.523229,0 
-111.382828,47.526243,0 
-111.444283,47.545249,0 
-111.496468,47.552896,0 
-111.525993,47.558226,0 
-111.53389,47.561932,0 
-111.565819,47.59644,0 
-111.569939,47.601302,0 
-111.588478,47.639022,0 
-111.664696,47.717847,0 
-111.666412,47.723852,0 
-111.665726,47.814538,0 
-111.669846,47.818918,0 
-111.703491,47.846344,0 
-111.710358,47.866156,0 
-111.711388,47.885499,0 
-111.762886,47.977512,0 
-111.771126,47.982798,0 
-111.812668,48.013812,0 
-111.874809,48.092528,0 
-111.909142,48.136767,0 
-111.934204,48.175702,0 
-111.936264,48.180967,0 
-111.935234,48.183714,0 
-111.924591,48.203168,0 
-111.926651,48.207973,0 
-111.936264,48.2233,0 
-111.935921,48.363549,0 
-111.933861,48.37062,0 
-111.907768,48.413479,0 
-111.883736,48.434668,0 
-111.883736,48.470417,0 
-111.886826,48.478839,0 
-111.887169,48.483163,0 
-111.883392,48.494085,0 
-111.882362,48.508189,0 
-111.876526,48.515695,0 
-111.885452,48.52047,0 
-111.931458,48.528201,0 
-111.947937,48.527974,0 
-112.094193,48.555705,0 
-112.125435,48.555478,0 
-112.152214,48.565476,0 
-112.27787,48.611349,0 
-112.331085,48.636539,0 
-112.337608,48.639034,0 
-112.340355,48.639034,0 
-112.348251,48.633816,0 
-112.361641,48.628597,0 
-112.38636,48.624967,0 
-112.432709,48.624286,0 
-112.437515,48.624059,0 
-112.674751,48.624286,0 
-112.781181,48.602041,0 
-112.792854,48.596365,0 
-112.807617,48.591824,0 
-112.82959,48.583648,0 
-112.863922,48.57638,0 
-112.954216,48.532521,0 
-112.961426,48.53002,0 
-112.967606,48.530248,0 
-112.975845,48.532748,0 
-112.988892,48.539796,0 
-113.002968,48.540932,0 
-113.007088,48.542978,0 
-113.009491,48.548433,0 
-113.010178,48.555251,0 
-113.022537,48.556387,0 
-113.03009,48.544114,0 
-113.120041,48.497725,0 
-113.154373,48.467003,0 
-113.195572,48.451749,0 
-113.198662,48.451293,0 
-113.208961,48.450382,0 
-113.218918,48.443095,0 
-113.222694,48.444917,0 
-113.225784,48.450382,0 
-113.223038,48.444234,0 
-113.220634,48.439907,0 
-113.217201,48.437173,0 
-113.213081,48.433757,0 
-113.211365,48.42715,0 
-113.211365,48.422821,0 
-113.218231,48.41872,0 
-113.250504,48.401172,0 
-113.260803,48.38909,0 
-113.272133,48.38339,0 
-113.279343,48.371532,0 
-113.279686,48.368111,0 
-113.284836,48.362636,0 
-113.294106,48.358987,0 
-113.305435,48.350317,0 
-113.308868,48.348492,0 
-113.315735,48.346666,0 
-113.327065,48.337995,0 
-113.336334,48.331376,0 
-113.338737,48.329778,0 
-113.342171,48.326811,0 
-113.350067,48.322245,0 
-113.362427,48.309003,0 
-113.36483,48.302837,0 
-113.374443,48.30101,0 
-113.37925,48.300553,0 
-113.389206,48.293244,0 
-113.402252,48.290732,0 
-113.404312,48.291417,0 
-113.411179,48.291874,0 
-113.413925,48.291874,0 
-113.416328,48.29096,0 
-113.422508,48.28662,0 
-113.425255,48.279309,0 
-113.454781,48.259656,0 
-113.470917,48.248226,0 
-113.472977,48.247311,0 
-113.476067,48.246626,0 
-113.479843,48.246626,0 
-113.48877,48.242281,0 
-113.514175,48.239309,0 
-113.517952,48.238852,0 
-113.526192,48.238852,0 
-113.529968,48.236336,0 
-113.537521,48.234964,0 
-113.547821,48.23405,0 
-113.550568,48.232906,0 
-113.562241,48.234736,0 
-113.565331,48.234736,0 
-113.569794,48.237022,0 
-113.56842,48.241138,0 
-113.565674,48.243196,0 
-113.565674,48.247769,0 
-113.56945,48.250741,0 
-113.56945,48.253484,0 
-113.570137,48.256227,0 
-113.574257,48.25897,0 
-113.57666,48.262398,0 
-113.583183,48.265141,0 
-113.58593,48.266512,0 
-113.588676,48.266741,0 
-113.596573,48.266284,0 
-113.601036,48.267198,0 
-113.602753,48.270169,0 
-113.603783,48.273597,0 
-113.604126,48.275882,0 
-113.606873,48.279309,0 
-113.607216,48.281137,0 
-113.606529,48.283878,0 
-113.625069,48.311058,0 
-113.629532,48.316994,0 
-113.634682,48.32156,0 
-113.639832,48.33092,0 
-113.641205,48.332517,0 
-113.642578,48.336625,0 
-113.640862,48.340277,0 
-113.644981,48.350089,0 
-113.663521,48.365146,0 
-113.667641,48.367883,0 
-113.675194,48.368567,0 
-113.68,48.369023,0 
-113.687897,48.379286,0 
-113.693733,48.385214,0 
-113.706093,48.39137,0 
-113.715019,48.402084,0 
-113.723259,48.408921,0 
-113.726692,48.415074,0 
-113.731155,48.419176,0 
-113.738365,48.419176,0 
-113.747978,48.41872,0 
-113.752785,48.419404,0 
-113.759995,48.41872,0 
-113.776474,48.425555,0 
-113.79055,48.424872,0 
-113.792267,48.425555,0 
-113.79982,48.433073,0 
-113.809776,48.43854,0 
-113.814583,48.448561,0 
-113.846512,48.477246,0 
-113.847885,48.479066,0 
-113.850632,48.484528,0 
-113.858185,48.489534,0 
-113.861275,48.490217,0 
-113.865738,48.491582,0 
-113.869171,48.489762,0 
-113.875008,48.490217,0 
-113.882904,48.49363,0 
-113.886681,48.494995,0 
-113.895607,48.49454,0 
-113.90213,48.494085,0 
-113.90728,48.492492,0 
-113.909683,48.492492,0 
-113.917923,48.49636,0 
-113.918953,48.498863,0 
-113.9217,48.498863,0 
-113.925476,48.498863,0 
-113.927536,48.498863,0 
-113.929253,48.5,0 
-113.931999,48.501593,0 
-113.936462,48.501593,0 
-113.944016,48.499773,0 
-113.947449,48.49454,0 
-113.949509,48.49363,0 
-113.954659,48.494085,0 
-113.968391,48.498635,0 
-113.975601,48.498635,0 
-113.981695,48.494881,0 
-113.987961,48.491582,0 
-113.996544,48.488169,0 
-113.999677,48.485439,0 
-113.998904,48.484642,0 
-113.997209,48.48339,0 
-113.996501,48.482082,0 
-113.996329,48.481285,0 
-113.996265,48.480887,0 
-113.99487,48.480844,0 
-113.995042,48.481499,0 
-113.995063,48.482153,0 
-113.995492,48.482196,0 
-113.996029,48.482381,0 
-113.995965,48.482665,0 
-113.995557,48.482679,0 
-113.995632,48.4828,0 
</coordinates>
</LineString>
</Placemark>

<Placemark><name>day 174</name>
<description>Around Glacier</description>
<styleUrl>#linecolor</styleUrl>
<LineString>
<tessellate>1</tessellate>
<altitudeMode>clampToGround</altitudeMode>
<coordinates>
-113.995342,48.48248,0 
-113.995428,48.481911,0 
-113.996801,48.482082,0 
-113.996801,48.482935,0 
-113.997917,48.484016,0 
-113.999548,48.485097,0 
-113.999805,48.485268,0 
-113.997059,48.487828,0 
-113.995857,48.488397,0 
-113.989763,48.490786,0 
-113.980923,48.495109,0 
-113.984013,48.497327,0 
-113.987617,48.500228,0 
-113.988647,48.502502,0 
-113.988304,48.504948,0 
-113.986931,48.508132,0 
-113.98633,48.509838,0 
-113.986502,48.511317,0 
-113.990364,48.518253,0 
-113.990107,48.519788,0 
-113.988476,48.521778,0 
-113.98633,48.521096,0 
-113.983927,48.521096,0 
-113.981094,48.521948,0 
-113.978863,48.524563,0 
-113.975,48.530759,0 
-113.97397,48.532407,0 
-113.97294,48.533033,0 
-113.971138,48.534738,0 
-113.969936,48.535704,0 
-113.967705,48.536386,0 
-113.966246,48.537522,0 
-113.965387,48.53883,0 
-113.964615,48.539625,0 
-113.962984,48.540307,0 
-113.961611,48.541273,0 
-113.960238,48.542182,0 
-113.959036,48.543262,0 
-113.957577,48.544001,0 
-113.956976,48.545024,0 
-113.955946,48.545933,0 
-113.954916,48.546331,0 
-113.953543,48.546728,0 
-113.951654,48.547751,0 
-113.950453,48.548206,0 
-113.949251,48.548774,0 
-113.948307,48.549172,0 
-113.946505,48.550365,0 
-113.944101,48.551785,0 
-113.942385,48.55258,0 
-113.941956,48.553489,0 
-113.941698,48.555194,0 
-113.940926,48.555592,0 
-113.939381,48.556387,0 
-113.938866,48.55758,0 
-113.938437,48.558659,0 
-113.937492,48.559739,0 
-113.936033,48.560818,0 
-113.933029,48.561954,0 
-113.93157,48.562238,0 
-113.93054,48.562579,0 
-113.928995,48.562636,0 
-113.927708,48.563204,0 
-113.926163,48.564226,0 
-113.925219,48.565135,0 
-113.92436,48.56576,0 
-113.923073,48.566271,0 
-113.921957,48.566668,0 
-113.921185,48.567066,0 
-113.920069,48.567748,0 
-113.919039,48.56894,0 
-113.917494,48.569849,0 
-113.916807,48.570928,0 
-113.915176,48.571666,0 
-113.912945,48.572178,0 
-113.911743,48.573257,0 
-113.910627,48.573995,0 
-113.910112,48.575017,0 
-113.909941,48.575755,0 
-113.909168,48.576266,0 
-113.907366,48.57655,0 
-113.905993,48.577345,0 
-113.904448,48.578708,0 
-113.904233,48.579248,0 
-113.904018,48.579503,0 
-113.903761,48.579446,0 
-113.902903,48.580383,0 
-113.902345,48.581263,0 
-113.900285,48.583279,0 
-113.899813,48.583762,0 
-113.897796,48.58626,0 
-113.895435,48.588531,0 
-113.894792,48.589411,0 
-113.892732,48.590518,0 
-113.891358,48.591994,0 
-113.889728,48.594804,0 
-113.889256,48.596848,0 
-113.888483,48.598693,0 
-113.887968,48.599203,0 
-113.887024,48.601843,0 
-113.884878,48.604425,0 
-113.884492,48.60627,0 
-113.883247,48.608143,0 
-113.882475,48.608738,0 
-113.881617,48.610583,0 
-113.881531,48.611661,0 
-113.880887,48.61237,0 
-113.879814,48.612938,0 
-113.874278,48.618357,0 
-113.872046,48.620655,0 
-113.871059,48.622442,0 
-113.866425,48.626669,0 
-113.86445,48.62803,0 
-113.864021,48.630101,0 
-113.863034,48.630696,0 
-113.86179,48.631888,0 
-113.862348,48.633561,0 
-113.86342,48.635263,0 
-113.864193,48.637702,0 
-113.864107,48.639148,0 
-113.862047,48.640622,0 
-113.858185,48.640906,0 
-113.856297,48.64153,0 
-113.853464,48.6417,0 
-113.851147,48.641643,0 
-113.84943,48.642721,0 
-113.848829,48.644592,0 
-113.844023,48.647144,0 
-113.841619,48.649753,0 
-113.840332,48.652645,0 
-113.840075,48.653665,0 
-113.839731,48.656614,0 
-113.838959,48.657748,0 
-113.836813,48.659448,0 
-113.835783,48.66234,0 
-113.834238,48.664154,0 
-113.826513,48.671183,0 
-113.824539,48.67362,0 
-113.823767,48.674073,0 
-113.821964,48.675207,0 
-113.819561,48.679514,0 
-113.819647,48.679457,0 
-113.821535,48.675547,0 
-113.824282,48.67379,0 
-113.826599,48.671013,0 
-113.83132,48.667045,0 
-113.834667,48.6637,0 
-113.836813,48.659505,0 
-113.839645,48.656954,0 
-113.840075,48.652758,0 
-113.84222,48.649242,0 
-113.844795,48.646804,0 
-113.849087,48.644479,0 
-113.849859,48.641984,0 
-113.851919,48.64153,0 
-113.855696,48.641643,0 
-113.858185,48.640793,0 
-113.861361,48.640736,0 
-113.863335,48.639715,0 
-113.864193,48.63756,0 
-113.862562,48.633306,0 
-113.86179,48.631831,0 
-113.864107,48.630129,0 
-113.864365,48.628144,0 
-113.867283,48.625988,0 
-113.871403,48.622016,0 
-113.874493,48.618328,0 
-113.875093,48.618328,0 
-113.877239,48.617761,0 
-113.879986,48.615094,0 
-113.879986,48.612711,0 
-113.881617,48.611746,0 
-113.882046,48.609533,0 
-113.882647,48.608398,0 
-113.883333,48.607887,0 
-113.884878,48.605333,0 
-113.884878,48.604141,0 
-113.886509,48.602893,0 
-113.887539,48.600622,0 
-113.888311,48.598352,0 
-113.889084,48.5975,0 
-113.889685,48.595457,0 
-113.890371,48.593924,0 
-113.891573,48.591824,0 
-113.892431,48.590745,0 
-113.89432,48.58961,0 
-113.895693,48.588417,0 
-113.897495,48.586487,0 
-113.899641,48.583875,0 
-113.900328,48.583137,0 
-113.901358,48.582569,0 
-113.902388,48.581207,0 
-113.903332,48.579957,0 
-113.904018,48.57939,0 
-113.904877,48.578368,0 
-113.907366,48.576607,0 
-113.908911,48.57621,0 
-113.909855,48.575699,0 
-113.910284,48.574733,0 
-113.910713,48.573995,0 
-113.912945,48.572178,0 
-113.91449,48.57178,0 
-113.916807,48.570928,0 
-113.917322,48.569622,0 
-113.919039,48.569054,0 
-113.919897,48.567634,0 
-113.924017,48.5661,0 
-113.925562,48.565078,0 
-113.926764,48.563715,0 
-113.928995,48.562465,0 
-113.930798,48.562465,0 
-113.934059,48.56184,0 
-113.936634,48.560477,0 
-113.938093,48.559114,0 
-113.938951,48.557182,0 
-113.939724,48.55616,0 
-113.941526,48.555421,0 
-113.942041,48.553205,0 
-113.942728,48.552637,0 
-113.946333,48.550592,0 
-113.94908,48.548831,0 
-113.951654,48.547865,0 
-113.953285,48.546785,0 
-113.955345,48.546103,0 
-113.956289,48.545649,0 
-113.957491,48.544399,0 
-113.95792,48.543717,0 
-113.95895,48.543262,0 
-113.959379,48.542751,0 
-113.962898,48.540648,0 
-113.9641,48.539739,0 
-113.965302,48.539057,0 
-113.96616,48.537181,0 
-113.967962,48.536443,0 
-113.969936,48.535647,0 
-113.97234,48.53343,0 
-113.97397,48.532351,0 
-113.977833,48.526382,0 
-113.979464,48.523768,0 
-113.980923,48.521835,0 
-113.983412,48.521039,0 
-113.987188,48.521153,0 
-113.988562,48.521664,0 
-113.99045,48.518878,0 
-113.986931,48.511828,0 
-113.986244,48.51035,0 
-113.986502,48.509213,0 
-113.988047,48.505915,0 
-113.988647,48.503299,0 
-113.987961,48.500853,0 
-113.985386,48.498408,0 
-113.98118,48.494881,0 
-113.977146,48.49727,0 
-113.974829,48.497725,0 
-113.969679,48.498578,0 
-113.96719,48.498237,0 
-113.952341,48.493175,0 
-113.949423,48.493118,0 
-113.946762,48.494085,0 
-113.944874,48.495905,0 
-113.944016,48.499033,0 
-113.942986,48.500114,0 
-113.94084,48.500455,0 
-113.939123,48.500569,0 
-113.934574,48.501024,0 
-113.933287,48.501706,0 
-113.930798,48.501251,0 
-113.927364,48.498521,0 
-113.925734,48.497611,0 
-113.924189,48.497839,0 
-113.920755,48.498749,0 
-113.918695,48.498123,0 
-113.917837,48.495621,0 
-113.909426,48.492379,0 
-113.907108,48.492151,0 
-113.904963,48.492663,0 
-113.902559,48.493346,0 
-113.899126,48.493573,0 
-113.895435,48.49363,0 
-113.892946,48.493914,0 
-113.884964,48.494256,0 
-113.881359,48.49289,0 
-113.878098,48.49107,0 
-113.870888,48.489819,0 
-113.866081,48.490558,0 
-113.863935,48.491412,0 
-113.861361,48.491298,0 
-113.859644,48.490103,0 
-113.857155,48.489648,0 
-113.850718,48.484983,0 
-113.849344,48.482935,0 
-113.847713,48.479408,0 
-113.816128,48.449187,0 
-113.814754,48.447422,0 
-113.81012,48.438825,0 
-113.808832,48.437686,0 
-113.807201,48.437059,0 
-113.799477,48.433415,0 
-113.794498,48.427549,0 
-113.793211,48.426353,0 
-113.791752,48.425157,0 
-113.789349,48.424815,0 
-113.78171,48.424929,0 
-113.776817,48.425442,0 
-113.775702,48.425214,0 
-113.76523,48.42117,0 
-113.759737,48.418663,0 
-113.757591,48.418264,0 
-113.755789,48.418378,0 
-113.752441,48.419119,0 
-113.748064,48.418777,0 
-113.738537,48.418378,0 
-113.73167,48.419062,0 
-113.730469,48.418777,0 
-113.728752,48.417182,0 
-113.727207,48.415473,0 
-113.724117,48.410517,0 
-113.721972,48.408238,0 
-113.705578,48.391313,0 
-113.703947,48.39023,0 
-113.691673,48.382592,0 
-113.688669,48.380084,0 
-113.683176,48.373813,0 
-113.680944,48.370506,0 
-113.679056,48.368738,0 
-113.676224,48.368054,0 
-113.669872,48.367769,0 
-113.665237,48.366514,0 
-113.660774,48.362408,0 
-113.655624,48.357618,0 
-113.643951,48.349404,0 
-113.640518,48.337995,0 
-113.642235,48.335484,0 
-113.632622,48.318821,0 
-113.627129,48.313798,0 
-113.606529,48.283878,0 
-113.607216,48.278852,0 
-113.605156,48.275882,0 
-113.603783,48.273825,0 
-113.602753,48.268798,0 
-113.59726,48.266512,0 
-113.589363,48.266969,0 
-113.58593,48.266055,0 
-113.583527,48.264227,0 
-113.578033,48.263084,0 
-113.5746,48.259656,0 
-113.571167,48.256913,0 
-113.568764,48.253027,0 
-113.568764,48.250741,0 
-113.566017,48.247311,0 
-113.565331,48.242967,0 
-113.568764,48.239766,0 
-113.569107,48.238166,0 
-113.568077,48.234736,0 
-113.560867,48.234278,0 
-113.551941,48.232677,0 
-113.546104,48.232906,0 
-113.542328,48.23405,0 
-113.537865,48.234736,0 
-113.532715,48.23565,0 
-113.527222,48.237937,0 
-113.518295,48.238166,0 
-113.514862,48.23908,0 
-113.48877,48.241596,0 
-113.481216,48.245711,0 
-113.472977,48.246626,0 
-113.455467,48.258741,0 
-113.437271,48.270397,0 
-113.431778,48.275882,0 
-113.425598,48.279309,0 
-113.420792,48.287534,0 
-113.418388,48.290046,0 
-113.413925,48.291645,0 
-113.408775,48.291874,0 
-113.405342,48.291874,0 
-113.402252,48.290732,0 
-113.390236,48.293473,0 
-113.382339,48.298498,0 
-113.379593,48.300325,0 
-113.3741,48.300325,0 
-113.3638,48.303522,0 
-113.362427,48.309688,0 
-113.348351,48.322702,0 
-113.340111,48.327724,0 
-113.337708,48.330691,0 
-113.316765,48.345982,0 
-113.307495,48.348492,0 
-113.299599,48.35488,0 
-113.295822,48.35739,0 
-113.285522,48.362408,0 
-113.279686,48.367883,0 
-113.278999,48.372444,0 
-113.272133,48.382934,0 
-113.260117,48.389318,0 
-113.256683,48.393194,0 
-113.25119,48.400488,0 
-113.247414,48.403451,0 
-113.213768,48.420999,0 
-113.210678,48.424644,0 
-113.210678,48.429201,0 
-113.213768,48.43444,0 
-113.218918,48.439223,0 
-113.218918,48.441729,0 
-113.220291,48.443095,0 
-113.222351,48.444462,0 
-113.224411,48.447422,0 
-113.225784,48.45357,0 
-113.227501,48.459263,0 
-113.224754,48.460856,0 
-113.224411,48.461767,0 
-113.230247,48.462678,0 
-113.233681,48.465865,0 
-113.235397,48.469962,0 
-113.2481,48.480204,0 
-113.252563,48.485211,0 
-113.254967,48.486576,0 
-113.258057,48.489989,0 
-113.26149,48.493175,0 
-113.263893,48.49636,0 
-113.264923,48.497498,0 
-113.268013,48.500228,0 
-113.269043,48.50455,0 
-113.27282,48.506597,0 
-113.273506,48.509781,0 
-113.276939,48.512511,0 
-113.280029,48.514785,0 
-113.283463,48.517287,0 
-113.285522,48.518424,0 
-113.287926,48.519106,0 
-113.291702,48.520016,0 
-113.292732,48.521835,0 
-113.295479,48.521835,0 
-113.296509,48.521835,0 
-113.298225,48.523426,0 
-113.300629,48.523426,0 
-113.302345,48.525245,0 
-113.306122,48.526155,0 
-113.307495,48.527519,0 
-113.307838,48.529111,0 
-113.308182,48.529793,0 
-113.308182,48.53093,0 
-113.306808,48.533203,0 
-113.306808,48.534567,0 
-113.305779,48.536159,0 
-113.305779,48.538432,0 
-113.304062,48.54116,0 
-113.304062,48.542296,0 
-113.302689,48.542978,0 
-113.299942,48.542523,0 
-113.296852,48.540932,0 
-113.295822,48.540705,0 
-113.294106,48.543205,0 
-113.292389,48.544569,0 
-113.290672,48.545933,0 
-113.289299,48.544796,0 
-113.287926,48.544796,0 
-113.284836,48.54366,0 
-113.280373,48.540478,0 
-113.280716,48.542751,0 
-113.278999,48.54616,0 
-113.276939,48.547524,0 
-113.275223,48.547524,0 
-113.26973,48.547069,0 
-113.271103,48.550251,0 
-113.269386,48.551842,0 
-113.271103,48.557069,0 
-113.274879,48.559568,0 
-113.274193,48.563204,0 
-113.278313,48.57161,0 
-113.277969,48.573427,0 
-113.275223,48.573654,0 
-113.275566,48.578424,0 
-113.275566,48.581377,0 
-113.274879,48.583875,0 
-113.275566,48.586146,0 
-113.273506,48.586374,0 
-113.271446,48.586374,0 
-113.271103,48.589099,0 
-113.27179,48.590915,0 
-113.27076,48.591597,0 
-113.278313,48.596819,0 
-113.278656,48.598636,0 
-113.284149,48.601814,0 
-113.285866,48.606355,0 
-113.286552,48.607944,0 
-113.289299,48.610895,0 
-113.291702,48.611803,0 
-113.294449,48.613619,0 
-113.297539,48.616342,0 
-113.299255,48.61725,0 
-113.299942,48.619974,0 
-113.302345,48.622924,0 
-113.303719,48.623832,0 
-113.304749,48.62542,0 
-113.306808,48.62542,0 
-113.307838,48.62542,0 
-113.309898,48.628824,0 
-113.311615,48.630413,0 
-113.312302,48.633589,0 
-113.311958,48.634951,0 
-113.311958,48.636766,0 
-113.311272,48.64153,0 
-113.312645,48.644025,0 
-113.312988,48.645613,0 
-113.315048,48.646747,0 
-113.316422,48.647655,0 
-113.318138,48.64652,0 
-113.319511,48.648789,0 
-113.319511,48.650377,0 
-113.333588,48.659222,0 
-113.337364,48.658541,0 
-113.339767,48.658541,0 
-113.341827,48.66285,0 
-113.343887,48.666251,0 
-113.344231,48.668519,0 
-113.344231,48.671013,0 
-113.34938,48.67464,0 
-113.350067,48.678041,0 
-113.3535,48.679627,0 
-113.356934,48.680987,0 
-113.357277,48.682348,0 
-113.357277,48.683481,0 
-113.35556,48.685748,0 
-113.351097,48.686881,0 
-113.351097,48.687787,0 
-113.361397,48.686428,0 
-113.371696,48.689374,0 
-113.384743,48.69096,0 
-113.387833,48.693907,0 
-113.388863,48.697986,0 
-113.400192,48.701158,0 
-113.405342,48.700478,0 
-113.411522,48.700478,0 
-113.414955,48.702517,0 
-113.414955,48.709314,0 
-113.413239,48.712939,0 
-113.414612,48.715431,0 
-113.415298,48.717017,0 
-113.415298,48.726076,0 
-113.416672,48.728341,0 
-113.420105,48.732191,0 
-113.421478,48.734455,0 
-113.425941,48.738531,0 
-113.429375,48.741927,0 
-113.433838,48.743965,0 
-113.440704,48.747134,0 
-113.445168,48.749624,0 
-113.447914,48.749624,0 
-113.449631,48.74804,0 
-113.453407,48.743286,0 
-113.45993,48.736946,0 
-113.462334,48.731512,0 
-113.46817,48.727435,0 
-113.470573,48.723585,0 
-113.473663,48.720188,0 
-113.47744,48.714525,0 
-113.491516,48.708861,0 
-113.495636,48.706143,0 
-113.500443,48.703197,0 
-113.507309,48.698665,0 
-113.516579,48.694586,0 
-113.526192,48.691414,0 
-113.527222,48.688694,0 
-113.528938,48.688467,0 
-113.532372,48.692773,0 
-113.535805,48.693907,0 
-113.540096,48.6947,0 
-113.541555,48.694983,0 
-113.543015,48.694586,0 
-113.544044,48.693453,0 
-113.54928,48.693397,0 
-113.551941,48.693,0 
-113.554001,48.691867,0 
-113.555717,48.69147,0 
-113.556147,48.691074,0 
-113.557434,48.688921,0 
-113.560009,48.687901,0 
-113.562756,48.686994,0 
-113.566704,48.684614,0 
-113.57048,48.684614,0 
-113.573914,48.680987,0 
-113.578377,48.679854,0 
-113.581123,48.679117,0 
-113.58593,48.680081,0 
-113.59623,48.678267,0 
-113.596573,48.67668,0 
-113.600349,48.676227,0 
-113.606529,48.674867,0 
-113.611078,48.67379,0 
-113.616142,48.67396,0 
-113.619919,48.674583,0 
-113.62318,48.675207,0 
-113.625412,48.67464,0 
-113.635454,48.675887,0 
-113.643608,48.677134,0 
-113.649445,48.677134,0 
-113.651161,48.677304,0 
-113.658714,48.680704,0 
-113.658628,48.680591,0 
-113.653994,48.678437,0 
-113.651419,48.67736,0 
-113.64687,48.67719,0 
-113.641548,48.67634,0 
-113.639059,48.67583,0 
-113.635798,48.675887,0 
-113.628588,48.675093,0 
-113.622751,48.675037,0 
-113.612452,48.673563,0 
-113.610649,48.67379,0 
-113.606873,48.674923,0 
-113.598633,48.67583,0 
-113.596916,48.676907,0 
-113.5958,48.678324,0 
-113.595371,48.678494,0 
-113.590221,48.679061,0 
-113.586273,48.679967,0 
-113.584385,48.679797,0 
-113.580437,48.679231,0 
-113.576574,48.680024,0 
-113.573742,48.681611,0 
-113.572454,48.682461,0 
-113.570223,48.684274,0 
-113.568077,48.684671,0 
-113.565331,48.684671,0 
-113.563957,48.685634,0 
-113.562841,48.686994,0 
-113.557863,48.688467,0 
-113.557177,48.689034,0 
-113.555717,48.691244,0 
-113.550396,48.693283,0 
-113.549795,48.693397,0 
-113.543873,48.69368,0 
-113.543444,48.69385,0 
-113.542414,48.69504,0 
-113.54104,48.69504,0 
-113.539667,48.694586,0 
-113.537521,48.694756,0 
-113.535719,48.693963,0 
-113.53323,48.69351,0 
-113.532114,48.692773,0 
-113.530483,48.69045,0 
-113.52911,48.689601,0 
-113.527994,48.688637,0 
-113.527393,48.688751,0 
-113.525591,48.69113,0 
-113.522501,48.692264,0 
-113.509798,48.696966,0 
-113.499327,48.703934,0 
-113.494778,48.706199,0 
-113.492289,48.708521,0 
-113.487997,48.709937,0 
-113.47744,48.714638,0 
-113.476238,48.716167,0 
-113.473749,48.720018,0 
-113.470316,48.723302,0 
-113.468513,48.727039,0 
-113.463364,48.730662,0 
-113.461733,48.732531,0 
-113.460016,48.73621,0 
-113.455381,48.741644,0 
-113.448944,48.748493,0 
-113.446798,48.749964,0 
-113.445339,48.749964,0 
-113.443623,48.749115,0 
-113.438129,48.746229,0 
-113.429289,48.743512,0 
-113.428774,48.747304,0 
-113.426285,48.75053,0 
-113.416929,48.759018,0 
-113.413239,48.768183,0 
-113.413239,48.776555,0 
-113.40723,48.790015,0 
-113.407745,48.793747,0 
-113.412724,48.808559,0 
-113.416843,48.812968,0 
-113.419418,48.816246,0 
-113.419933,48.819863,0 
-113.416843,48.825175,0 
-113.417015,48.838735,0 
-113.416328,48.842463,0 
-113.417358,48.843706,0 
-113.432465,48.855793,0 
-113.436413,48.856809,0 
-113.440189,48.851275,0 
-113.442421,48.850145,0 
-113.449631,48.849242,0 
-113.451519,48.847773,0 
-113.457184,48.842802,0 
-113.460102,48.840204,0 
-113.46096,48.838848,0 
-113.467484,48.838622,0 
-113.469715,48.838622,0 
-113.475723,48.836023,0 
-113.479671,48.835458,0 
-113.487911,48.834216,0 
-113.490314,48.833877,0 
-113.494778,48.834555,0 
-113.497353,48.83399,0 
-113.502502,48.834442,0 
-113.509884,48.831843,0 
-113.514004,48.831617,0 
-113.520699,48.830374,0 
-113.523788,48.830261,0 
-113.529453,48.830035,0 
-113.532887,48.829922,0 
-113.536491,48.829809,0 
-113.54147,48.829809,0 
-113.549881,48.828227,0 
-113.551426,48.826983,0 
-113.557606,48.82687,0 
-113.561726,48.825627,0 
-113.566017,48.82574,0 
-113.578892,48.82235,0 
-113.595371,48.815568,0 
-113.599663,48.813533,0 
-113.603439,48.811725,0 
-113.608074,48.811159,0 
-113.612022,48.809238,0 
-113.613911,48.807768,0 
-113.616314,48.807316,0 
-113.620434,48.806411,0 
-113.623695,48.805394,0 
-113.626442,48.805394,0 
-113.629704,48.805846,0 
-113.632278,48.805846,0 
-113.639488,48.80415,0 
-113.646011,48.803585,0 
-113.651333,48.801323,0 
-113.654594,48.800984,0 
-113.656311,48.800984,0 
-113.659573,48.800645,0 
-113.662834,48.800193,0 
-113.665237,48.799175,0 
-113.666954,48.798836,0 
-113.668327,48.797592,0 
</coordinates>
</LineString>
</Placemark>

<Placemark><name>day 177</name>
<description>Into Idaho</description>
<styleUrl>#linecolor</styleUrl>
<LineString>
<tessellate>1</tessellate>
<altitudeMode>clampToGround</altitudeMode>
<coordinates>
-113.998089,48.483959,0 
-114.000664,48.484301,0 
-114.001522,48.482935,0 
-114.001865,48.480091,0 
-114.000664,48.47588,0 
-113.996887,48.470417,0 
-113.996887,48.467914,0 
-113.999119,48.464157,0 
-114.009247,48.45801,0 
-114.016457,48.45266,0 
-114.020748,48.451521,0 
-114.028816,48.44913,0 
-114.038601,48.44264,0 
-114.042549,48.435123,0 
-114.042377,48.426239,0 
-114.049416,48.413707,0 
-114.044094,48.405389,0 
-114.040833,48.394562,0 
-114.042206,48.390572,0 
-114.045296,48.38795,0 
-114.054909,48.385328,0 
-114.073963,48.385556,0 
-114.081688,48.383732,0 
-114.092503,48.387722,0 
-114.095592,48.388178,0 
-114.097996,48.387152,0 
-114.103146,48.38567,0 
-114.107952,48.3851,0 
-114.118252,48.38453,0 
-114.121342,48.383162,0 
-114.148979,48.363891,0 
-114.16254,48.363663,0 
-114.170952,48.366742,0 
-114.177132,48.367312,0 
-114.179878,48.369137,0 
-114.181423,48.371076,0 
-114.24099,48.370848,0 
-114.240818,48.322017,0 
-114.241333,48.319277,0 
-114.27618,48.249369,0 
-114.276009,48.226845,0 
-114.277039,48.223872,0 
-114.27721,48.214379,0 
-114.29266,48.209231,0 
-114.295406,48.206715,0 
-114.295406,48.205571,0 
-114.325104,48.200308,0 
-114.333172,48.200308,0 
-114.335575,48.199507,0 
-114.339523,48.196875,0 
-114.35257,48.196761,0 
-114.372654,48.196989,0 
-114.411793,48.182913,0 
-114.419518,48.17822,0 
-114.434452,48.161276,0 
-114.439945,48.152573,0 
-114.458828,48.135736,0 
-114.459858,48.134132,0 
-114.460545,48.124966,0 
-114.463291,48.117059,0 
-114.468613,48.111099,0 
-114.474449,48.105253,0 
-114.48595,48.100324,0 
-114.491444,48.096426,0 
-114.504318,48.092643,0 
-114.518566,48.092528,0 
-114.528866,48.090693,0 
-114.531784,48.091037,0 
-114.536934,48.093101,0 
-114.545345,48.095394,0 
-114.554615,48.09826,0 
-114.572983,48.102044,0 
-114.577789,48.102044,0 
-114.583454,48.102846,0 
-114.589291,48.106514,0 
-114.591866,48.108921,0 
-114.596844,48.111443,0 
-114.59856,48.113277,0 
-114.600964,48.114423,0 
-114.603024,48.114767,0 
-114.619503,48.113964,0 
-114.621735,48.113621,0 
-114.622765,48.11236,0 
-114.627571,48.107546,0 
-114.635124,48.102731,0 
-114.646797,48.099292,0 
-114.651775,48.098031,0 
-114.653492,48.096426,0 
-114.664822,48.083928,0 
-114.668255,48.078652,0 
-114.704819,48.049169,0 
-114.707394,48.044808,0 
-114.711685,48.037692,0 
-114.71529,48.035741,0 
-114.719925,48.034708,0 
-114.72971,48.034823,0 
-114.733486,48.033904,0 
-114.770393,48.031035,0 
-114.784126,48.03092,0 
-114.808846,48.025869,0 
-114.820862,48.027361,0 
-114.823265,48.028853,0 
-114.825668,48.031494,0 
-114.836655,48.042972,0 
-114.8382,48.044005,0 
-114.841461,48.044349,0 
-114.845581,48.044234,0 
-114.863091,48.043087,0 
-114.890041,48.03884,0 
-114.904289,48.034478,0 
-114.909439,48.032527,0 
-114.913044,48.032756,0 
-114.917679,48.030461,0 
-114.920425,48.030346,0 
-114.938278,48.032642,0 
-114.941196,48.032642,0 
-114.946003,48.031035,0 
-114.950638,48.029657,0 
-114.955273,48.027246,0 
-114.962654,48.026787,0 
-114.971924,48.02495,0 
-114.978275,48.023687,0 
-114.983253,48.023572,0 
-114.98703,48.024032,0 
-115.005226,48.027017,0 
-115.010376,48.026098,0 
-115.012779,48.023572,0 
-115.015182,48.019439,0 
-115.017757,48.018635,0 
-115.021191,48.018635,0 
-115.023766,48.019669,0 
-115.02634,48.022195,0 
-115.03252,48.022654,0 
-115.036983,48.024261,0 
-115.043678,48.024376,0 
-115.052776,48.028394,0 
-115.062561,48.032527,0 
-115.070114,48.034823,0 
-115.078869,48.040906,0 
-115.08934,48.044808,0 
-115.091915,48.0463,0 
-115.134144,48.079685,0 
-115.147018,48.085189,0 
-115.160236,48.087597,0 
-115.162296,48.087597,0 
-115.168133,48.085533,0 
-115.172596,48.085877,0 
-115.181694,48.086795,0 
-115.186501,48.088285,0 
-115.195084,48.086909,0 
-115.198689,48.084042,0 
-115.205898,48.081978,0 
-115.21328,48.079341,0 
-115.215855,48.079111,0 
-115.220833,48.080717,0 
-115.223064,48.079799,0 
-115.226154,48.078308,0 
-115.229759,48.077276,0 
-115.235767,48.074179,0 
-115.250187,48.070509,0 
-115.262375,48.069018,0 
-115.26598,48.069018,0 
-115.26804,48.068788,0 
-115.269756,48.067756,0 
-115.270615,48.065806,0 
-115.270271,48.061905,0 
-115.270958,48.060414,0 
-115.279198,48.055251,0 
-115.280399,48.052726,0 
-115.280743,48.049284,0 
-115.285549,48.045382,0 
-115.342541,48.02518,0 
-115.345974,48.02495,0 
-115.349236,48.025295,0 
-115.351639,48.025754,0 
-115.363998,48.034823,0 
-115.372581,48.061905,0 
-115.372581,48.067641,0 
-115.37653,48.071885,0 
-115.384941,48.093789,0 
-115.387001,48.095165,0 
-115.389404,48.095853,0 
-115.395412,48.096082,0 
-115.398502,48.098146,0 
-115.400047,48.100095,0 
-115.40554,48.103534,0 
-115.406914,48.1064,0 
-115.428715,48.125195,0 
-115.430431,48.128518,0 
-115.432491,48.13459,0 
-115.442963,48.148565,0 
-115.443134,48.151085,0 
-115.443649,48.157269,0 
-115.448627,48.175816,0 
-115.447941,48.176961,0 
-115.442963,48.182112,0 
-115.442619,48.184859,0 
-115.444336,48.192183,0 
-115.445881,48.194129,0 
-115.448627,48.196074,0 
-115.461159,48.214036,0 
-115.47678,48.224673,0 
-115.481071,48.229018,0 
-115.485191,48.250169,0 
-115.497208,48.268455,0 
-115.506821,48.276453,0 
-115.508366,48.278509,0 
-115.509911,48.280908,0 
-115.521927,48.305121,0 
-115.521927,48.307747,0 
-115.520039,48.32761,0 
-115.519009,48.330577,0 
-115.517292,48.346895,0 
-115.518837,48.349062,0 
-115.521069,48.350888,0 
-115.531883,48.356363,0 
-115.534115,48.358987,0 
-115.548706,48.37997,0 
-115.548706,48.386126,0 
-115.558147,48.389432,0 
-115.565872,48.394334,0 
-115.570507,48.396157,0 
-115.599861,48.410859,0 
-115.609818,48.423049,0 
-115.62973,48.429884,0 
-115.639687,48.43649,0 
-115.650673,48.439679,0 
-115.660973,48.444006,0 
-115.666466,48.444462,0 
-115.672646,48.444462,0 
-115.695305,48.446739,0 
-115.716248,48.446739,0 
-115.731354,48.446739,0 
-115.739937,48.448788,0 
-115.769463,48.45266,0 
-115.775642,48.450838,0 
-115.779762,48.448333,0 
-115.802765,48.444917,0 
-115.812721,48.445145,0 
-115.825081,48.441273,0 
-115.85907,48.437401,0 
-115.873833,48.443095,0 
-115.875893,48.44765,0 
-115.883446,48.451066,0 
-115.893059,48.45858,0 
-115.899582,48.4711,0 
-115.907135,48.48157,0 
-115.918808,48.493857,0 
-115.919838,48.500455,0 
-115.952797,48.533203,0 
-115.973053,48.564794,0 
-115.973053,48.56752,0 
-115.975456,48.571155,0 
-115.9758,48.572064,0 
-115.977173,48.573427,0 
-115.978546,48.57479,0 
-115.980606,48.57638,0 
-115.981979,48.577516,0 
-115.983009,48.580923,0 
-115.985069,48.585692,0 
-115.992966,48.59523,0 
-116.006012,48.602268,0 
-116.017685,48.606582,0 
-116.028671,48.613165,0 
-116.030731,48.619747,0 
-116.040001,48.627463,0 
-116.045494,48.629959,0 
-116.05442,48.637446,0 
-116.06163,48.648108,0 
-116.060944,48.652418,0 
-116.064034,48.655593,0 
-116.073303,48.658541,0 
-116.081543,48.666251,0 
-116.085663,48.67192,0 
-116.092186,48.687334,0 
-116.095619,48.688921,0 
-116.101799,48.690507,0 
-116.106949,48.69096,0 
-116.116219,48.694813,0 
-116.121368,48.700931,0 
-116.136475,48.722906,0 
-116.139908,48.725171,0 
-116.143341,48.725623,0 
-116.148491,48.726303,0 
-116.153641,48.72585,0 
-116.159821,48.722,0 
-116.168404,48.722226,0 
-116.175613,48.727435,0 
-116.17836,48.728568,0 
-116.184196,48.732417,0 
-116.18969,48.732417,0 
-116.202393,48.726982,0 
-116.207199,48.726756,0 
-116.221619,48.728568,0 
-116.244965,48.731512,0 
-116.298523,48.731738,0 
-116.299896,48.730379,0 
-116.303673,48.724718,0 
-116.310883,48.719735,0 
-116.309853,48.717696,0 
-116.305046,48.713619,0 
-116.303329,48.711127,0 
-116.310196,48.707955,0 
-116.308479,48.706596,0 
-116.313629,48.702517,0 
-116.311913,48.698439,0 
-116.309853,48.696853,0 
-116.310196,48.69504,0 
-116.315689,48.693,0 
-116.315689,48.687334,0 
-116.336288,48.67464,0 
-116.337662,48.671466,0 
-116.336975,48.662396,0 
-116.341782,48.654686,0 
-116.351395,48.644025,0 
-116.347275,48.633135,0 
-116.349335,48.62769,0 
-116.352081,48.619293,0 
-116.363068,48.608852,0 
-116.375771,48.602722,0 
-116.391563,48.569111,0 
-116.397057,48.561613,0 
-116.407013,48.547751,0 
-116.431046,48.528201,0 
-116.438255,48.523199,0 
-116.444092,48.517741,0 
-116.444435,48.509099,0 
-116.447182,48.503185,0 
-116.459198,48.487714,0 
-116.477394,48.452887,0 
-116.49147,48.433073,0 
-116.496964,48.422821,0 
-116.514473,48.414391,0 
-116.518593,48.411656,0 
-116.527176,48.408238,0 
-116.530609,48.400488,0 
-116.540222,48.390002,0 
-116.544685,48.380426,0 
-116.547432,48.373584,0 
-116.547432,48.361952,0 
-116.548119,48.32955,0 
-116.546273,48.326668,0 
-116.54623,48.309088,0 
-116.545157,48.309088,0 
-116.544428,48.309231,0 
-116.544256,48.308946,0 
-116.543655,48.309088,0 
</coordinates>
</LineString>
</Placemark>

<Placemark><name>day 178</name>
<description>Into Washington</description>
<styleUrl>#linecolor</styleUrl>
<LineString>
<tessellate>1</tessellate>
<altitudeMode>clampToGround</altitudeMode>
<coordinates>
-116.542969,48.309288,0 
-116.544514,48.309174,0 
-116.545458,48.30906,0 
-116.546402,48.30906,0 
-116.546144,48.301981,0 
-116.547775,48.298498,0 
-116.549149,48.292559,0 
-116.550436,48.291131,0 
-116.550608,48.289989,0 
-116.552925,48.289076,0 
-116.553183,48.287705,0 
-116.552668,48.283421,0 
-116.553268,48.279994,0 
-116.553354,48.27571,0 
-116.55344,48.273025,0 
-116.547689,48.273025,0 
-116.547861,48.270797,0 
-116.544085,48.270454,0 
-116.543226,48.270283,0 
-116.538591,48.265427,0 
-116.53842,48.261084,0 
-116.538849,48.236108,0 
-116.540909,48.229476,0 
-116.551208,48.220784,0 
-116.558075,48.214608,0 
-116.559448,48.209575,0 
-116.570091,48.198591,0 
-116.590347,48.187835,0 
-116.592064,48.185317,0 
-116.593437,48.174786,0 
-116.59996,48.15807,0 
-116.600304,48.13585,0 
-116.600304,48.134017,0 
-116.610603,48.123934,0 
-116.623306,48.096426,0 
-116.634293,48.07785,0 
-116.635323,48.071656,0 
-116.643562,48.055365,0 
-116.644249,48.048021,0 
-116.641502,48.03884,0 
-116.648026,48.023458,0 
-116.674118,48.001868,0 
-116.678925,47.993828,0 
-116.683388,47.99153,0 
-116.696434,47.989003,0 
-116.697464,47.987164,0 
-116.698151,47.983488,0 
-116.699524,47.913581,0 
-116.786728,47.822146,0 
-116.788101,47.817765,0 
-116.790161,47.773253,0 
-116.791534,47.757329,0 
-116.790848,47.748096,0 
-116.792221,47.740709,0 
-116.791878,47.698903,0 
-116.807671,47.699827,0 
-116.853676,47.708375,0 
-116.890755,47.709531,0 
-116.904144,47.712765,0 
-116.95118,47.712072,0 
-116.959419,47.714382,0 
-116.983795,47.710917,0 
-117.002335,47.7093,0 
-117.022591,47.70052,0 
-117.051086,47.695437,0 
-117.087135,47.681339,0 
-117.099838,47.678796,0 
-117.105675,47.676716,0 
-117.110825,47.670243,0 
-117.132797,47.665387,0 
-117.178459,47.665619,0 
-117.224808,47.674173,0 
-117.233047,47.674173,0 
-117.2509,47.673942,0 
-117.26635,47.675329,0 
-117.294502,47.67163,0 
-117.313728,47.663306,0 
-117.326775,47.653825,0 
-117.390289,47.653825,0 
-117.390718,47.653305,0 
-117.394152,47.652322,0 
-117.403421,47.652149,0 
-117.410288,47.6529,0 
-117.411404,47.653189,0 
-117.41106,47.6603,0 
-117.42342,47.660185,0 
-117.423506,47.660936,0 
-117.423248,47.661803,0 
-117.424965,47.662381,0 
-117.426682,47.662381,0 
-117.426682,47.652611,0 
-117.431831,47.652091,0 
-117.443933,47.649662,0 
-117.474403,47.636709,0 
-117.48024,47.634396,0 
-117.504272,47.642955,0 
-117.786827,47.643649,0 
-117.821159,47.658219,0 
-117.865791,47.670011,0 
-117.897377,47.669318,0 
-117.954025,47.657988,0 
-118.032303,47.657988,0 
-118.129807,47.657525,0 
-118.143196,47.654057,0 
-118.160019,47.653594,0 
-118.217354,47.642955,0 
-118.304214,47.642723,0 
-118.314514,47.644574,0 
-118.34507,47.658219,0 
-118.351593,47.664462,0 
-118.369446,47.674404,0 
-118.379402,47.684575,0 
-118.45562,47.726161,0 
-118.470383,47.733782,0 
-118.472786,47.737476,0 
-118.478622,47.748558,0 
-118.506432,47.758714,0 
-118.528061,47.758945,0 
-118.543854,47.763099,0 
-118.618011,47.758022,0 
-118.629684,47.758945,0 
-118.648567,47.757791,0 
-118.662987,47.756175,0 
-118.675003,47.75756,0 
-118.701782,47.758022,0 
-118.722382,47.763792,0 
-118.722382,47.770945,0 
-118.853531,47.883888,0 
-118.861427,47.892406,0 
-118.861771,47.900002,0 
-118.864861,47.902074,0 
-118.867264,47.903685,0 
-118.87825,47.906907,0 
-118.89061,47.913121,0 
-118.897133,47.914961,0 
-118.907433,47.920484,0 
-118.913612,47.921864,0 
-118.919792,47.921864,0 
-118.944168,47.916802,0 
-118.947601,47.917723,0 
-118.949318,47.924395,0 
-118.953094,47.924855,0 
-118.961678,47.925545,0 
-118.964424,47.926696,0 
-118.974724,47.930606,0 
-118.980217,47.930836,0 
-118.986397,47.933137,0 
-118.98777,47.933137,0 
-118.991203,47.933137,0 
-118.993607,47.934287,0 
-118.99704,47.934517,0 
-119.00116,47.934517,0 
-119.010859,47.939577,0 
-119.009829,47.939979,0 
-119.007597,47.940727,0 
-119.002533,47.941819,0 
-119.000559,47.942567,0 
-118.999529,47.943774,0 
-118.998671,47.944407,0 
-118.991461,47.947396,0 
-118.989143,47.949236,0 
-118.9888,47.950558,0 
-118.990173,47.95372,0 
-118.98983,47.954754,0 
-118.990431,47.955214,0 
-118.991547,47.955559,0 
-118.992062,47.956479,0 
-118.991547,47.957111,0 
-118.989916,47.957973,0 
-118.988714,47.958951,0 
-118.987255,47.960387,0 
-118.986483,47.96125,0 
-118.985023,47.961824,0 
-118.98468,47.961479,0 
-118.98571,47.960732,0 
-118.985968,47.960158,0 
-118.985281,47.961135,0 
-118.985023,47.961882,0 
-118.987169,47.96079,0 
-118.987513,47.959755,0 
-118.988285,47.958893,0 
-118.989658,47.958203,0 
-118.990088,47.957743,0 
-118.991718,47.956594,0 
-118.992062,47.955732,0 
-118.990602,47.955272,0 
-118.989744,47.954525,0 
-118.990002,47.953145,0 
-118.988972,47.950846,0 
-118.988972,47.949466,0 
-118.992491,47.946936,0 
-118.998756,47.944119,0 
-119.000816,47.942509,0 
-119.002533,47.941819,0 
-119.009829,47.940209,0 
-119.011116,47.939002,0 
-119.014463,47.936759,0 
-119.016867,47.936529,0 
-119.016781,47.937162,0 
-119.017553,47.937219,0 
-119.017811,47.936644,0 
-119.020729,47.936874,0 
-119.025793,47.934919,0 
-119.029226,47.934057,0 
-119.034033,47.934114,0 
-119.033947,47.934804,0
</coordinates>
</LineString>
</Placemark>

<Placemark><name>day 179</name>
<description>Across Washington</description>
<styleUrl>#linecolor</styleUrl>
<LineString>
<tessellate>1</tessellate>
<altitudeMode>clampToGround</altitudeMode>
<coordinates>
-119.033775,47.934632,0 
-119.033775,47.934287,0 
-119.045792,47.927961,0 
-119.061413,47.908518,0 
-119.076176,47.89091,0 
-119.080124,47.888377,0 
-119.088707,47.884578,0 
-119.092827,47.879858,0 
-119.093857,47.874447,0 
-119.091454,47.870992,0 
-119.096603,47.861434,0 
-119.09832,47.859706,0 
-119.109478,47.853832,0 
-119.122696,47.842888,0 
-119.135914,47.82664,0 
-119.138145,47.824566,0 
-119.142265,47.822376,0 
-119.147758,47.820532,0 
-119.153252,47.816152,0 
-119.156513,47.814999,0 
-119.159088,47.814307,0 
-119.162865,47.810618,0 
-119.168873,47.807967,0 
-119.183979,47.79955,0 
-119.212303,47.765292,0 
-119.217625,47.758714,0 
-119.22226,47.750866,0 
-119.229469,47.744056,0 
-119.232216,47.741863,0 
-119.236679,47.737245,0 
-119.242344,47.734013,0 
-119.262085,47.714497,0 
-119.273071,47.676253,0 
-119.273415,47.67267,0 
-119.272728,47.66874,0 
-119.261398,47.632429,0 
-119.261227,47.631156,0 
-119.262085,47.630115,0 
-119.284573,47.618777,0 
-119.291267,47.616116,0 
-119.297104,47.616578,0 
-119.331779,47.626298,0 
-119.344139,47.619818,0 
-119.383621,47.596672,0 
-119.387398,47.595977,0 
-119.393578,47.598061,0 
-119.397354,47.598061,0 
-119.407997,47.592273,0 
-119.41349,47.588799,0 
-119.42173,47.579768,0 
-119.436836,47.572588,0 
-119.446793,47.571198,0 
-119.453659,47.565407,0 
-119.460526,47.555445,0 
-119.465675,47.550348,0 
-119.468422,47.546872,0 
-119.468079,47.5427,0 
-119.485588,47.535979,0 
-119.499321,47.521838,0 
-119.501724,47.515578,0 
-119.501381,47.510244,0 
-119.505501,47.503751,0 
-119.510651,47.494705,0 
-119.514771,47.482873,0 
-119.514771,47.479624,0 
-119.5158,47.475216,0 
-119.513397,47.457112,0 
-119.499321,47.427158,0 
-119.495544,47.422513,0 
-119.494171,47.416937,0 
-119.490051,47.40625,0 
-119.486275,47.402532,0 
-119.485245,47.395328,0 
-119.483185,47.391144,0 
-119.484215,47.381149,0 
-119.53331,47.340451,0 
-119.54361,47.331377,0 
-119.560432,47.308336,0 
-119.579315,47.282723,0 
-119.580345,47.279229,0 
-119.578972,47.273639,0 
-119.580345,47.270843,0 
-119.604721,47.244746,0 
-119.831314,47.104251,0 
-119.835091,47.100746,0 
-119.85157,47.089059,0 
-119.861526,47.084618,0 
-119.87114,47.075967,0 
-119.878693,47.069888,0 
-119.938431,47.027546,0 
-119.954567,47.008821,0 
-119.96109,47.006714,0 
-119.97242,47.00367,0 
-119.974136,46.99969,0 
-119.972763,46.994773,0 
-119.967613,46.983297,0 
-119.96727,46.965259,0 
-119.962463,46.95823,0 
-119.962807,46.950497,0 
-119.961777,46.946044,0 
-119.961433,46.942996,0 
-119.958687,46.933151,0 
-119.956284,46.930103,0 
-119.95697,46.9294,0 
-119.95594,46.927993,0 
-119.95388,46.926821,0 
-119.951134,46.923304,0 
-119.94976,46.91791,0 
-119.946327,46.91322,0 
-119.947014,46.908764,0 
-119.954224,46.890935,0 
-119.95491,46.884131,0 
-119.95491,46.879672,0 
-119.95697,46.871458,0 
-119.937744,46.843521,0 
-119.939117,46.836006,0 
-119.919205,46.813689,0 
-119.923325,46.801235,0 
-119.925041,46.800294,0 
-119.924355,46.791833,0 
-119.930191,46.756798,0 
-119.927444,46.753505,0 
-119.917488,46.744331,0 
-119.916458,46.694196,0 
-119.894485,46.663811,0 
-119.86084,46.63883,0 
-119.853287,46.634822,0 
-119.840584,46.633879,0 
-119.802132,46.633408,0 
-119.747543,46.644015,0 
-119.74102,46.647079,0 
-119.736557,46.647079,0 
-119.726601,46.632936,0 
-119.726944,46.612658,0 
-119.731407,46.611243,0 
-119.735184,46.610771,0 
-119.736214,46.608177,0 
-119.727631,46.602988,0 
-119.727974,46.577507,0 
-119.791832,46.56901,0 
-119.802818,46.563345,0 
-119.809685,46.55768,0 
-119.820328,46.553194,0 
-119.85775,46.538554,0 
-119.870453,46.536429,0 
-119.877663,46.533831,0 
-119.880753,46.534067,0 
-119.879379,46.53076,0 
-119.877319,46.528398,0 
-119.873199,46.526273,0 
-119.873543,46.521784,0 
-119.876976,46.509971,0 
-119.892082,46.500283,0 
-119.901009,46.497447,0 
-119.911995,46.486338,0 
-119.916115,46.486338,0 
-119.922295,46.481137,0 
-119.930534,46.476409,0 
-119.932938,46.468606,0 
-119.935684,46.461748,0 
-119.938087,46.458437,0 
-119.937057,46.433598,0 
-119.944954,46.417979,0 
-119.947014,46.415139,0 
-119.95079,46.395489,0 
-119.978256,46.366594,0 
-119.978943,46.329862,0 
-119.978256,46.306861,0 
-120.039711,46.306387,0 
-120.046921,46.30947,0 
-120.05928,46.319904,0 
-120.07576,46.324883,0 
-120.084343,46.328439,0 
-120.119362,46.331047,0 
-120.133438,46.338158,0 
-120.163651,46.338869,0 
-120.18631,46.35143,0 
-120.200043,46.357354,0 
-120.223045,46.379386,0 
-120.241585,46.391938,0 
-120.241585,46.39099,0 
-120.239353,46.389214,0 
-120.240555,46.392174,0 
-120.237808,46.390754,0 
-120.22253,46.37986,0 
-120.198154,46.355696,0 
-120.181332,46.347994,0 
-120.178928,46.345506,0 
-120.18322,46.344084,0 
-120.190258,46.335788,0 
-120.192661,46.336736,0 
-120.193176,46.336143,0 
-120.191288,46.335195,0 
-120.182877,46.344795,0 
-120.177383,46.345861,0 
-120.167599,46.34041,0 
-120.154209,46.33804,0 
-120.13361,46.337566,0 
-120.122108,46.331758,0 
-120.081768,46.327846,0 
-120.057049,46.3186,0 
-120.043488,46.307336,0 
-119.974995,46.306268,0 
-119.971561,46.305675,0 
-119.932766,46.276733,0 
-119.927959,46.271868,0 
-119.924183,46.270681,0 
-119.896374,46.264511,0 
-119.879723,46.256203,0 
-119.870281,46.251692,0 
-119.81741,46.237921,0 
-119.801102,46.22664,0 
-119.791489,46.222603,0 
-119.779987,46.221296,0 
-119.754581,46.220702,0 
-119.744282,46.214882,0 
-119.747372,46.213694,0 
-119.747715,46.208468,0 
-119.748573,46.206092,0 
-119.732952,46.208349,0 
-119.727116,46.208468,0 
-119.725227,46.207161,0 
-119.723682,46.20229,0 
-119.717674,46.199438,0 
-119.713039,46.200508,0 
-119.70789,46.205022,0 
-119.706688,46.204785,0 
-119.705658,46.20324,0 
-119.705658,46.189932,0 
-119.704456,46.188506,0 
-119.700508,46.187318,0 
-119.603348,46.186011,0 
-119.601974,46.183158,0 
-119.600601,46.177453,0 
-119.602661,45.97072,0 
-119.601288,45.965947,0 
-119.602661,45.959742,0 
-119.602661,45.938258,0 
-119.548416,45.942556,0 
-119.43924,45.948285,0 
-119.4104,45.95831,0 
-119.404907,45.955924,0 
-119.402161,45.948763,0 
-119.350662,45.945421,0 
-119.335556,45.945421,0 
-119.319763,45.916766,0 
-119.305344,45.918677,0 
-119.289551,45.859412,0 
-119.289551,45.849847,0 
-119.290924,45.839803,0 
</coordinates>
</LineString>
</Placemark>

<Placemark><name>day 180</name>
<description>To Mt Hood</description>
<styleUrl>#linecolor</styleUrl>
<LineString>
<tessellate>1</tessellate>
<altitudeMode>clampToGround</altitudeMode>
<coordinates>
-119.290237,45.83478,0 
-119.310837,45.835019,0 
-119.31118,45.817794,0 
-119.31324,45.814683,0 
-119.318733,45.809418,0 
-119.32045,45.804632,0 
-119.32148,45.799366,0 
-119.321823,45.7862,0 
-119.32354,45.783567,0 
-119.660339,45.840759,0 
-119.882812,45.821622,0 
-120.011902,45.798648,0 
-120.0634,45.775186,0 
-120.110779,45.767523,0 
-120.144424,45.757463,0 
-120.16983,45.749319,0 
-120.200043,45.72248,0 
-120.226822,45.717207,0 
-120.281754,45.706659,0 
-120.356598,45.699945,0 
-120.38063,45.693711,0 
-120.39299,45.691312,0 
-120.408783,45.691792,0 
-120.421143,45.690353,0 
-120.443115,45.690353,0 
-120.487747,45.687475,0 
-120.5159,45.696109,0 
-120.552292,45.723918,0 
-120.564651,45.731108,0 
-120.596924,45.739735,0 
-120.625076,45.739735,0 
-120.644302,45.73638,0 
-120.653229,45.727753,0 
-120.665588,45.724877,0 
-120.682068,45.712892,0 
-120.695801,45.707138,0 
-120.717773,45.703782,0 
-120.739059,45.695149,0 
-120.761032,45.689394,0 
-120.783005,45.683158,0 
-120.806351,45.677401,0 
-120.82695,45.674043,0 
-120.866776,45.657728,0 
-120.885315,45.644288,0 
-120.892868,45.639488,0 
-120.918274,45.634206,0 
-120.925827,45.638527,0 
-120.94162,45.650528,0 
-120.949173,45.653888,0 
-120.969086,45.645728,0 
-120.982819,45.642848,0 
-120.991058,45.646688,0 
-121.06041,45.648128,0 
-121.096115,45.636127,0 
-121.112595,45.61884,0 
-121.119461,45.614518,0 
-121.128387,45.605391,0 
-121.15448,45.600587,0 
-121.173019,45.599146,0 
-121.186066,45.605391,0 
-121.201172,45.607793,0 
-121.214218,45.627004,0 
-121.208725,45.642368,0 
-121.220398,45.663966,0 
-121.240311,45.668285,0 
-121.25061,45.669245,0 
-121.276016,45.675482,0 
-121.287003,45.676921,0 
-121.291122,45.682199,0 
-121.300049,45.688435,0 
-121.306229,45.693231,0 
-121.320648,45.695629,0 
-121.326141,45.692272,0 
-121.335068,45.69467,0 
-121.346741,45.69467,0 
-121.352921,45.696588,0 
-121.362534,45.693711,0 
-121.378326,45.695629,0 
-121.394806,45.686036,0 
-121.410599,45.686996,0 
-121.425705,45.686036,0 
-121.431885,45.686996,0 
-121.446304,45.69467,0 
-121.456604,45.695629,0 
-121.49231,45.709536,0 
-121.500549,45.710495,0 
-121.509819,45.710495,0 
-121.519775,45.713132,0 
-121.530418,45.712652,0 
-121.545525,45.712892,0 
-121.567841,45.707138,0 
-121.57814,45.707138,0 
-121.588783,45.70498,0 
-121.609039,45.704741,0 
-121.617622,45.704501,0 
-121.628952,45.699706,0 
-121.632385,45.699466,0 
-121.640625,45.699466,0 
-121.653328,45.698507,0 
-121.666374,45.696588,0 
-121.673241,45.69467,0 
-121.682167,45.693711,0 
-121.686974,45.692032,0 
-121.693153,45.687955,0 
-121.70208,45.687475,0 
-121.706886,45.687235,0 
-121.711349,45.687235,0 
-121.714096,45.687235,0 
-121.719246,45.689634,0 
-121.725082,45.690593,0 
-121.730919,45.690593,0 
-121.735382,45.691073,0 
-121.740189,45.692272,0 
-121.743965,45.692272,0 
-121.754608,45.690833,0 
-121.757698,45.690833,0 
-121.762161,45.691073,0 
-121.766281,45.691073,0 
-121.774178,45.691073,0 
-121.778984,45.690113,0 
-121.781731,45.690113,0 
-121.785851,45.692512,0 
-121.788254,45.692512,0 
-121.792374,45.693471,0 
-121.796494,45.69467,0 
-121.799927,45.695869,0 
-121.804047,45.696828,0 
-121.80851,45.696828,0 
-121.81366,45.696828,0 
-121.820183,45.697068,0 
-121.826019,45.697068,0 
-121.832542,45.695869,0 
-121.837349,45.691792,0 
-121.842155,45.686036,0 
-121.845589,45.681719,0 
-121.852798,45.6798,0 
-121.858635,45.677401,0 
-121.866531,45.675722,0 
-121.876488,45.672603,0 
-121.886101,45.668765,0 
-121.895027,45.663487,0 
-121.899147,45.657488,0 
-121.903954,45.652928,0 
-121.91494,45.648608,0 
-121.92318,45.645488,0 
-121.929016,45.643088,0 
-121.933479,45.639728,0 
-121.936569,45.638287,0 
-121.944294,45.636127,0 
-121.947727,45.635167,0 
-121.95116,45.634086,0 
-121.954765,45.631686,0 
-121.96043,45.630965,0 
-121.96764,45.628084,0 
-121.97588,45.624123,0 
-121.984806,45.620041,0 
-121.992702,45.617519,0 
-122.000256,45.613317,0 
-122.002144,45.613077,0 
-122.009525,45.612596,0 
-122.015877,45.612116,0 
-122.026863,45.610435,0 
-122.032528,45.608394,0 
-122.042484,45.602389,0 
-122.044373,45.602509,0 
-122.047634,45.600707,0 
-122.050552,45.596864,0 
-122.047977,45.594222,0 
-122.047806,45.593501,0 
-122.051067,45.596504,0 
-122.047977,45.599747,0 
-122.043343,45.600707,0 
-122.041111,45.60335,0 
-122.030468,45.608754,0 
-122.019997,45.611636,0 
-122.010384,45.612837,0 
-122.000427,45.613077,0 
-121.992531,45.61764,0 
-121.98,45.621962,0 
-121.960773,45.630965,0 
-121.958714,45.631206,0 
-121.954422,45.632286,0 
-121.949272,45.634807,0 
-121.932793,45.639248,0 
-121.92524,45.643808,0 
-121.906872,45.651368,0 
-121.901035,45.655448,0 
-121.894512,45.662287,0 
-121.886959,45.668525,0 
-121.87254,45.674043,0 
-121.85915,45.676562,0 
-121.850739,45.68004,0 
-121.842499,45.684837,0 
-121.837864,45.691073,0 
-121.832371,45.695749,0 
-121.807823,45.697188,0 
-121.798382,45.695509,0 
-121.78997,45.693351,0 
-121.784134,45.692032,0 
-121.780529,45.690593,0 
-121.764908,45.691193,0 
-121.755123,45.690233,0 
-121.742764,45.692272,0 
-121.73727,45.692631,0 
-121.731262,45.690713,0 
-121.718903,45.690353,0 
-121.713924,45.687475,0 
-121.707401,45.686756,0 
-121.701908,45.687715,0 
-121.695728,45.687715,0 
-121.691093,45.688914,0 
-121.683884,45.693471,0 
-121.680279,45.69443,0 
-121.670322,45.695269,0 
-121.666546,45.697188,0 
-121.639767,45.699945,0 
-121.632729,45.699226,0 
-121.629295,45.699706,0 
-121.619511,45.703902,0 
-121.617622,45.704381,0 
-121.615047,45.704381,0 
-121.589642,45.7051,0 
-121.57917,45.707258,0 
-121.571102,45.707018,0 
-121.545868,45.712293,0 
-121.521835,45.712772,0 
-121.509819,45.710255,0 
-121.501751,45.710615,0 
-121.501923,45.709776,0 
-121.504326,45.710015,0 
-121.503639,45.708697,0 
-121.502781,45.707858,0 
-121.501579,45.70546,0 
-121.501751,45.704141,0 
-121.505356,45.702703,0 
-121.506386,45.701024,0 
-121.503811,45.698267,0 
-121.503639,45.696708,0 
-121.505356,45.69479,0 
-121.504841,45.691912,0 
-121.507416,45.689274,0 
-121.507759,45.688195,0 
-121.506557,45.684237,0 
-121.506729,45.682918,0 
-121.510849,45.675242,0 
-121.513252,45.670924,0 
-121.513424,45.665166,0 
-121.513767,45.652568,0 
-121.511879,45.645848,0 
-121.514282,45.641888,0 
-121.512909,45.635167,0 
-121.512737,45.631926,0 
-121.513939,45.629405,0 
-121.515827,45.627604,0 
-121.523724,45.626404,0 
-121.525269,45.625083,0 
-121.52647,45.625203,0 
-121.528187,45.624363,0 
-121.537457,45.624483,0 
-121.537971,45.620761,0 
-121.537285,45.61764,0 
-121.539173,45.61824,0 
-121.541405,45.61788,0 
-121.542091,45.613797,0 
-121.539516,45.612596,0 
-121.539516,45.608874,0 
-121.537971,45.607553,0 
-121.537628,45.606112,0 
-121.535912,45.605992,0 
-121.5378,45.60371,0 
-121.542435,45.601548,0 
-121.546383,45.600587,0 
-121.548443,45.597825,0 
-121.550503,45.594942,0 
-121.551018,45.59242,0 
-121.549816,45.587014,0 
-121.552563,45.580046,0 
-121.556511,45.570553,0 
-121.561832,45.562742,0 
-121.567841,45.556853,0 
-121.567841,45.522947,0 
-121.567497,45.521022,0 
-121.565437,45.516933,0 
-121.563721,45.506347,0 
-121.564064,45.505384,0 
-121.560974,45.501534,0 
-121.563034,45.494315,0 
-121.561317,45.486854,0 
-121.562004,45.470725,0 
-121.564751,45.466632,0 
-121.567154,45.465187,0 
-121.573677,45.464706,0 
-121.577454,45.463502,0 
-121.581573,45.460612,0 
-121.581917,45.457963,0 
-121.581917,45.456759,0 
-121.58226,45.455555,0 
-121.58226,45.453388,0 
-121.58226,45.451461,0 
-121.582603,45.449775,0 
-121.581573,45.446162,0 
-121.57608,45.441826,0 
-121.575737,45.435322,0 
-121.574364,45.430503,0 
-121.574364,45.425203,0 
-121.569901,45.421829,0 
-121.569214,45.420865,0 
-121.569214,45.418937,0 
-121.570587,45.415563,0 
-121.570587,45.413394,0 
-121.570587,45.410984,0 
-121.569214,45.40761,0 
-121.569214,45.404235,0 
-121.570587,45.400861,0 
-121.570244,45.398691,0 
-121.571617,45.397004,0 
-121.569557,45.394352,0 
-121.566811,45.377714,0 
-121.567154,45.373373,0 
-121.567497,45.369755,0 
-121.568184,45.3437,0 
-121.570587,45.339839,0 
-121.573334,45.336461,0 
-121.5802,45.332599,0 
-121.597023,45.322944,0 
-121.605606,45.321254,0 
-121.617279,45.320289,0 
-121.627922,45.320289,0 
-121.632385,45.318357,0 
-121.640282,45.316668,0 
-121.643715,45.313288,0 
-121.643372,45.31039,0 
-121.648178,45.31039,0 
-121.652641,45.309183,0 
-121.654701,45.311356,0 
-121.658821,45.314012,0 
-121.660881,45.313046,0 
-121.662941,45.30701,0 
-121.663971,45.305803,0 
-121.668262,45.305078,0 
-121.671009,45.304112,0 
-121.676159,45.299766,0 
-121.675129,45.296868,0 
-121.671181,45.291313,0 
-121.670837,45.287086,0 
-121.673584,45.285153,0 
-121.676674,45.283221,0 
-121.680965,45.284308,0 
-121.684742,45.283583,0 
-121.686459,45.284912,0 
-121.686459,45.289984,0 
-121.688004,45.291313,0 
-121.690235,45.291313,0 
-121.694527,45.289501,0 
-121.697617,45.289139,0 
-121.699677,45.287931,0 
-121.70517,45.284308,0 
-121.709461,45.283342,0 
-121.716156,45.284187,0 
-121.720791,45.283825,0 
-121.724052,45.283825,0 
-121.730061,45.287569,0 
-121.733665,45.289018,0 
-121.735382,45.290588,0 
-121.73521,45.292762,0 
-121.734695,45.293124,0 
-121.734695,45.29409,0 
-121.73418,45.295539,0 
-121.733837,45.296385,0 
-121.733837,45.299524,0 
-121.735382,45.300732,0 
-121.74036,45.301335,0 
-121.741219,45.301577,0 
-121.736584,45.302905,0 
-121.734867,45.306044,0 
-121.732807,45.306527,0 
-121.730919,45.305803,0 
-121.729202,45.303267,0 
-121.728344,45.301698,0 
-121.725426,45.302905,0 
-121.719761,45.304233,0 
-121.718044,45.304475,0 
-121.717186,45.305923,0 
-121.712551,45.305803,0 
-121.710835,45.306889,0 
-121.708946,45.305803,0 
-121.705685,45.306406,0 
-121.702595,45.305923,0 
-121.70105,45.306165,0 
-121.701736,45.307372,0 
-121.704655,45.307493,0 
-121.70723,45.308579,0 
-121.70723,45.310028,0 
-121.706543,45.310873,0 
-121.706543,45.314133,0 
-121.708603,45.316426,0 
-121.708946,45.318237,0 
-121.710577,45.320409,0 
-121.709719,45.321073,0 
-121.708174,45.321134,0 
-121.707745,45.32053,0 
-121.705685,45.318961,0 
-121.704483,45.31872,0 
-121.703796,45.320651,0 
-121.705084,45.322039,0 
-121.707916,45.325117,0 
-121.709461,45.324755,0 
-121.709805,45.324392,0 
-121.711092,45.325237,0 
-121.710835,45.326022,0 
-121.710234,45.326082,0 
-121.708517,45.325961,0 
-121.707916,45.326806,0 
-121.707916,45.327289,0 
-121.707573,45.330065,0 
-121.70826,45.330487,0 
-121.709204,45.330487,0 
-121.70886,45.329582,0 
-121.70886,45.328677,0 
-121.710749,45.328194,0 
-121.710749,45.328556,0 
-121.711006,45.325901,0 
-121.711092,45.325237,0 
-121.710835,45.324875,0 
-121.709976,45.324574,0 
-121.70886,45.324815,0 
-121.708002,45.324936,0 
-121.705942,45.322703,0 
-121.704311,45.321375,0 
-121.704054,45.320228,0 
-121.704912,45.318901,0 
-121.706457,45.319142,0 
-121.707916,45.321013,0 
-121.709375,45.321134,0 
-121.710491,45.320047,0 
-121.709118,45.318297,0 
-121.70886,45.316426,0 
-121.70723,45.314797,0 
-121.706457,45.310873,0 
-121.707916,45.309485,0 
-121.706972,45.308278,0 
-121.702251,45.307191,0 
-121.701479,45.306104,0 
-121.702251,45.305923,0 
-121.705599,45.306768,0 
-121.707745,45.305803,0 
-121.70929,45.305984,0 
-121.710577,45.30695,0 
-121.711264,45.306889,0 
-121.712465,45.305923,0 
-121.716928,45.306286,0 
-121.717615,45.305863,0 
-121.718216,45.304535,0 
-121.720018,45.304535,0 
-121.727057,45.301818,0 
-121.728601,45.301758,0 
-121.729202,45.302362,0 
-121.730232,45.305259,0 
-121.731949,45.306587,0 
-121.73358,45.306648,0 
-121.735125,45.305561,0 
-121.736498,45.302965,0 
-121.741219,45.301456,0 
-121.743279,45.301939,0 
-121.775379,45.303026,0 
-121.780872,45.303026,0 
-121.784048,45.303992,0 
-121.791172,45.306406,0 
-121.792717,45.307734,0 
-121.792374,45.308821,0 
-121.791,45.31039,0 
-121.791945,45.31196,0 
-121.800871,45.311839,0 
-121.805334,45.309304,0 
-121.809025,45.308519,0 
-121.819925,45.303207,0 
-121.822157,45.303026,0 
-121.823444,45.304112,0 
-121.824389,45.305803,0 
-121.825848,45.306406,0 
-121.82971,45.306587,0 
-121.83383,45.309666,0 
-121.835546,45.310149,0 
-121.839581,45.309545,0 
-121.847563,45.308096,0 
-121.851768,45.307734,0 
-121.855803,45.306829,0 
-121.869621,45.305139,0 
-121.870651,45.305199,0 
-121.891594,45.311899,0 
-121.894255,45.313167,0 
-121.900263,45.316849,0 
-121.904039,45.320651,0 
-121.907129,45.324634,0 
-121.910048,45.328677,0 
-121.912279,45.331091,0 
-121.917086,45.333685,0 
-121.925325,45.33809,0 
-121.935883,45.341951,0 
-121.943007,45.343821,0 
-121.947899,45.344665,0 
-121.956568,45.346234,0 
-121.98163,45.354317,0 
-121.996393,45.360107,0 
-122.012529,45.370057,0 
-122.017336,45.371564,0 
-122.047377,45.379643,0 
-122.062483,45.379462,0 
-122.070208,45.377533,0 
-122.081366,45.375785,0 
-122.105484,45.378076,0 
-122.110033,45.377593,0 
-122.113981,45.376327,0 
-122.119131,45.374096,0 
-122.141962,45.367223,0 
-122.158012,45.366559,0 
-122.174749,45.370358,0 
-122.176981,45.37066,0 
-122.183504,45.371142,0 
-122.199898,45.374639,0 
-122.203331,45.374699,0 
-122.214489,45.375182,0 
-122.221699,45.375785,0 
-122.22436,45.37693,0 
-122.225647,45.378317,0 
-122.227192,45.380909,0 
-122.230024,45.382658,0 
-122.249594,45.395436,0 
-122.253113,45.396582,0 
-122.256804,45.396762,0 
-122.260408,45.396341,0 
-122.263412,45.396341,0 
-122.265987,45.396702,0 
-122.270708,45.397606,0 
-122.299032,45.40767,0 
-122.301607,45.408996,0 
-122.337656,45.428937,0 
-122.346497,45.43472,0 
-122.372847,45.452665,0 
-122.375336,45.454471,0 
-122.393188,45.470424,0 
-122.395077,45.47223,0 
-122.395248,45.472892,0 
-122.396793,45.477346,0 
-122.39954,45.486914,0 
-122.402029,45.490284,0 
-122.413874,45.501835,0 
-122.413874,45.505745,0 
-122.414732,45.508151,0 
-122.414646,45.511941,0 
-122.413273,45.514046,0 
-122.412415,45.51567,0 
-122.412586,45.520481,0 
-122.413187,45.522526,0 
-122.413101,45.527697,0 
-122.413015,45.530162,0 
-122.413874,45.530824,0 
-122.416105,45.531305,0 
-122.417307,45.531365,0 
-122.418337,45.531966,0 
-122.418509,45.532748,0 
-122.418337,45.537197,0 
-122.405634,45.5387,0 
-122.396278,45.539,0 
-122.394648,45.539241,0 
-122.39336,45.539782,0 
-122.392073,45.540744,0 
-122.390528,45.540804,0 
-122.390528,45.544471,0 
-122.388639,45.544892,0 
-122.382116,45.544411,0 
-122.344007,45.541585,0 
-122.33079,45.539,0 
-122.323751,45.538399,0 
-122.311478,45.53888,0 
-122.30444,45.539481,0 
-122.294741,45.541585,0 
-122.288647,45.541826,0 
-122.283154,45.541405,0 
-122.277918,45.542006,0 
-122.275429,45.542126,0 
-122.27088,45.541946,0 
-122.26058,45.541465,0 
-122.251654,45.542187,0 
-122.224188,45.546394,0 
-122.210798,45.547897,0 
-122.199554,45.549039,0 
-122.192001,45.551624,0 
-122.177067,45.559557,0 
-122.157669,45.571515,0 
-122.151318,45.574038,0 
-122.142649,45.575901,0 
-122.124538,45.579025,0 
-122.120504,45.578784,0 
-122.117071,45.578304,0 
-122.111835,45.579385,0 
-122.103081,45.581367,0 
-122.096643,45.58389,0 
-122.092266,45.585032,0 
-122.078533,45.590558,0 
-122.066345,45.595363,0 
-122.05862,45.597705,0 
-122.050724,45.599627,0 
-122.044458,45.601368,0 
-122.043943,45.601188,0 
-122.043428,45.600647,0 
-122.047462,45.599927,0 
-122.047892,45.599867,0 
-122.050896,45.596624,0 
-122.048664,45.594582,0
</coordinates>
</LineString>
</Placemark>

<Placemark><name>day 183</name>
<description>Into Portland</description>
<styleUrl>#linecolor</styleUrl>
<LineString>
<tessellate>1</tessellate>
<altitudeMode>clampToGround</altitudeMode>
<coordinates>
-122.049007,45.595783,0 
-122.05081,45.596804,0 
-122.051754,45.596203,0 
-122.055531,45.594822,0 
-122.058535,45.59314,0 
-122.062569,45.591279,0 
-122.065144,45.590618,0 
-122.066774,45.590318,0 
-122.068148,45.589777,0 
-122.070465,45.589897,0 
-122.074928,45.589597,0 
-122.07922,45.588456,0 
-122.083597,45.586894,0 
-122.085228,45.586894,0 
-122.087975,45.585933,0 
-122.091064,45.584311,0 
-122.095442,45.58329,0 
-122.102909,45.580827,0 
-122.106771,45.580046,0 
-122.109947,45.579505,0 
-122.114496,45.578484,0 
-122.117071,45.577583,0 
-122.120161,45.577222,0 
-122.126598,45.575841,0 
-122.128143,45.57536,0 
-122.130976,45.576081,0 
-122.132521,45.57572,0 
-122.134581,45.57572,0 
-122.13707,45.57518,0 
-122.141533,45.57548,0 
-122.143078,45.57524,0 
-122.144108,45.574759,0 
-122.145138,45.574939,0 
-122.150631,45.572476,0 
-122.154322,45.571695,0 
-122.156639,45.571274,0 
-122.159557,45.56815,0 
-122.161446,45.567669,0 
-122.163248,45.566347,0 
-122.167883,45.563523,0 
-122.171745,45.56124,0 
-122.172174,45.560278,0 
-122.173805,45.559797,0 
-122.175865,45.557814,0 
-122.178783,45.555771,0 
-122.179041,45.55559,0 
-122.179728,45.554388,0 
-122.181273,45.553667,0 
-122.187109,45.551684,0 
-122.189426,45.550001,0 
-122.191744,45.54934,0 
-122.192688,45.548919,0 
-122.195263,45.548498,0 
-122.19655,45.547957,0 
-122.197151,45.547176,0 
-122.198524,45.546154,0 
-122.198782,45.545613,0 
-122.201271,45.54417,0 
-122.203159,45.543088,0 
-122.204361,45.542126,0 
-122.207279,45.541104,0 
-122.208309,45.541044,0 
-122.208996,45.541044,0 
-122.211056,45.541345,0 
-122.213974,45.540082,0 
-122.216978,45.539121,0 
-122.219381,45.538459,0 
-122.220583,45.538399,0 
-122.222042,45.538519,0 
-122.223415,45.538339,0 
-122.22496,45.537618,0 
-122.226162,45.537618,0 
-122.229595,45.536295,0 
-122.230024,45.535934,0 
-122.231741,45.535814,0 
-122.232771,45.535874,0 
-122.232685,45.535393,0 
-122.230711,45.535093,0 
-122.230024,45.535093,0 
-122.230196,45.534792,0 
-122.231398,45.534852,0 
-122.231741,45.534852,0 
-122.231655,45.534371,0 
-122.229939,45.534191,0 
-122.23011,45.53383,0 
-122.232771,45.534131,0 
-122.234144,45.533589,0 
-122.234659,45.532808,0 
-122.235432,45.533589,0 
-122.237234,45.534311,0 
-122.237749,45.534852,0 
-122.237835,45.535273,0 
-122.239294,45.536415,0 
-122.238865,45.537437,0 
-122.239122,45.537978,0 
-122.240324,45.537738,0 
-122.240753,45.538399,0 
-122.240753,45.53888,0 
-122.241354,45.539301,0 
-122.242126,45.539,0 
-122.243071,45.53888,0 
-122.243671,45.538279,0 
-122.244101,45.538459,0 
-122.244101,45.539782,0 
-122.244701,45.539782,0 
-122.244873,45.539421,0 
-122.244444,45.53864,0 
-122.244701,45.538399,0 
-122.246332,45.538219,0 
-122.247105,45.537738,0 
-122.247791,45.537197,0 
-122.248049,45.536295,0 
-122.248993,45.534972,0 
-122.249508,45.533349,0 
-122.250023,45.532507,0 
-122.251654,45.531906,0 
-122.255087,45.531305,0 
-122.258778,45.532267,0 
-122.26058,45.533529,0 
-122.265902,45.533229,0 
-122.269249,45.532387,0 
-122.272081,45.530643,0 
-122.274227,45.530283,0 
-122.2756,45.529802,0 
-122.281179,45.530463,0 
-122.283239,45.531966,0 
-122.288818,45.532507,0 
-122.290277,45.532327,0 
-122.290277,45.533169,0 
-122.290707,45.53383,0 
-122.290277,45.534612,0 
-122.289848,45.536175,0 
-122.287359,45.536475,0 
-122.284355,45.53882,0 
-122.284527,45.539,0 
-122.28796,45.539962,0 
-122.287703,45.540263,0 
-122.286758,45.540263,0 
-122.286758,45.540864,0 
-122.290106,45.541525,0 
-122.292938,45.541104,0 
-122.29414,45.540864,0 
-122.294912,45.541886,0 
-122.299891,45.540443,0 
-122.305899,45.539421,0 
-122.321177,45.53858,0 
-122.326841,45.538519,0 
-122.343493,45.541886,0 
-122.379627,45.54429,0 
-122.389841,45.545252,0 
-122.404432,45.544591,0 
-122.418337,45.539782,0 
-122.4228,45.539902,0 
-122.43207,45.541886,0 
-122.435074,45.541826,0 
-122.444601,45.539541,0 
-122.449665,45.539421,0 
-122.456017,45.539722,0 
-122.478075,45.541766,0 
-122.484598,45.542547,0 
-122.506056,45.542307,0 
-122.528114,45.544711,0 
-122.542105,45.546935,0 
-122.554035,45.547476,0 
-122.557468,45.546334,0 
-122.559013,45.54405,0 
-122.559786,45.540804,0 
-122.560472,45.536415,0 
-122.563562,45.53365,0 
-122.568541,45.531545,0 
-122.572403,45.531425,0 
-122.578068,45.533048,0 
-122.585878,45.535694,0 
-122.589483,45.535393,0 
-122.605448,45.527457,0 
-122.609396,45.527457,0 
-122.6124,45.528719,0 
-122.615232,45.530583,0 
-122.617121,45.531846,0 
-122.618837,45.532628,0 
-122.619267,45.53377,0 
-122.622871,45.53389,0 
-122.622957,45.512121,0 
-122.645102,45.512001,0 
-122.645187,45.504783,0 
-122.6227,45.504663,0 
-122.623215,45.523608,0 
-122.624331,45.523368,0 
-122.627335,45.522947,0 
-122.651625,45.523007,0 
-122.651625,45.52433,0 
-122.650423,45.52439,0 
-122.650423,45.524149,0 
-122.65214,45.523668,0 
-122.661924,45.523668,0 
-122.662268,45.523247,0 
-122.662611,45.522947,0 
-122.671623,45.523127,0 
-122.678747,45.523007,0 
-122.684155,45.522992,0 
-122.680056,45.521834,0 
-122.680056,45.522917,0 
-122.671666,45.523187,0 
-122.660723,45.522902,0 
-122.660701,45.525081,0 
-122.662954,45.525713,0 
-122.664413,45.526795,0 
-122.6651,45.529621,0 
-122.665615,45.53371,0 
-122.673683,45.542607,0 
-122.677717,45.545913,0 
-122.678833,45.548198,0 
-122.678747,45.578364,0 
-122.678747,45.582689,0 
-122.683039,45.59296,0 
-122.684498,45.597284,0 
-122.681837,45.606772,0 
-122.679348,45.610855,0 
-122.678533,45.610915,0 
-122.677631,45.611035,0 
-122.677331,45.612236,0 
-122.678061,45.612927,0 
-122.67982,45.613377,0 
-122.680678,45.613407,0 
-122.685378,45.615253,0 
-122.685549,45.615869,0 
-122.68718,45.616709,0 
</coordinates>
</LineString>
</Placemark>

<Placemark><name>day 185</name>
<description>around portland</description>
<styleUrl>#linecolor</styleUrl>
<LineString>
<tessellate>1</tessellate>
<altitudeMode>clampToGround</altitudeMode>
<coordinates>
-122.687416,45.616919,0 
-122.685699,45.615959,0 
-122.68527,45.615058,0 
-122.681236,45.613617,0 
-122.680035,45.613257,0 
-122.680807,45.611816,0 
-122.679348,45.611336,0 
-122.68158,45.607013,0 
-122.684069,45.600167,0 
-122.685442,45.595002,0 
-122.686987,45.590137,0 
-122.686901,45.584251,0 
-122.686901,45.577222,0 
-122.708616,45.577162,0 
-122.731962,45.585392,0 
-122.748957,45.589357,0 
-122.751532,45.589116,0 
-122.754622,45.590197,0 
-122.757368,45.59302,0 
-122.753506,45.594942,0 
-122.734022,45.590257,0 
-122.733421,45.589657,0 
-122.73385,45.588996,0 
-122.736597,45.586233,0 
-122.731705,45.585392,0 
-122.70999,45.577403,0 
-122.674799,45.577162,0 
-122.674971,45.555951,0 
-122.675443,45.55544,0 
-122.675529,45.547747,0 
-122.675529,45.55553,0 
-122.674928,45.555771,0 
-122.675056,45.562682,0 
-122.630639,45.562772,0 
-122.630682,45.566377,0 
-122.630682,45.535153,0 
-122.640853,45.535153,0 
-122.641625,45.535032,0 
-122.66171,45.535093,0 
-122.661796,45.522856,0 
-122.665401,45.523037,0 
-122.690549,45.522977,0 
-122.697287,45.523398,0 
-122.702909,45.5243,0 
-122.70647,45.524059,0 
-122.709818,45.523428,0 
-122.711835,45.522917,0 
-122.711105,45.522886,0 
-122.706857,45.523518,0 
-122.706814,45.518557,0 
-122.706857,45.519008,0 
-122.706599,45.523578,0 
-122.707458,45.523518,0 
-122.709217,45.523458,0 
-122.710891,45.522766,0 
-122.711492,45.522947,0 
-122.71029,45.523337,0 
-122.707286,45.523939,0 
-122.702308,45.52427,0 
-122.701192,45.523909,0 
-122.6963,45.523398,0 
-122.696342,45.526284,0 
-122.694368,45.526254,0 
-122.69424,45.524901,0 
-122.69424,45.523277,0 
-122.692137,45.523187,0 
-122.689862,45.523037,0 
-122.685528,45.522947,0 
-122.673383,45.523157,0 
-122.690163,45.523037,0 
-122.675142,45.519008,0 
-122.676601,45.516301,0 
-122.675571,45.51591,0 
-122.672181,45.522435,0 
-122.672267,45.523217,0 
-122.656732,45.522826,0 
-122.656689,45.512211,0 
-122.656517,45.520872,0 
-122.655659,45.521503,0 
-122.653642,45.522736,0 
-122.653599,45.523638,0 
-122.660809,45.523638,0 
-122.660594,45.534972,0 
-122.660594,45.535243,0 
-122.667933,45.535183,0 
-122.668018,45.536385,0 
-122.673597,45.542547,0 
-122.677803,45.546184,0 
-122.678747,45.548288,0 
-122.678533,45.5683,0 
-122.678576,45.582088,0 
-122.684412,45.597164,0 
-122.68188,45.606892,0 
-122.679176,45.610765,0 
-122.677803,45.611035,0 
-122.677159,45.611936,0 
-122.677717,45.612747,0 
-122.679777,45.613317,0 
-122.685528,45.615238,0 
-122.687716,45.616889,0 
</coordinates>
</LineString>
</Placemark>

<Placemark><name>day 187</name>
<description>Into Seattle</description>
<styleUrl>#linecolor</styleUrl>
<LineString>
<tessellate>1</tessellate>
<altitudeMode>clampToGround</altitudeMode>
<coordinates>
-122.688875,45.617339,0 
-122.685699,45.615899,0 
-122.685356,45.615058,0 
-122.680721,45.613377,0 
-122.677803,45.612717,0 
-122.677288,45.612116,0 
-122.677717,45.611756,0 
-122.678747,45.611996,0 
-122.672997,45.621602,0 
-122.669735,45.624303,0 
-122.6651,45.630725,0 
-122.661667,45.636607,0 
-122.66201,45.651008,0 
-122.66716,45.663247,0 
-122.667503,45.666846,0 
-122.663727,45.673323,0 
-122.664413,45.686756,0 
-122.654457,45.70522,0 
-122.653084,45.709536,0 
-122.655144,45.720083,0 
-122.654457,45.724398,0 
-122.67334,45.785961,0 
-122.676773,45.796973,0 
-122.704239,45.855347,0 
-122.706985,45.867541,0 
-122.714882,45.876146,0 
-122.730675,45.885707,0 
-122.758141,45.931573,0 
-122.797623,45.956878,0 
-122.806549,45.96189,0 
-122.843285,46.000778,0 
-122.849464,46.015085,0 
-122.849464,46.018423,0 
-122.855301,46.030342,0 
-122.863884,46.056318,0 
-122.866974,46.061321,0 
-122.868004,46.072278,0 
-122.866631,46.078947,0 
-122.867661,46.083233,0 
-122.881393,46.110136,0 
-122.88723,46.119893,0 
-122.89032,46.123939,0 
-122.898216,46.127984,0 
-122.898903,46.131077,0 
-122.897873,46.145589,0 
-122.901649,46.155816,0 
-122.904739,46.17151,0 
-122.89959,46.180544,0 
-122.89238,46.198369,0 
-122.892036,46.213813,0 
-122.883453,46.252998,0 
-122.885857,46.257746,0 
-122.909546,46.297374,0 
-122.915039,46.316821,0 
-122.913666,46.322275,0 
-122.908859,46.328913,0 
-122.905426,46.355222,0 
-122.908516,46.365173,0 
-122.899246,46.398804,0 
-122.89032,46.406144,0 
-122.88929,46.409694,0 
-122.89135,46.419872,0 
-122.88311,46.475699,0 
-122.876587,46.492956,0 
-122.876587,46.564762,0 
-122.900963,46.59709,0 
-122.908516,46.607705,0 
-122.922935,46.618554,0 
-122.952461,46.642837,0 
-122.972031,46.651557,0 
-122.976837,46.65627,0 
-122.98027,46.668994,0 
-122.978554,46.672292,0 
-122.971001,46.68195,0 
-122.969627,46.694196,0 
-122.975807,46.711855,0 
-122.976837,46.729742,0 
-122.974434,46.736802,0 
-123.011169,46.795594,0 
-122.972031,46.86113,0 
-122.959671,46.89985,0 
-122.946281,46.922131,0 
-122.937355,46.953309,0 
-122.930832,46.976036,0 
-122.915726,46.994304,0 
-122.906113,47.010226,0 
-122.906113,47.021695,0 
-122.904396,47.022866,0 
-122.899246,47.024738,0 
-122.895126,47.027078,0 
-122.890663,47.033163,0 
-122.887573,47.035269,0 
-122.877274,47.036439,0 
-122.87487,47.03714,0 
-122.869377,47.04065,0 
-122.855301,47.040182,0 
-122.841225,47.045095,0 
-122.822342,47.047201,0 
-122.819252,47.048838,0 
-122.806549,47.056324,0 
-122.729645,47.068017,0 
-122.714882,47.068251,0 
-122.692566,47.075734,0 
-122.680893,47.079942,0 
-122.672997,47.082748,0 
-122.65892,47.08415,0 
-122.642784,47.088124,0 
-122.621498,47.093267,0 
-122.606049,47.100278,0 
-122.597466,47.102615,0 
-122.589569,47.102849,0 
-122.574463,47.109626,0 
-122.569656,47.111028,0 
-122.541504,47.127148,0 
-122.519875,47.139059,0 
-122.514725,47.141161,0 
-122.484169,47.15914,0 
-122.479019,47.163108,0 
-122.46563,47.177579,0 
-122.462196,47.191112,0 
-122.461166,47.206042,0 
-122.462883,47.228195,0 
-122.46048,47.23076,0 
-122.45636,47.230993,0 
-122.44709,47.23006,0 
-122.43782,47.232392,0 
-122.429581,47.233557,0 
-122.419281,47.237986,0 
-122.411041,47.238919,0 
-122.402802,47.239385,0 
-122.396278,47.241949,0 
-122.372589,47.240317,0 
-122.357826,47.240783,0 
-122.336884,47.242182,0 
-122.334824,47.244746,0 
-122.33036,47.256398,0 
-122.316284,47.27061,0 
-122.309418,47.281092,0 
-122.294998,47.321603,0 
-122.292938,47.346035,0 
-122.296371,47.354641,0 
-122.295341,47.362548,0 
-122.290192,47.382312,0 
-122.292252,47.405553,0 
-122.289162,47.417634,0 
-122.286243,47.421235,0 
-122.278433,47.426287,0 
-122.272167,47.430932,0 
-122.271566,47.431687,0 
-122.26985,47.430874,0 
-122.272167,47.429539,0 
-122.275429,47.426578,0 
-122.277231,47.424197,0 
-122.277575,47.422338,0 
-122.277918,47.421409,0 
-122.279119,47.42048,0 
-122.281437,47.418564,0 
-122.282553,47.415544,0 
-122.281437,47.413104,0 
-122.279377,47.412001,0 
-122.27088,47.412407,0 
-122.262125,47.412523,0 
-122.27294,47.412291,0 
-122.279463,47.412059,0 
-122.281609,47.41322,0 
-122.282639,47.415544,0 
-122.281008,47.418854,0 
-122.277918,47.421409,0 
-122.276888,47.424545,0 
-122.274742,47.427332,0 
-122.271395,47.430061,0 
-122.270021,47.430816,0 
-122.271481,47.431629,0 
-122.263756,47.455255,0 
-122.265129,47.463844,0 
-122.270966,47.477072,0 
-122.271309,47.483569,0 
-122.264442,47.489369,0 
-122.265129,47.492153,0 
-122.282295,47.507925,0 
-122.289162,47.519056,0 
-122.294998,47.534356,0 
-122.310791,47.548262,0 
-122.316971,47.551738,0 
-122.321777,47.560542,0 
-122.321434,47.564712,0 
-122.320061,47.571893,0 
-122.318687,47.580231,0 
-122.320404,47.588336,0 
-122.321005,47.591983,0 
-122.320833,47.594067,0 
-122.323494,47.593315,0 
-122.326756,47.592273,0 
-122.327271,47.591925,0 
-122.327614,47.590536,0 
-122.327957,47.590305,0 
-122.32933,47.590305,0 
-122.336969,47.59042,0 
-122.335854,47.592504,0 
-122.336454,47.592736,0 
-122.336025,47.593604,0 
-122.336025,47.601012,0 
-122.342033,47.607436,0 
-122.342634,47.607841,0 
-122.341261,47.60842,0 
-122.340059,47.608825,0 
-122.341433,47.610214,0 
-122.344179,47.611834,0 
-122.345209,47.612615,0 
-122.344866,47.612933,0 
-122.345166,47.613136,0 
-122.341003,47.61059,0 
-122.342076,47.609606,0 
-122.342248,47.609461,0 
-122.340102,47.60732,0 
-122.341261,47.606886,0 
-122.335854,47.600781,0 
</coordinates>
</LineString>
</Placemark>

<Placemark><name>Day 190</name>
<description>Around Seattle</description>
<styleUrl>#linecolor</styleUrl>
<LineString>
<tessellate>1</tessellate>
<altitudeMode>clampToGround</altitudeMode>
<coordinates>
-122.254658,47.377662,0 
-122.260151,47.376151,0 
-122.267189,47.375918,0 
-122.272339,47.378011,0 
-122.277145,47.382776,0 
-122.278004,47.388472,0 
-122.280579,47.390912,0 
-122.286243,47.390796,0 
-122.29105,47.391842,0 
-122.292423,47.405321,0 
-122.287617,47.419609,0 
-122.271481,47.431107,0 
-122.263584,47.455835,0 
-122.267189,47.467325,0 
-122.271652,47.481481,0 
-122.271137,47.482989,0 
-122.269249,47.485309,0 
-122.264614,47.488441,0 
-122.264957,47.491573,0 
-122.279549,47.505258,0 
-122.290878,47.522186,0 
-122.295685,47.534588,0 
-122.308903,47.546872,0 
-122.316971,47.551622,0 
-122.321777,47.559731,0 
-122.321262,47.564365,0 
-122.319546,47.572704,0 
-122.318859,47.579768,0 
-122.320404,47.585789,0 
-122.320576,47.589378,0 
-122.321262,47.591346,0 
-122.320919,47.594241,0 
-122.327099,47.592851,0 
-122.328644,47.592504,0 
-122.336369,47.592736,0 
-122.33551,47.601418,0 
-122.3386,47.603964,0 
-122.327957,47.608246,0 
-122.316456,47.613223,0 
-122.316971,47.614264,0 
-122.320747,47.614148,0 
-122.321262,47.610677,0 
-122.332764,47.606163,0 
-122.338257,47.612181,0 
-122.338257,47.613223,0 
-122.345638,47.617736,0 
-122.343922,47.618777,0 
-122.343578,47.635784,0 
-122.346153,47.639948,0 
-122.347698,47.644111,0 
-122.347527,47.650356,0 
-122.350445,47.650819,0 
-122.347698,47.650934,0 
-122.347012,47.652091,0 
-122.342033,47.655213,0 
-122.341518,47.655675,0 
-122.326069,47.655675,0 
-122.322636,47.655675,0 
-122.322636,47.636709,0 
-122.323837,47.633123,0 
-122.327957,47.628264,0 
-122.328472,47.618083,0 
-122.331047,47.610677,0 
-122.327785,47.604543,0 
-122.321091,47.598871,0 
-122.320061,47.594356,0 
-122.329502,47.592388,0 
-122.329159,47.590073,0 
-122.329159,47.572009,0 
-122.329845,47.553128,0 
-122.320919,47.553476,0 
-122.319374,47.551738,0 
-122.316284,47.54861,0 
-122.311649,47.545365,0 
-122.302036,47.537254,0 
-122.297916,47.533313,0 
-122.286758,47.511983,0 
-122.285557,47.509548,0 
-122.286758,47.507461,0 
-122.291393,47.507229,0 
-122.291908,47.50978,0 
-122.297916,47.51836,0 
-122.290878,47.508041,0 
-122.290363,47.506534,0 
-122.282124,47.507577,0 
-122.264099,47.490529,0 
-122.264099,47.489833,0 
-122.272511,47.482525,0 
-122.271137,47.477304,0 
-122.263927,47.460594,0 
-122.269936,47.432616,0 
-122.286758,47.421003,0 
-122.290363,47.414382,0 
-122.291737,47.409038,0 
-122.290363,47.390215,0 
-122.290363,47.382079,0 
-122.295685,47.360688,0 
-122.296371,47.355222,0 
-122.292767,47.346151,0 
-122.294655,47.323,0 
-122.306671,47.290059,0 
-122.309761,47.280743,0 
-122.316971,47.270028,0 
-122.330875,47.256515,0 
-122.335167,47.243697,0 
-122.343235,47.241483,0 
-122.357826,47.2409,0 
-122.373791,47.240667,0 
-122.39645,47.241832,0 
-122.403488,47.239851,0 
-122.416534,47.238686,0 
-122.428722,47.23414,0 
-122.435932,47.233091,0 
-122.445374,47.230293,0 
-122.458248,47.231459,0 
-122.46254,47.229827,0 
-122.46357,47.225514,0 
-122.461338,47.203593,0 
-122.462196,47.196361,0 
-122.462368,47.189946,0 
-122.46563,47.177695,0 
-122.480736,47.162408,0 
-122.485199,47.158439,0 
-122.517128,47.140344,0 
-122.521248,47.139176,0 
-122.542877,47.126797,0 
-122.551975,47.121775,0 
-122.560043,47.116869,0 
-122.570686,47.11056,0 
-122.579784,47.107873,0 
-122.589226,47.103901,0 
-122.597122,47.102615,0 
-122.608795,47.099694,0 
-122.620296,47.093734,0 
-122.637119,47.089527,0 
-122.657375,47.084852,0 
-122.674026,47.081929,0 
-122.699947,47.073512,0 
-122.714024,47.068017,0 
-122.731018,47.0679,0 
-122.763119,47.063925,0 
-122.806721,47.056674,0 
-122.821484,47.047201,0 
-122.840195,47.045446,0 
-122.853069,47.041001,0 
-122.868519,47.04065,0 
-122.8759,47.036439,0 
-122.888775,47.034801,0 
-122.899075,47.025089,0 
-122.906799,47.021695,0 
-122.906284,47.009757,0 
-122.912292,47.000041,0 
-122.916412,46.999924,0 
</coordinates>
</LineString>
</Placemark>

<Placemark><name>Day 191</name>
<description>To Olympic National Park</description>
<styleUrl>#linecolor</styleUrl>
<LineString>
<tessellate>1</tessellate>
<altitudeMode>clampToGround</altitudeMode>
<coordinates>
-122.915897,46.999924,0 
-122.912121,47.000041,0 
-122.906456,47.010226,0 
-122.906113,47.019823,0 
-122.908001,47.021344,0 
-122.909718,47.022046,0 
-122.913666,47.025557,0 
-122.927914,47.026142,0 
-122.949543,47.036672,0 
-122.968769,47.042522,0 
-122.985077,47.042405,0 
-122.988167,47.043692,0 
-123.007565,47.05609,0 
-123.014259,47.057259,0 
-123.018208,47.058546,0 
-123.024387,47.057844,0 
-123.03091,47.053283,0 
-123.040009,47.050125,0 
-123.051167,47.046733,0 
-123.056831,47.041469,0 
-123.06078,47.04065,0 
-123.072453,47.041118,0 
-123.088245,47.037257,0 
-123.10215,47.033163,0 
-123.105412,47.032344,0 
-123.118286,47.033397,0 
-123.127556,47.039714,0 
-123.142147,47.046265,0 
-123.154678,47.055739,0 
-123.163261,47.056674,0 
-123.177166,47.059481,0 
-123.192616,47.058546,0 
-123.202057,47.057025,0 
-123.218365,47.05071,0 
-123.234158,47.050593,0 
-123.244801,47.046499,0 
-123.258018,47.044393,0 
-123.265057,47.046265,0 
-123.275185,47.054102,0 
-123.279305,47.054803,0 
-123.290119,47.053517,0 
-123.30986,47.047318,0 
-123.322392,47.040884,0 
-123.333378,47.037725,0 
-123.350029,47.019706,0 
-123.354321,47.017131,0 
-123.386078,47.005309,0 
-123.402557,47.001212,0 
-123.415089,46.998636,0 
-123.425217,46.995827,0 
-123.440666,46.995241,0 
-123.454571,46.998519,0 
-123.482208,46.999456,0 
-123.490791,47.000275,0 
-123.510876,46.995124,0 
-123.540401,46.987279,0 
-123.557911,46.98318,0 
-123.571129,46.982243,0 
-123.579712,46.980252,0 
-123.59396,46.978613,0 
-123.600311,46.975919,0 
-123.612843,46.973342,0 
-123.625717,46.976622,0 
-123.655071,46.976505,0 
-123.70245,46.973225,0 
-123.733177,46.970999,0 
-123.7397,46.971117,0 
-123.754978,46.978496,0 
-123.764248,46.979433,0 
-123.768711,46.981424,0 
-123.780212,46.981892,0 
-123.790684,46.978378,0 
-123.813,46.976973,0 
-123.825016,46.970999,0 
-123.826389,46.970414,0 
-123.832226,46.975216,0 
-123.869991,46.975216,0 
-123.882351,46.975685,0 
-123.887844,46.979784,0 
-123.885956,46.980721,0 
-123.885956,46.992665,0 
-123.894024,46.993016,0 
-123.894882,46.993485,0 
-123.897629,46.996529,0 
-123.902779,46.998051,0 
-123.906898,47.006129,0 
-123.909302,47.009055,0 
-123.911877,47.010694,0 
-123.91531,47.01678,0 
-123.917027,47.022046,0 
-123.919258,47.025089,0 
-123.922863,47.032929,0 
-123.92149,47.036439,0 
-123.921661,47.037491,0 
-123.925438,47.048838,0 
-123.925781,47.054803,0 
-123.927841,47.057961,0 
-123.928185,47.059832,0 
-123.930759,47.061937,0 
-123.929558,47.06942,0 
-123.924751,47.073395,0 
-123.92046,47.075032,0 
-123.912048,47.079942,0 
-123.907757,47.084384,0 
-123.90501,47.086605,0 
-123.904667,47.093734,0 
-123.906727,47.102732,0 
-123.905182,47.106354,0 
-123.895912,47.11056,0 
-123.895912,47.113948,0 
-123.898144,47.118621,0 
-123.893681,47.12306,0 
-123.894539,47.128666,0 
-123.897285,47.132637,0 
-123.897457,47.135556,0 
-123.895569,47.137658,0 
-123.890076,47.142329,0 
-123.883553,47.152719,0 
-123.882351,47.158206,0 
-123.879089,47.162058,0 
-123.880291,47.164625,0 
-123.883381,47.16696,0 
-123.884754,47.169644,0 
-123.888531,47.175478,0 
-123.953247,47.197645,0 
-123.969555,47.220384,0 
-123.969383,47.222949,0 
-123.958912,47.232625,0 
-123.956165,47.233674,0 
-123.946209,47.236121,0 
-123.930759,47.244396,0 
-123.928699,47.249873,0 
-123.924751,47.255233,0 
-123.910847,47.281558,0 
-123.91119,47.288312,0 
-123.909302,47.291223,0 
-123.9081,47.295647,0 
-123.908787,47.306124,0 
-123.907928,47.325909,0 
-123.906555,47.329516,0 
-123.906384,47.334286,0 
-123.90707,47.342778,0 
-123.909473,47.3465,0 
-123.90913,47.349408,0 
-123.908272,47.351966,0 
-123.911018,47.355106,0 
-123.911533,47.3622,0 
-123.899174,47.376383,0 
-123.898659,47.378011,0 
-123.895741,47.381847,0 
-123.888531,47.402765,0 
-123.875999,47.421583,0 
-123.877716,47.441673,0 
-123.876514,47.450728,0 
-123.880634,47.456532,0 
-123.883724,47.457228,0 
-123.887672,47.457112,0 
-123.891449,47.459085,0 
-123.900547,47.459201,0 
-123.90501,47.457925,0 
-123.912735,47.459898,0 
-123.92046,47.466629,0 
-123.92252,47.467905,0 
-123.931446,47.479044,0 
-123.933849,47.480204,0 
-123.970928,47.480437,0 
-123.97419,47.480669,0 
-123.977451,47.480669,0 
-124.014702,47.474287,0 
-124.022255,47.473939,0 
-124.027061,47.471503,0 
-124.053326,47.476376,0 
-124.095039,47.487861,0 
-124.104996,47.490993,0 
-124.110317,47.495632,0 
-124.114952,47.496908,0 
-124.120102,47.496328,0 
-124.146881,47.503055,0 
-124.153576,47.503403,0 
-124.177952,47.514302,0 
-124.18499,47.519519,0 
-124.18705,47.523461,0 
-124.190311,47.524736,0 
-124.19632,47.5252,0 
-124.197178,47.526591,0 
-124.199238,47.529836,0 
-124.201641,47.530763,0 
-124.262581,47.540962,0 
-124.264812,47.541657,0 
-124.269276,47.542005,0 
-124.2873,47.537254,0 
-124.320602,47.516157,0 
-124.323692,47.516157,0 
-124.33382,47.519287,0 
-124.337769,47.527982,0 
-124.333134,47.535863,0 
-124.333992,47.53934,0 
-124.339828,47.545481,0 
-124.355793,47.553244,0 
-124.356823,47.55475,0 
-124.370728,47.604427,0 
-124.371414,47.606626,0 
-124.378281,47.62086,0 
-124.380169,47.628611,0 
-124.379997,47.632776,0 
-124.382744,47.636825,0 
-124.383602,47.64041,0 
-124.385319,47.641798,0 
-124.387379,47.657988,0 
-124.38858,47.659954,0 
-124.393559,47.663306,0 
-124.396992,47.671977,0 
-124.402142,47.679258,0 
-124.404545,47.682494,0 
-124.405918,47.686192,0 
-124.409351,47.689197,0 
-124.412441,47.704217,0 
-124.413815,47.708722,0 
-124.410896,47.710686,0 
-124.410896,47.71161,0 
-124.413643,47.713342,0 
-124.4133,47.715075,0 
-124.400768,47.721542,0 
-124.398537,47.721658,0 
-124.396305,47.721773,0 
-124.38961,47.723852,0 
-124.384632,47.728586,0 
-124.381027,47.728932,0 
-124.374847,47.732974,0 
-124.366951,47.733666,0 
-124.362831,47.73586,0 
-124.355278,47.736091,0 
-124.338112,47.745211,0 
-124.332962,47.746596,0 
-124.330902,47.748096,0 
-124.326096,47.74902,0 
-124.323521,47.750289,0 
-124.322319,47.751328,0 
-124.320259,47.756752,0 
-124.309959,47.764253,0 
-124.295883,47.770138,0 
-124.286442,47.772214,0 
-124.280262,47.776483,0 
-124.27906,47.779367,0 
-124.277515,47.781443,0 
-124.273911,47.782597,0 
-124.272022,47.782597,0 
-124.266701,47.780866,0 
-124.253311,47.78202,0 
-124.249535,47.787787,0 
-124.249535,47.788825,0 
-124.251766,47.7924,0 
-124.251766,47.801279,0 
-124.249706,47.806468,0 
-124.25108,47.808658,0 
-124.250221,47.810042,0 
-124.250393,47.810964,0 
-124.25211,47.811195,0 
-124.253826,47.809581,0 
-124.255714,47.809004,0 
-124.258976,47.810272,0 
-124.264984,47.822837,0 
-124.263783,47.82664,0 
-124.266014,47.830789,0 
-124.276314,47.836781,0 
-124.277,47.839201,0 
-124.284725,47.848418,0 
-124.307728,47.85245,0 
-124.311161,47.854293,0 
-124.318714,47.85556,0 
-124.322147,47.854754,0 
-124.322491,47.855214,0 
-124.323864,47.857748,0 
-124.327297,47.858555,0 
-124.331074,47.859706,0 
-124.335194,47.863968,0 
-124.337769,47.868574,0 
-124.337597,47.870762,0 
-124.338112,47.871453,0 
-124.34309,47.874217,0 
-124.348755,47.877671,0 
-124.357338,47.888608,0 
-124.355793,47.892521,0 
-124.35648,47.894248,0 
-124.358025,47.894938,0 
-124.376392,47.894938,0 
-124.381714,47.896319,0 
-124.385147,47.901498,0 
-124.386692,47.902649,0 
-124.388237,47.903225,0 
-124.388237,47.903915,0 
-124.388409,47.904721,0 
-124.389267,47.905066,0 
-124.390469,47.906562,0 
-124.392529,47.907713,0 
-124.394245,47.911165,0 
-124.394245,47.912545,0 
-124.409351,47.927961,0 
-124.409351,47.930721,0 
-124.405918,47.933367,0 
-124.38755,47.939232,0 
-124.385662,47.941302,0 
-124.38549,47.943487,0 
-124.385662,47.954754,0 
-124.388237,47.957169,0 
-124.394073,47.960158,0 
-124.401112,47.964526,0 
-124.403343,47.967629,0 
-124.407463,47.967054,0 
-124.420509,47.963836,0 
-124.425144,47.962571,0 
-124.426689,47.962571,0 
-124.434071,47.964181,0 
-124.442139,47.963491,0 
-124.448318,47.956824,0 
-124.452267,47.95464,0 
-124.460506,47.95303,0 
-124.461708,47.951075,0 
-124.462738,47.945212,0 
-124.462738,47.940727,0 
-124.482822,47.930376,0 
-124.499302,47.923705,0 
-124.504623,47.921864,0 
-124.52282,47.917838,0 
-124.534836,47.913005,0 
-124.540672,47.905066,0 
-124.544449,47.90334,0 
-124.54668,47.90311,0 
-124.550114,47.903915,0 
-124.559212,47.899312,0 
-124.563847,47.899082,0 
-124.575691,47.897816,0 
-124.584103,47.899082,0 
-124.585991,47.898276,0 
-124.588051,47.894133,0 
-124.600239,47.890334,0 
-124.607792,47.890795,0 
-124.61689,47.898736,0 
-124.624615,47.898046,0 
-124.625473,47.898736,0 
-124.627018,47.902189,0 
-124.630022,47.90426,0 
-124.631052,47.903397,0 
-124.630451,47.902822,0 
-124.629765,47.902074,0 
</coordinates>
</LineString>
</Placemark>

<Placemark><name>day 192</name>
<description>Olympic National Park</description>
<styleUrl>#linecolor</styleUrl>
<LineString>
<tessellate>1</tessellate>
<altitudeMode>clampToGround</altitudeMode>
<coordinates>
-124.629593,47.902074,0 
-124.63028,47.902822,0 
-124.630022,47.903455,0 
-124.630451,47.904088,0 
-124.629765,47.904433,0 
-124.628391,47.902995,0 
-124.62676,47.900923,0 
-124.625645,47.898909,0 
-124.624357,47.898218,0 
-124.617577,47.898679,0 
-124.616375,47.898391,0 
-124.615345,47.897758,0 
-124.607105,47.890737,0 
-124.600239,47.890392,0 
-124.587879,47.89419,0 
-124.585476,47.898391,0 
-124.584017,47.898967,0 
-124.574318,47.897816,0 
-124.558611,47.899312,0 
-124.549942,47.903685,0 
-124.54917,47.903743,0 
-124.546251,47.902995,0 
-124.543161,47.903282,0 
-124.540329,47.905239,0 
-124.534578,47.912833,0 
-124.545822,47.915997,0 
-124.550114,47.917147,0 
-124.556894,47.917608,0 
-124.57552,47.917493,0 
-124.580154,47.91778,0 
-124.583073,47.917723,0 
-124.585476,47.91755,0 
-124.602728,47.918355,0 
-124.607105,47.919333,0 
-124.610968,47.919448,0 
-124.613543,47.920829,0 
-124.618864,47.921346,0 
-124.621525,47.922209,0 
-124.624014,47.922324,0 
-124.62719,47.922727,0 
-124.630365,47.920944,0 
-124.633713,47.920599,0 
-124.635859,47.920426,0 
-124.637575,47.920771,0 
-124.638863,47.920656,0 
-124.641352,47.928881,0 
-124.644442,47.934919,0 
-124.64736,47.938312,0 
-124.648905,47.940267,0 
-124.650621,47.941704,0 
-124.652338,47.943257,0 
-124.645214,47.936242,0 
-124.642725,47.932217,0 
-124.638605,47.921231,0 
-124.638176,47.920541,0 
-124.63088,47.920714,0 
-124.628048,47.922497,0 
-124.626932,47.922497,0 
-124.621525,47.922037,0 
-124.619207,47.921462,0 
-124.613457,47.920944,0 
-124.611053,47.919678,0 
-124.607019,47.919391,0 
-124.602814,47.918355,0 
-124.58539,47.917665,0 
-124.580069,47.91778,0 
-124.556551,47.91755,0 
-124.550028,47.917147,0 
-124.534321,47.912948,0 
-124.52445,47.917895,0 
-124.502134,47.922439,0 
-124.488316,47.927846,0 
-124.470377,47.936414,0 
-124.463167,47.940727,0 
-124.462652,47.943142,0 
-124.463081,47.944177,0 
-124.462481,47.945614,0 
-124.46188,47.950616,0 
-124.461279,47.951995,0 
-124.459219,47.953202,0 
-124.454498,47.954237,0 
-124.453211,47.953892,0 
-124.450979,47.954927,0 
-124.448147,47.957054,0 
-124.44643,47.95964,0 
-124.440937,47.963549,0 
-124.434328,47.964123,0 
-124.427204,47.962629,0 
-124.417934,47.964238,0 
-124.408064,47.966767,0 
-124.403429,47.967571,0 
-124.400425,47.963663,0 
-124.387722,47.957054,0 
-124.38549,47.954295,0 
-124.385405,47.941934,0 
-124.38592,47.940554,0 
-124.387207,47.939462,0 
-124.406948,47.932907,0 
-124.409266,47.930894,0 
-124.409695,47.928133,0 
-124.39476,47.913178,0 
-124.394159,47.912027,0 
-124.394073,47.910359,0 
-124.392185,47.907482,0 
-124.390383,47.906447,0 
-124.389095,47.905123,0 
-124.38798,47.90403,0 
-124.387722,47.903225,0 
-124.384632,47.901096,0 
-124.383945,47.899945,0 
-124.3818,47.89655,0 
-124.380856,47.895686,0 
-124.378281,47.895169,0 
-124.375706,47.894708,0 
-124.361029,47.894651,0 
-124.357939,47.894766,0 
-124.356909,47.89419,0 
-124.355793,47.893384,0 
-124.355965,47.891543,0 
-124.356823,47.890507,0 
-124.357252,47.888147,0 
-124.350901,47.879916,0 
-124.347982,47.877325,0 
-124.344034,47.875023,0 
-124.342489,47.873871,0 
-124.341288,47.872777,0 
-124.338198,47.871453,0 
-124.337425,47.869899,0 
-124.337511,47.868459,0 
-124.334593,47.863046,0 
-124.331589,47.860398,0 
-124.3297,47.859361,0 
-124.327383,47.85867,0 
-124.324207,47.857979,0 
-124.323692,47.85746,0 
-124.322834,47.855445,0 
-124.321804,47.854926,0 
-124.320259,47.854869,0 
-124.318285,47.855272,0 
-124.310989,47.85389,0 
-124.307728,47.852507,0 
-124.303694,47.851932,0 
-124.286184,47.848879,0 
-124.284554,47.848188,0 
-124.282579,47.845999,0 
-124.277,47.839143,0 
-124.276142,47.836897,0 
-124.27494,47.835802,0 
-124.270134,47.832921,0 
-124.265842,47.830789,0 
-124.263697,47.825834,0 
-124.263096,47.826007,0 
-124.262753,47.82664,0 
-124.263096,47.828888,0 
-124.262495,47.829983,0 
-124.252453,47.833209,0 
-124.249964,47.83367,0 
-124.242067,47.833382,0 
-124.235458,47.831596,0 
-124.232283,47.831193,0 
-124.226017,47.82981,0 
-124.224386,47.829694,0 
-124.214773,47.827447,0 
-124.212542,47.826237,0 
-124.207392,47.824854,0 
-124.206018,47.823932,0 
-124.204388,47.823874,0 
-124.201126,47.822779,0 
-124.19383,47.822549,0 
-124.189882,47.823068,0 
-124.186792,47.823068,0 
-124.183445,47.822491,0 
-124.179239,47.820244,0 
-124.177094,47.819725,0 
-124.17366,47.818399,0 
-124.171515,47.817938,0 
-124.169798,47.816555,0 
-124.16748,47.816036,0 
-124.163961,47.816325,0 
-124.162073,47.816843,0 
-124.158726,47.816728,0 
-124.150572,47.816901,0 
-124.148855,47.816555,0 
-124.14053,47.816036,0 
-124.139414,47.816036,0 
-124.136753,47.816901,0 
-124.134607,47.816959,0 
-124.132719,47.81667,0 
-124.130058,47.817016,0 
-124.128513,47.81667,0 
-124.127655,47.816036,0 
-124.120617,47.815114,0 
-124.119673,47.815748,0 
-124.119501,47.816498,0 
-124.11624,47.817881,0 
-124.112463,47.817477,0 
-124.108772,47.815748,0 
-124.107828,47.814538,0 
-124.103966,47.812866,0 
-124.102678,47.81033,0 
-124.102335,47.809235,0 
-124.100447,47.808947,0 
-124.097614,47.80912,0 
-124.093924,47.80814,0 
-124.089975,47.809638,0 
-124.08637,47.809696,0 
-124.083452,47.810042,0 
-124.081993,47.810042,0 
-124.080791,47.810042,0 
-124.076672,47.811368,0 
-124.07547,47.812636,0 
-124.069462,47.813961,0 
-124.066114,47.814711,0 
-124.065599,47.814711,0 
-124.062424,47.815691,0 
-124.05899,47.815575,0 
-124.056931,47.816209,0 
-124.051867,47.816382,0 
-124.046888,47.816901,0 
-124.045601,47.816728,0 
-124.043798,47.816843,0 
-124.03882,47.817362,0 
-124.037104,47.817362,0 
-124.035902,47.817132,0 
-124.03367,47.817765,0 
-124.03161,47.818227,0 
-124.03101,47.818515,0 
-124.023457,47.820417,0 
-124.016333,47.820532,0 
-124.014273,47.821281,0 
-124.013071,47.821915,0 
-124.007921,47.822837,0 
-124.003029,47.824278,0 
-124.002514,47.824566,0 
-124.000883,47.825315,0 
-123.998823,47.825949,0 
-123.996592,47.827274,0 
-123.994188,47.82739,0 
-123.9923,47.828196,0 
-123.989725,47.831711,0 
-123.989811,47.833209,0 
-123.989725,47.834304,0 
-123.988695,47.834592,0 
-123.988008,47.834016,0 
-123.986464,47.833497,0 
-123.983288,47.831884,0 
-123.980284,47.831711,0 
-123.975821,47.834419,0 
-123.972473,47.84018,0 
-123.964577,47.845884,0 
-123.958826,47.848648,0 
-123.957195,47.850607,0 
-123.954706,47.851874,0 
-123.951788,47.852911,0 
-123.950758,47.854063,0 
-123.950071,47.855445,0 
-123.94887,47.855733,0 
-123.947668,47.856251,0 
-123.946896,47.856251,0 
-123.944578,47.857403,0 
-123.943205,47.859131,0 
-123.939171,47.860455,0 
-123.937111,47.860455,0 
-123.935051,47.860685,0 
</coordinates>
</LineString>
</Placemark>

<Placemark><name>Day 194</name>
<description>To Port Angeles</description>
<styleUrl>#linecolor</styleUrl>
<LineString>
<tessellate>1</tessellate>
<altitudeMode>clampToGround</altitudeMode>
<coordinates>
-124.629421,47.901614,0 
-124.630623,47.90311,0 
-124.629936,47.904606,0 
-124.625988,47.899312,0 
-124.6241,47.898046,0 
-124.616547,47.898736,0 
-124.611912,47.894593,0 
-124.607406,47.891025,0 
-124.606419,47.890507,0 
-124.600754,47.890277,0 
-124.599745,47.889097,0 
-124.599402,47.887442,0 
-124.597342,47.886579,0 
-124.595003,47.887125,0 
-124.592471,47.886938,0 
-124.590712,47.887269,0 
-124.587686,47.88737,0 
-124.585626,47.885802,0 
-124.585261,47.884406,0 
-124.586892,47.882362,0 
-124.586785,47.880535,0 
-124.587836,47.878577,0 
-124.584961,47.876807,0 
-124.580841,47.875584,0 
-124.578416,47.874058,0 
-124.581099,47.875785,0 
-124.584854,47.876865,0 
-124.587965,47.878462,0 
-124.586678,47.880492,0 
-124.587064,47.882319,0 
-124.585197,47.884535,0 
-124.585626,47.88596,0 
-124.587665,47.887255,0 
-124.591184,47.887226,0 
-124.592578,47.886866,0 
-124.595132,47.887169,0 
-124.597428,47.886536,0 
-124.59938,47.887399,0 
-124.599702,47.889298,0 
-124.600646,47.890291,0 
-124.60011,47.890334,0 
-124.598179,47.891025,0 
-124.588051,47.894161,0 
-124.585562,47.898305,0 
-124.584661,47.898823,0 
-124.583673,47.899024,0 
-124.57406,47.897873,0 
-124.558353,47.899369,0 
-124.549513,47.903685,0 
-124.548569,47.903685,0 
-124.546337,47.90311,0 
-124.543161,47.903225,0 
-124.539814,47.905814,0 
-124.534492,47.912833,0 
-124.524622,47.917608,0 
-124.522047,47.918068,0 
-124.501877,47.922439,0 
-124.487543,47.928018,0 
-124.47175,47.935897,0 
-124.463167,47.940612,0 
-124.462566,47.942912,0 
-124.462996,47.944177,0 
-124.462395,47.945499,0 
-124.462309,47.947626,0 
-124.461622,47.95142,0 
-124.460163,47.952858,0 
-124.458447,47.953432,0 
-124.454756,47.954007,0 
-124.453125,47.954007,0 
-124.450808,47.954927,0 
-124.448318,47.956939,0 
-124.446344,47.95987,0 
-124.441795,47.963204,0 
-124.44025,47.963778,0 
-124.434929,47.964181,0 
-124.428062,47.962686,0 
-124.426517,47.962514,0 
-124.41802,47.964296,0 
-124.407291,47.967054,0 
-124.403515,47.967514,0 
-124.403601,47.969985,0 
-124.402914,47.978834,0 
-124.401884,47.981017,0 
-124.399137,47.98343,0 
-124.394417,47.986015,0 
-124.389954,47.995321,0 
-124.389439,48.011056,0 
-124.39167,48.015305,0 
-124.390125,48.020587,0 
-124.390297,48.023228,0 
-124.387379,48.029887,0 
-124.386349,48.03379,0 
-124.375191,48.044464,0 
-124.371414,48.046989,0 
-124.358025,48.052841,0 
-124.352531,48.055824,0 
-124.348583,48.056283,0 
-124.345837,48.055365,0 
-124.330387,48.054103,0 
-124.312363,48.059725,0 
-124.307728,48.063626,0 
-124.30481,48.066723,0 
-124.280949,48.069935,0 
-124.280262,48.070853,0 
-124.278889,48.071885,0 
-124.27803,48.074294,0 
-124.274082,48.076129,0 
-124.268246,48.080602,0 
-124.263954,48.084042,0 
-124.263268,48.085763,0 
-124.263611,48.090923,0 
-124.267216,48.093216,0 
-124.267216,48.094362,0 
-124.265327,48.09677,0 
-124.263439,48.100439,0 
-124.260693,48.103534,0 
-124.257088,48.105941,0 
-124.251766,48.111328,0 
-124.24181,48.115225,0 
-124.228592,48.119465,0 
-124.223785,48.12107,0 
-124.221039,48.123362,0 
-124.219666,48.127028,0 
-124.217606,48.128747,0 
-124.215202,48.130007,0 
-124.213486,48.132642,0 
-124.211597,48.135621,0 
-124.215889,48.137454,0 
-124.218636,48.140891,0 
-124.220352,48.142723,0 
-124.220352,48.143296,0 
-124.215889,48.146732,0 
-124.216576,48.14845,0 
-124.220524,48.150283,0 
-124.220352,48.152802,0 
-124.220352,48.154406,0 
-124.218807,48.155665,0 
-124.214687,48.155665,0 
-124.208336,48.15704,0 
-124.207306,48.158299,0 
-124.207993,48.163566,0 
-124.204388,48.166887,0 
-124.205933,48.168146,0 
-124.210396,48.169291,0 
-124.214516,48.174672,0 
-124.215202,48.181311,0 
-124.218979,48.185775,0 
-124.221382,48.186461,0 
-124.228077,48.193328,0 
-124.232883,48.197905,0 
-124.23357,48.199621,0 
-124.241638,48.203168,0 
-124.243526,48.204312,0 
-124.248848,48.205456,0 
-124.249878,48.206486,0 
-124.25005,48.211176,0 
-124.248161,48.213006,0 
-124.24902,48.213807,0 
-124.249878,48.214608,0 
-124.250393,48.216895,0 
-124.252453,48.218268,0 
-124.254169,48.223529,0 
-124.254341,48.229704,0 
-124.256401,48.23302,0 
-124.258118,48.235536,0 
-124.257774,48.236908,0 
-124.254856,48.242053,0 
-124.256058,48.24594,0 
-124.259663,48.249826,0 
-124.260178,48.254398,0 
-124.262753,48.253598,0 
-124.265327,48.253484,0 
-124.269791,48.253484,0 
-124.272022,48.253598,0 
-124.273911,48.25337,0 
-124.277515,48.25417,0 
-124.27906,48.254741,0 
-124.281464,48.25657,0 
-124.282837,48.257484,0 
-124.289017,48.257599,0 
-124.297256,48.258513,0 
-124.30275,48.260799,0 
-124.322662,48.264227,0 
-124.340515,48.266627,0 
-124.343948,48.267198,0 
-124.345322,48.267541,0 
-124.347038,48.267426,0 
-124.347897,48.268912,0 
-124.348583,48.270283,0 
-124.353733,48.271426,0 
-124.355793,48.273711,0 
-124.360428,48.275653,0 
-124.361801,48.277595,0 
-124.367294,48.277367,0 
-124.369698,48.27988,0 
-124.376221,48.282393,0 
-124.379311,48.283993,0 
-124.386177,48.284906,0 
-124.391327,48.286848,0 
-124.39476,48.287077,0 
-124.399395,48.289932,0 
-124.400597,48.291531,0 
-124.403343,48.293473,0 
-124.404888,48.293473,0 
-124.40815,48.29667,0 
-124.413986,48.299183,0 
-124.417419,48.301809,0 
-124.422226,48.303065,0 
-124.424114,48.304207,0 
-124.426689,48.304436,0 
-124.428577,48.304892,0 
-124.435787,48.306034,0 
-124.441967,48.309003,0 
-124.446774,48.313684,0 
-124.447632,48.316309,0 
-124.451408,48.31688,0 
-124.455185,48.317793,0 
-124.455357,48.31825,0 
-124.457932,48.318935,0 
-124.461708,48.321332,0 
-124.465313,48.322359,0 
-124.466858,48.323273,0 
-124.469433,48.323615,0 
-124.470806,48.325555,0 
-124.473724,48.326811,0 
-124.476299,48.328295,0 
-124.479733,48.328865,0 
-124.480762,48.329892,0 
-124.485397,48.331833,0 
-124.490891,48.331833,0 
-124.492092,48.33343,0 
-124.49398,48.334571,0 
-124.495182,48.335484,0 
-124.495869,48.336625,0 
-124.501705,48.337538,0 
-124.505997,48.340619,0 
-124.508228,48.341988,0 
-124.509258,48.341988,0 
-124.513035,48.343928,0 
-124.518013,48.345297,0 
-124.520245,48.34564,0 
-124.52076,48.34678,0 
-124.521618,48.347123,0 
-124.522133,48.347465,0 
-124.523335,48.347693,0 
-124.524364,48.348035,0 
-124.525394,48.348492,0 
-124.526253,48.348834,0 
-124.528828,48.348378,0 
-124.532948,48.348264,0 
-124.537067,48.348948,0 
-124.544792,48.352599,0 
-124.547367,48.353055,0 
-124.54771,48.353739,0 
-124.547195,48.353968,0 
-124.556637,48.359557,0 
-124.55904,48.359329,0 
-124.561272,48.358416,0 
-124.562817,48.358188,0 
-124.563675,48.358644,0 
-124.561443,48.360583,0 
-124.561615,48.361496,0 
-124.568996,48.362979,0 
-124.572086,48.363549,0 
-124.584961,48.367883,0 
-124.588223,48.370049,0 
-124.589596,48.369821,0 
-124.592857,48.369137,0 
-124.600925,48.369023,0 
-124.607792,48.3664,0 
-124.611053,48.365944,0 
-124.618263,48.3664,0 
-124.621868,48.366742,0 
-124.62719,48.370163,0 
-124.629593,48.366628,0 
-124.635086,48.362636,0 
-124.635258,48.360698,0 
-124.635429,48.357846,0 
-124.636116,48.355679,0 
-124.641438,48.352371,0 
-124.644871,48.352028,0 
-124.646931,48.352028,0 
-124.652252,48.351686,0 
-124.656029,48.350659,0 
-124.664268,48.348035,0 
-124.668045,48.346096,0 
-124.671822,48.346324,0 
-124.673023,48.346324,0 
-124.674397,48.346324,0 
-124.6768,48.347237,0 
-124.68092,48.347579,0 
-124.687786,48.346324,0 
-124.688988,48.346096,0 
-124.691219,48.34929,0 
-124.690704,48.352028,0 
-124.693623,48.353055,0 
-124.694653,48.353397,0 
-124.696369,48.35431,0 
-124.698772,48.355793,0 
-124.698944,48.356819,0 
-124.697399,48.358987,0 
-124.698429,48.362294,0 
-124.701519,48.362751,0 
-124.702206,48.364005,0 
-124.703064,48.365032,0 
-124.704266,48.365032,0 
-124.705124,48.365488,0 
-124.705296,48.366172,0 
-124.707184,48.366856,0 
-124.708385,48.367769,0 
-124.71096,48.367655,0 
-124.712849,48.368339,0 
-124.714222,48.368681,0 
-124.715252,48.369137,0 
-124.71611,48.370278,0 
-124.7192,48.371646,0 
-124.721947,48.373128,0 
-124.722462,48.375067,0 
-124.721432,48.376435,0 
-124.720745,48.378602,0 
-124.718835,48.379571,0 
-124.717977,48.379699,0 
-124.717484,48.379521,0 
-124.716775,48.379107,0 
-124.715037,48.378979,0 
-124.714576,48.379321,0 
-124.714587,48.379742,0 
-124.715778,48.380989,0 
-124.715552,48.382193,0 
-124.715499,48.383846,0 
-124.715681,48.38458,0 
-124.715928,48.384922,0 
-124.718567,48.385186,0 
-124.718696,48.384872,0 
-124.719629,48.384637,0 
-124.720777,48.384502,0 
-124.721206,48.384395,0 
-124.721636,48.38401,0 
-124.723095,48.383782,0 
-124.723545,48.383796,0 
-124.723706,48.383982,0 
-124.72376,48.384338,0 
-124.723964,48.384516,0 
-124.724232,48.384552,0 
-124.724683,48.384637,0 
-124.725455,48.385428,0 
-124.725949,48.385713,0 
-124.725949,48.38572,0 
-124.725434,48.385392,0 
-124.724672,48.384651,0 
-124.724178,48.384523,0 
-124.723974,48.384537,0 
-124.72376,48.384331,0 
-124.723663,48.384003,0 
-124.723502,48.383803,0 
-124.723095,48.383782,0 
-124.721593,48.383996,0 
-124.72141,48.384231,0 
-124.721067,48.384438,0 
-124.720531,48.384559,0 
-124.719565,48.384666,0 
-124.718685,48.384886,0 
-124.718578,48.385186,0 
-124.715939,48.384965,0 
-124.715595,48.384131,0 
-124.715767,48.381252,0 
-124.714565,48.379685,0 
-124.714994,48.379029,0 
-124.716883,48.379086,0 
-124.718428,48.379656,0 
-124.720445,48.378545,0 
-124.721475,48.376321,0 
-124.722161,48.375865,0 
-124.722891,48.374354,0 
-124.721603,48.372815,0 
-124.719543,48.371617,0 
-124.718084,48.371247,0 
-124.717355,48.370477,0 
-124.715552,48.369793,0 
-124.714608,48.368767,0 
-124.712763,48.368481,0 
-124.710832,48.367512,0 
-124.708514,48.367883,0 
-124.707484,48.36717,0 
-124.705467,48.366514,0 
-124.705424,48.365317,0 
-124.703407,48.364832,0 
-124.70109,48.362608,0 
-124.698472,48.362009,0 
-124.697227,48.358787,0 
-124.698858,48.357076,0 
-124.698472,48.355479,0 
-124.696198,48.354025,0 
-124.694009,48.352855,0 
-124.690919,48.352028,0 
-124.690876,48.350916,0 
-124.689288,48.346324,0 
-124.687572,48.346096,0 
-124.680448,48.347722,0 
-124.676499,48.347436,0 
-124.674826,48.346467,0 
-124.673882,48.345925,0 
-124.670835,48.346438,0 
-124.668174,48.345896,0 
-124.659677,48.349462,0 
-124.65178,48.351515,0 
-124.645944,48.352085,0 
-124.642682,48.351772,0 
-124.640965,48.35257,0 
-124.639034,48.35411,0 
-124.637403,48.354909,0 
-124.635987,48.35642,0 
-124.635859,48.357732,0 
-124.634871,48.359357,0 
-124.635344,48.360954,0 
-124.635,48.362351,0 
-124.631138,48.365288,0 
-124.627662,48.368595,0 
-124.626546,48.367997,0 
-124.625816,48.368767,0 
-124.625173,48.368709,0 
-124.620194,48.366486,0 
-124.617577,48.366286,0 
-124.614143,48.365944,0 
-124.607105,48.366628,0 
-124.600067,48.368909,0 
-124.592171,48.369137,0 
-124.589081,48.370163,0 
-124.586678,48.369137,0 
-124.584789,48.367655,0 
-124.571743,48.363207,0 
-124.562645,48.36161,0 
-124.561615,48.36104,0 
-124.563332,48.358416,0 
-124.562645,48.35796,0 
-124.55801,48.359329,0 
-124.555435,48.358644,0 
-124.547367,48.353854,0 
-124.548225,48.352713,0 
-124.544621,48.352599,0 
-124.535522,48.348264,0 
-124.526939,48.348264,0 
-124.525394,48.348492,0 
-124.521275,48.347123,0 
-124.520245,48.345525,0 
-124.513206,48.344156,0 
-124.511662,48.342445,0 
-124.509945,48.342559,0 
-124.507027,48.341418,0 
-124.501019,48.337196,0 
-124.49501,48.336511,0 
-124.492092,48.33343,0 
-124.491405,48.332175,0 
-124.485741,48.331833,0 
-124.483166,48.331034,0 
-124.480591,48.329892,0 
-124.479904,48.328751,0 
-124.476471,48.328409,0 
-124.470463,48.324528,0 
-124.469604,48.323387,0 
-124.466171,48.322816,0 
-124.464111,48.321675,0 
-124.461193,48.321218,0 
-124.45879,48.319506,0 
-124.456043,48.318707,0 
-124.454327,48.317223,0 
-124.448318,48.316195,0 
-124.447289,48.31551,0 
-124.446087,48.312656,0 
-124.441452,48.30866,0 
-124.434414,48.30592,0 
-124.427719,48.305349,0 
-124.427547,48.304207,0 
-124.423943,48.304321,0 
-124.422226,48.302837,0 
-124.417248,48.301695,0 
-124.41433,48.299411,0 
-124.40815,48.296214,0 
-124.404888,48.294386,0 
-124.404888,48.293701,0 
-124.402313,48.292673,0 
-124.399738,48.290732,0 
-124.399395,48.289247,0 
-124.393387,48.286734,0 
-124.390812,48.286734,0 
-124.385662,48.284792,0 
-124.378452,48.283993,0 
-124.370556,48.280223,0 
-124.366951,48.277024,0 
-124.361629,48.277367,0 
-124.360943,48.275653,0 
-124.354591,48.273139,0 
-124.353733,48.271768,0 
-124.348927,48.270512,0 
-124.347382,48.267998,0 
-124.346695,48.267769,0 
-124.34515,48.267541,0 
-124.34309,48.266741,0 
-124.321804,48.264455,0 
-124.30275,48.260799,0 
-124.295025,48.257941,0 
-124.289188,48.257256,0 
-124.28215,48.257713,0 
-124.280262,48.255998,0 
-124.279232,48.254513,0 
-124.272709,48.25337,0 
-124.269619,48.25337,0 
-124.263268,48.253141,0 
-124.260006,48.254856,0 
-124.259663,48.249026,0 
-124.255886,48.245711,0 
-124.255028,48.241367,0 
-124.257774,48.237251,0 
-124.257088,48.232906,0 
-124.254341,48.23039,0 
-124.254169,48.222271,0 
-124.250908,48.21701,0 
-124.248505,48.212778,0 
-124.249878,48.209803,0 
-124.249363,48.206371,0 
-124.248676,48.204998,0 
-124.242668,48.20374,0 
-124.23357,48.19985,0 
-124.232197,48.197333,0 
-124.224815,48.190581,0 
-124.222412,48.187491,0 
-124.219494,48.18566,0 
-124.216404,48.183829,0 
-124.214516,48.177076,0 
-124.212284,48.172497,0 
-124.209709,48.168948,0 
-124.205933,48.16849,0 
-124.204559,48.166887,0 
-124.207993,48.163566,0 
-124.206963,48.158185,0 
-124.209366,48.156582,0 
-124.220009,48.154864,0 
-124.220695,48.152917,0 
-124.220695,48.151085,0 
-124.219666,48.149825,0 
-124.216404,48.14845,0 
-124.216232,48.14719,0 
-124.220524,48.142838,0 
-124.218464,48.140891,0 
-124.216576,48.137683,0 
-124.213314,48.136881,0 
-124.212112,48.135048,0 
-124.215202,48.130007,0 
-124.219322,48.128289,0 
-124.221897,48.122101,0 
-124.234772,48.117517,0 
-124.244385,48.114194,0 
-124.253311,48.11087,0 
-124.258804,48.104565,0 
-124.263611,48.100209,0 
-124.264984,48.097343,0 
-124.267216,48.094706,0 
-124.267044,48.09333,0 
-124.263611,48.091152,0 
-124.263268,48.084845,0 
-124.268932,48.080258,0 
-124.273567,48.0759,0 
-124.277515,48.07395,0 
-124.279232,48.071771,0 
-124.280605,48.069706,0 
-124.272022,48.07005,0 
-124.226704,48.064773,0 
-124.194775,48.062938,0 
-124.162502,48.061331,0 
-124.125423,48.061102,0 
-124.121819,48.06179,0 
-124.085941,48.068215,0 
-123.975563,48.073032,0 
-123.957882,48.07762,0 
-123.950157,48.072574,0 
-123.945694,48.072115,0 
-123.932819,48.071541,0 
-123.914967,48.067182,0 
-123.9081,48.062708,0 
-123.898487,48.061331,0 
-123.896084,48.060184,0 
-123.894024,48.059611,0 
-123.892822,48.058807,0 
-123.887672,48.058693,0 
-123.884239,48.058922,0 
-123.882694,48.057316,0 
-123.881664,48.05571,0 
-123.878918,48.055021,0 
-123.877201,48.054906,0 
-123.874626,48.0533,0 
-123.87394,48.052382,0 
-123.868275,48.051923,0 
-123.863468,48.050316,0 
-123.853683,48.048825,0 
-123.851795,48.049513,0 
-123.84716,48.048825,0 
-123.8451,48.048595,0 
-123.843384,48.049398,0 
-123.841496,48.051234,0 
-123.840809,48.051234,0 
-123.839264,48.051349,0 
-123.838577,48.051349,0 
-123.836517,48.051693,0 
-123.831711,48.051923,0 
-123.825703,48.052267,0 
-123.818836,48.05089,0 
-123.814716,48.049628,0 
-123.812485,48.049628,0 
-123.805962,48.049054,0 
-123.79755,48.051808,0 
-123.796177,48.054447,0 
-123.791885,48.055365,0 
-123.789997,48.056283,0 
-123.786221,48.058578,0 
-123.784332,48.057545,0 
-123.783302,48.058578,0 
-123.782101,48.059266,0 
-123.779869,48.059955,0 
-123.776264,48.063282,0 
-123.777122,48.065347,0 
-123.776264,48.067641,0 
-123.773518,48.070394,0 
-123.774033,48.073147,0 
-123.770943,48.075326,0 
-123.764935,48.077161,0 
-123.763561,48.076359,0 
-123.760471,48.077047,0 
-123.755493,48.07762,0 
-123.753262,48.078538,0 
-123.749828,48.07957,0 
-123.744678,48.079226,0 
-123.739529,48.080831,0 
-123.734722,48.081864,0 
-123.733177,48.082666,0 
-123.730602,48.087139,0 
-123.724766,48.087941,0 
-123.706741,48.084042,0 
-123.704166,48.081634,0 
-123.701935,48.079111,0 
-123.696785,48.07762,0 
-123.690434,48.077161,0 
-123.681507,48.074065,0 
-123.638077,48.071885,0 
-123.600998,48.064085,0 
-123.586235,48.066035,0 
-123.576279,48.065347,0 
-123.575764,48.067297,0 
-123.57542,48.07005,0 
-123.569241,48.072918,0 
-123.562374,48.080487,0 
-123.557739,48.08301,0 
-123.558598,48.085075,0 
-123.559971,48.086909,0 
-123.558769,48.089088,0 
-123.538342,48.097916,0 
-123.531303,48.09998,0 
-123.499031,48.103305,0 
-123.447704,48.108119,0 
-123.442383,48.107317,0 
-123.440838,48.108234,0 
-123.434143,48.115913,0 
-123.43174,48.114767,0 
</coordinates>
</LineString>
</Placemark>

<Placemark><name>day 195</name>
<description>Out of Olympic National Park</description>
<styleUrl>#linecolor</styleUrl>
<LineString>
<tessellate>1</tessellate>
<altitudeMode>clampToGround</altitudeMode>
<coordinates>
-123.432941,48.116944,0 
-123.431911,48.118663,0 
-123.418694,48.112933,0 
-123.425732,48.105712,0 
-123.42659,48.103878,0 
-123.424873,48.099521,0 
-123.425388,48.097573,0 
-123.429508,48.094706,0 
-123.429508,48.090923,0 
-123.432083,48.087712,0 
-123.432083,48.084616,0 
-123.429337,48.078767,0 
-123.427105,48.076473,0 
-123.427963,48.074868,0 
-123.432426,48.073262,0 
-123.434658,48.071197,0 
-123.434143,48.068903,0 
-123.429508,48.066265,0 
-123.425045,48.062364,0 
-123.42041,48.060414,0 
-123.419895,48.058807,0 
-123.420753,48.055939,0 
-123.420753,48.054103,0 
-123.419895,48.0533,0 
-123.42144,48.052038,0 
-123.420925,48.050661,0 
-123.419209,48.049054,0 
-123.41938,48.047562,0 
-123.418522,48.046415,0 
-123.418179,48.044349,0 
-123.420238,48.042628,0 
-123.424015,48.042054,0 
-123.42453,48.041136,0 
-123.428822,48.039873,0 
-123.430367,48.037348,0 
-123.428135,48.034364,0 
-123.421783,48.031494,0 
-123.417492,48.03092,0 
-123.41526,48.031494,0 
-123.410282,48.030805,0 
-123.406506,48.029313,0 
-123.406162,48.027705,0 
-123.401527,48.024491,0 
-123.398781,48.024146,0 
-123.397579,48.023458,0 
-123.395691,48.021735,0 
-123.392258,48.022195,0 
-123.390884,48.020358,0 
-123.388138,48.021391,0 
-123.386765,48.021161,0 
-123.385906,48.020243,0 
-123.383846,48.019439,0 
-123.381615,48.017143,0 
-123.380241,48.017143,0 
-123.378696,48.015765,0 
-123.378181,48.014272,0 
-123.375092,48.013812,0 
-123.374405,48.014387,0 
-123.3708,48.012664,0 
-123.373032,48.009908,0 
-123.377151,48.007381,0 
-123.376465,48.004625,0 
-123.373375,48.003936,0 
-123.372688,48.001868,0 
-123.374748,48.00049,0 
-123.375778,47.997504,0 
-123.379555,47.996125,0 
-123.381271,47.996125,0 
-123.382645,47.996125,0 
-123.386765,47.996125,0 
-123.387451,47.995436,0 
-123.390026,47.995666,0 
-123.392773,47.994747,0 
-123.395863,47.993943,0 
-123.397064,47.992679,0 
-123.401012,47.993138,0 
-123.401871,47.991875,0 
-123.406591,47.991932,0 
-123.407364,47.991071,0 
-123.408566,47.990898,0 
-123.409595,47.989692,0 
-123.411055,47.989175,0 
-123.411913,47.9886,0 
-123.413458,47.988198,0 
-123.414745,47.986877,0 
-123.416548,47.987049,0 
-123.418694,47.985441,0 
-123.419895,47.985556,0 
-123.424015,47.987164,0 
-123.426504,47.987164,0 
-123.429251,47.987452,0 
-123.430023,47.986992,0 
-123.431568,47.986992,0 
-123.4338,47.98636,0 
-123.436804,47.986705,0 
-123.43792,47.987107,0 
-123.439035,47.987107,0 
-123.440065,47.986188,0 
-123.44161,47.986015,0 
-123.442812,47.985096,0 
-123.445387,47.98412,0 
-123.448219,47.983947,0 
-123.448563,47.983143,0 
-123.452425,47.983775,0 
-123.455172,47.984522,0 
-123.457747,47.984407,0 
-123.459549,47.984464,0 
-123.460665,47.985211,0 
-123.46118,47.986418,0 
-123.462811,47.986303,0 
-123.463068,47.986303,0 
-123.465815,47.985441,0 
-123.465729,47.983832,0 
-123.46736,47.982683,0 
-123.468819,47.98119,0 
-123.471737,47.980443,0 
-123.471823,47.978547,0 
-123.474569,47.97757,0 
-123.476543,47.97734,0 
-123.476715,47.976133,0 
-123.474913,47.974467,0 
-123.474913,47.973835,0 
-123.477488,47.973605,0 
-123.478775,47.973146,0 
-123.480577,47.973088,0 
-123.483324,47.973663,0 
-123.485641,47.973778,0 
-123.487787,47.973548,0 
-123.48856,47.972916,0 
-123.488045,47.971134,0 
-123.485985,47.969813,0 
-123.486071,47.969181,0 
-123.487787,47.969008,0 
-123.49122,47.9701,0 
-123.493195,47.969353,0 
-123.49431,47.96964,0 
-123.494053,47.969468,0 
-123.492594,47.969583,0 
-123.490791,47.970215,0 
-123.486671,47.969123,0 
-123.485985,47.969813,0 
-123.487787,47.970904,0 
-123.488302,47.973663,0 
-123.484354,47.97395,0 
-123.480234,47.972916,0 
-123.477488,47.973835,0 
-123.474998,47.974122,0 
-123.475685,47.975846,0 
-123.476372,47.977512,0 
-123.473024,47.978317,0 
-123.471651,47.979179,0 
-123.471565,47.980385,0 
-123.468647,47.981304,0 
-123.468046,47.982626,0 
-123.466244,47.983028,0 
-123.465128,47.984292,0 
-123.4653,47.985843,0 
-123.46384,47.98613,0 
-123.463497,47.986475,0 
-123.461008,47.986188,0 
-123.459978,47.984752,0 
-123.458347,47.984637,0 
-123.456631,47.984292,0 
-123.454914,47.984464,0 
-123.453026,47.983775,0 
-123.448906,47.983085,0 
-123.448048,47.984062,0 
-123.444443,47.984579,0 
-123.440237,47.986245,0 
-123.439465,47.98659,0 
-123.43852,47.987164,0 
-123.437834,47.987164,0 
-123.436975,47.986762,0 
-123.433886,47.986532,0 
-123.431225,47.986762,0 
-123.430109,47.987107,0 
-123.428736,47.987394,0 
-123.426161,47.987222,0 
-123.423929,47.987049,0 
-123.419209,47.985556,0 
-123.418608,47.985671,0 
-123.416119,47.987164,0 
-123.414316,47.987509,0 
-123.413458,47.988486,0 
-123.410625,47.98883,0 
-123.40951,47.990094,0 
-123.407793,47.991071,0 
-123.407106,47.991932,0 
-123.404875,47.991817,0 
-123.4023,47.992162,0 
-123.399982,47.993196,0 
-123.397322,47.992794,0 
-123.396292,47.993483,0 
-123.394575,47.994402,0 
-123.392429,47.99423,0 
-123.392258,47.994517,0 
-123.391399,47.995551,0 
-123.390198,47.995723,0 
-123.38891,47.995723,0 
-123.388309,47.99624,0 
-123.386421,47.99624,0 
-123.385305,47.996183,0 
-123.383589,47.99647,0 
-123.38273,47.996355,0 
-123.381872,47.99624,0 
-123.38007,47.996068,0 
-123.377924,47.996814,0 
-123.376808,47.997676,0 
-123.375263,47.998537,0 
-123.375177,48.000605,0 
-123.372946,48.003132,0 
-123.37389,48.00428,0 
-123.376036,48.00474,0 
-123.376722,48.006979,0 
-123.375521,48.008472,0 
-123.374748,48.009563,0 
-123.373632,48.01008,0 
-123.371229,48.012779,0 
-123.373976,48.014329,0 
-123.376036,48.0141,0 
-123.378439,48.014616,0 
-123.378782,48.015822,0 
-123.379726,48.016281,0 
-123.380413,48.017257,0 
-123.381872,48.017372,0 
-123.382645,48.018176,0 
-123.383417,48.018693,0 
-123.38376,48.019669,0 
-123.386335,48.02053,0 
-123.387537,48.021448,0 
-123.38891,48.021391,0 
-123.390112,48.020415,0 
-123.390627,48.0203,0 
-123.391829,48.021793,0 
-123.392515,48.021965,0 
-123.395348,48.021735,0 
-123.397665,48.023859,0 
-123.399467,48.024261,0 
-123.400841,48.024491,0 
-123.404961,48.027189,0 
-123.406591,48.027878,0 
-123.406935,48.029887,0 
-123.410454,48.030977,0 
-123.415947,48.031436,0 
-123.419809,48.031092,0 
-123.428307,48.034306,0 
-123.430624,48.03775,0 
-123.429079,48.039701,0 
-123.426933,48.040849,0 
-123.424273,48.041709,0 
-123.422642,48.042685,0 
-123.419466,48.043144,0 
-123.418779,48.04498,0 
-123.418093,48.046587,0 
-123.419724,48.047849,0 
-123.421268,48.052038,0 
-123.419809,48.053472,0 
-123.420153,48.054046,0 
-123.420753,48.055882,0 
-123.419638,48.059438,0 
-123.422642,48.061159,0 
-123.425903,48.06311,0 
-123.428221,48.065576,0 
-123.432684,48.067871,0 
-123.43483,48.069763,0 
-123.434401,48.072344,0 
-123.430109,48.073835,0 
-123.427792,48.07481,0 
-123.427706,48.077219,0 
-123.431396,48.081978,0 
-123.432083,48.087941,0 
-123.428993,48.091611,0 
-123.428993,48.096426,0 
-123.42453,48.09849,0 
-123.42659,48.105139,0 
-123.41938,48.113162,0 
-123.41835,48.114079,0 
-123.403244,48.10789,0 
-123.386078,48.10468,0 
-123.370972,48.104909,0 
-123.361015,48.109036,0 
-123.359299,48.109036,0 
-123.357239,48.107431,0 
-123.357239,48.103534,0 
-123.354836,48.102846,0 
-123.349342,48.106285,0 
-123.345909,48.106056,0 
-123.338356,48.101012,0 
-123.31604,48.096655,0 
-123.299561,48.096426,0 
-123.290634,48.096197,0 
-123.228493,48.0884,0 
-123.135109,48.074179,0 
-123.121376,48.073262,0 
-123.094597,48.073262,0 
-123.074684,48.070509,0 
-123.059235,48.064314,0 
-123.050308,48.056513,0 
-123.031425,48.04389,0 
-123.030739,48.037004,0 
-123.028336,48.035397,0 
-123.00808,48.02185,0 
-123.004646,48.020243,0 
-122.99572,48.024376,0 
-122.97924,48.044349,0 
-122.978897,48.046415,0 
-122.964821,48.050316,0 
-122.923279,48.050087,0 
-122.878304,48.040906,0 
-122.867661,48.031953,0 
-122.862167,48.016339,0 
-122.865257,48.005314,0 
-122.88002,48.00026,0 
-122.889633,47.992219,0 
-122.89032,47.989692,0 
-122.885513,47.986475,0 
-122.885513,47.981419,0 
-122.880707,47.96464,0 
-122.881737,47.960043,0 
-122.882423,47.956824,0 
-122.88311,47.952225,0 
-122.8862,47.947166,0 
-122.8862,47.944867,0 
-122.883797,47.941647,0 
-122.886887,47.920944,0 
-122.884827,47.91151,0 
-122.87487,47.903915,0 
-122.869034,47.894248,0 
-122.869377,47.892176,0 
-122.876244,47.88596,0 
-122.87693,47.873526,0 
-122.87899,47.864774,0 
-122.88723,47.852335,0 
-122.88929,47.847727,0 
-122.885857,47.833209,0 
-122.874527,47.824681,0 
-122.874527,47.822376,0 
-122.879333,47.821223,0 
-122.901306,47.817535,0 
-122.916412,47.805776,0 
-122.925682,47.790555,0 
-122.928772,47.784327,0 
-122.922935,47.780405,0 
-122.918816,47.773714,0 
-122.906456,47.773253,0 
-122.89856,47.769099,0 
-122.896843,47.761253,0 
-122.89238,47.752713,0 
-122.888603,47.751559,0 
-122.881393,47.745788,0 
-122.877617,47.743479,0 
-122.882423,47.736091,0 
-122.884827,47.728009,0 
-122.88826,47.714151,0 
-122.891693,47.708144,0 
-122.895813,47.706065,0 
-122.89547,47.701906,0 
-122.899933,47.68781,0 
-122.89959,47.678565,0 
-122.900276,47.676253,0 
-122.903709,47.673479,0 
-122.907143,47.671399,0 
-122.910576,47.666081,0 
-122.922249,47.661688,0 
-122.924995,47.657988,0 
-122.925682,47.654982,0 
-122.932205,47.651975,0 
-122.936325,47.646887,0 
-122.936668,47.643186,0 
-122.943878,47.636246,0 
-122.945938,47.630925,0 
-122.952118,47.626992,0 
-122.956924,47.625141,0 
-122.962761,47.623752,0 
-122.967911,47.619356,0 
-122.975464,47.617736,0 
-122.980957,47.615653,0 
-122.983704,47.614264,0 
-122.985077,47.610329,0 
-122.989883,47.604774,0 
-122.9916,47.597829,0 
-122.998123,47.590652,0 
-123.003273,47.586715,0 
-123.009796,47.575368,0 
-123.014946,47.569809,0 
-123.016319,47.565407,0 
-123.024902,47.558457,0 
-123.032799,47.552201,0 
-123.044128,47.550579,0 
-123.041039,47.540614,0 
-123.044472,47.533661,0 
-123.051338,47.529257,0 
-123.052368,47.522765,0 
-123.056145,47.514418,0 
-123.058891,47.507229,0 
-123.059921,47.502359,0 
-123.064384,47.49888,0 
-123.076744,47.487977,0 
-123.078461,47.484729,0 
-123.089104,47.476376,0 
-123.089447,47.474287,0 
-123.101807,47.463612,0 
-123.10833,47.461523,0 
-123.115196,47.463379,0 
-123.115883,47.462683,0 
-123.111763,47.459201,0 
-123.11348,47.456416,0 
-123.11348,47.453166,0 
-123.112106,47.450844,0 
-123.113823,47.447594,0 
-123.114166,47.445272,0 
-123.116913,47.443647,0 
-123.117943,47.441789,0 
-123.120689,47.439002,0 
-123.121033,47.435519,0 
-123.125496,47.4325,0 
-123.124809,47.429249,0 
-123.129272,47.424603,0 
-123.130989,47.418796,0 
-123.132706,47.414382,0 
-123.136826,47.409271,0 
-123.141289,47.406482,0 
-123.141289,47.404623,0 
-123.141632,47.402067,0 
-123.142662,47.399046,0 
-123.142662,47.396722,0 
-123.143005,47.393469,0 
-123.145752,47.390912,0 
-123.145752,47.388588,0 
-123.146439,47.385566,0 
-123.150558,47.380684,0 
-123.153648,47.375105,0 
-123.159485,47.370455,0 
-123.157768,47.361386,0 
-123.160172,47.353013,0 
-123.161201,47.334635,0 
-123.167381,47.323,0 
-123.173218,47.316483,0 
-123.181114,47.300188,0 
-123.179398,47.291339,0 
-123.158455,47.282024,0 
-123.156052,47.278996,0 
-123.146095,47.25267,0 
-123.141632,47.245212,0 
-123.130302,47.234023,0 
-123.127556,47.229361,0 
-123.127556,47.223998,0 
-123.130302,47.219102,0 
-123.126183,47.199744,0 
-123.122749,47.195545,0 
-123.100433,47.182479,0 
-123.097687,47.174545,0 
-123.094254,47.142562,0 
-123.094597,47.13579,0 
-123.101463,47.130418,0 
-123.11348,47.125746,0 
-123.116226,47.120607,0 
-123.122749,47.12014,0 
-123.128586,47.114766,0 
-123.132706,47.111495,0 
-123.134422,47.107055,0 
-123.144722,47.104018,0 
-123.155708,47.10355,0 
-123.172188,47.09911,0 
-123.183174,47.09911,0 
-123.190727,47.09911,0 
-123.19622,47.099577,0 
-123.201027,47.098876,0 
-123.20549,47.096539,0 
-123.217506,47.09724,0 
-123.219223,47.095137,0 
-123.223,47.096539,0 
-123.232269,47.089293,0 
-123.232613,47.082981,0 
-123.252182,47.078773,0 
-123.263168,47.073863,0 
-123.268661,47.06755,0 
-123.265572,47.059832,0 
-123.265572,47.055388,0 
-123.287201,47.055856,0 
-123.286858,47.053985,0 
-123.304367,47.049072,0 
-123.31295,47.045797,0 
-123.320503,47.041352,0 
-123.331833,47.037374,0 
-123.338013,47.031525,0 
-123.353119,47.017248,0 
-123.373032,47.009757,0 
-123.388138,47.004841,0 
-123.403931,47.000627,0 
-123.411484,47.000393,0 
-123.424187,46.995007,0 
-123.442039,46.995709,0 
-123.459206,46.999222,0 
-123.492165,47.000158,0 
-123.501434,46.998051,0 
-123.52478,46.990558,0 
-123.536453,46.988918,0 
-123.555679,46.983297,0 
-123.569756,46.982829,0 
-123.593788,46.977676,0 
-123.597565,46.97627,0 
-123.600998,46.971585,0 
-123.604431,46.965025,0 
-123.603058,46.959167,0 
-123.609581,46.956121,0 
-123.612328,46.952371,0 
-123.621941,46.945809,0 
-123.639793,46.943934,0 
-123.64666,46.945106,0 
-123.650436,46.943934,0 
-123.65799,46.939949,0 
-123.673439,46.937136,0 
-123.677902,46.936433,0 
-123.687515,46.93362,0 
-123.697128,46.931744,0 
-123.706398,46.930807,0 
-123.712578,46.930103,0 
-123.717384,46.925414,0 
-123.719101,46.918379,0 
-123.717384,46.914862,0 
-123.718071,46.906418,0 
-123.716011,46.898912,0 
-123.716011,46.893751,0 
-123.713608,46.885304,0 
-123.706055,46.879907,0 
-123.706398,46.877326,0 
-123.707771,46.875213,0 
-123.706398,46.871928,0 
-123.710861,46.867468,0 
-123.709145,46.860426,0 
-123.717041,46.851739,0 
-123.717728,46.845164,0 
-123.719444,46.841407,0 
-123.719444,46.83671,0 
-123.719788,46.832952,0 
-123.719444,46.828724,0 
-123.728371,46.824496,0 
-123.730087,46.817683,0 
-123.74176,46.808989,0 
-123.746223,46.805465,0 
-123.746567,46.801235,0 
-123.745537,46.797709,0 
-123.739014,46.795829,0 
-123.737984,46.794419,0 
-123.741074,46.791128,0 
-123.740387,46.788777,0 
-123.740387,46.781725,0 
-123.740387,46.777493,0 
-123.753777,46.762443,0 
-123.75412,46.757974,0 
-123.743477,46.739625,0 
-123.74382,46.737272,0 
-123.747253,46.733743,0 
-123.744164,46.729742,0 
-123.740387,46.725271,0 
-123.74279,46.720799,0 
-123.74382,46.715856,0 
-123.739357,46.708323,0 
-123.740387,46.702673,0 
-123.738327,46.699848,0 
-123.737297,46.694667,0 
-123.7397,46.693254,0 
-123.74691,46.69349,0 
-123.746223,46.69137,0 
</coordinates>
</LineString>
</Placemark>

<Placemark><name>day 196</name>
<description>Into Goonies Country</description>
<styleUrl>#linecolor</styleUrl>
<LineString>
<tessellate>1</tessellate>
<altitudeMode>clampToGround</altitudeMode>
<coordinates>
-123.746223,46.691135,0 
-123.743134,46.693961,0 
-123.73661,46.693725,0 
-123.729744,46.689015,0 
-123.729057,46.683599,0 
-123.730087,46.68195,0 
-123.73867,46.679359,0 
-123.743477,46.680301,0 
-123.748627,46.685247,0 
-123.759956,46.67983,0 
-123.769226,46.67347,0 
-123.786392,46.669701,0 
-123.798752,46.663104,0 
-123.812141,46.666402,0 
-123.843727,46.698199,0 
-123.84716,46.698906,0 
-123.849564,46.698199,0 
-123.874626,46.684776,0 
-123.877716,46.68407,0 
-123.884239,46.685718,0 
-123.888359,46.683834,0 
-123.892822,46.682185,0 
-123.895226,46.67983,0 
-123.901062,46.679123,0 
-123.905525,46.677946,0 
-123.915482,46.67771,0 
-123.918915,46.67559,0 
-123.920631,46.672999,0 
-123.920631,46.669936,0 
-123.918915,46.667345,0 
-123.920975,46.655092,0 
-123.918228,46.646137,0 
-123.923378,46.628693,0 
-123.923378,46.625156,0 
-123.915825,46.618082,0 
-123.914452,46.615016,0 
-123.914452,46.612186,0 
-123.919258,46.599449,0 
-123.916855,46.590249,0 
-123.915825,46.579631,0 
-123.916168,46.573495,0 
-123.893166,46.548236,0 
-123.885956,46.520367,0 
-123.886986,46.50879,0 
-123.886642,46.499101,0 
-123.888359,46.492956,0 
-123.887329,46.490356,0 
-123.888016,46.479009,0 
-123.881493,46.472153,0 
-123.878746,46.464586,0 
-123.874969,46.458437,0 
-123.873596,46.451578,0 
-123.870163,46.445901,0 
-123.857117,46.436437,0 
-123.8554,46.434071,0 
-123.856773,46.429339,0 
-123.856087,46.427919,0 
-123.845787,46.415139,0 
-123.840981,46.408984,0 
-123.835831,46.397384,0 
-123.834457,46.394069,0 
-123.827591,46.390517,0 
-123.821411,46.383412,0 
-123.802185,46.375833,0 
-123.802185,46.373227,0 
-123.815231,46.362804,0 
-123.812485,46.338869,0 
-123.809738,46.337684,0 
-123.800125,46.333891,0 
-123.797379,46.328913,0 
-123.802185,46.31279,0 
-123.800125,46.303778,0 
-123.802185,46.302118,0 
-123.809395,46.296425,0 
-123.811455,46.291681,0 
-123.808022,46.288359,0 
-123.807507,46.286224,0 
-123.811283,46.283258,0 
-123.815231,46.276496,0 
-123.816261,46.273648,0 
-123.81712,46.270444,0 
-123.820896,46.270088,0 
-123.823814,46.270919,0 
-123.833599,46.269495,0 
-123.840294,46.262731,0 
-123.842525,46.262137,0 
-123.851967,46.259408,0 
-123.852654,46.257983,0 
-123.85334,46.255491,0 
-123.861408,46.248843,0 
-123.866558,46.248843,0 
-123.86879,46.245282,0 
-123.870678,46.242908,0 
-123.875313,46.240889,0 
-123.84922,46.189932,0 
-123.848534,46.189101,0 
-123.85128,46.187793,0 
-123.853855,46.186961,0 
-123.854542,46.187437,0 
-123.85334,46.18815,0 
-123.851967,46.18815,0 
-123.84613,46.190527,0 
-123.836861,46.190764,0 
-123.834972,46.189932,0 
-123.834972,46.188982,0 
-123.828106,46.189219,0 
-123.822613,46.189338,0 
-123.82287,46.188209,0 
-123.828449,46.187972,0 
-123.828878,46.189695,0 
-123.834715,46.189873,0 
-123.836775,46.190467,0 
-123.846474,46.190645,0 
-123.855829,46.186248,0 
-123.859434,46.184525,0 
-123.860378,46.18298,0 
-123.861065,46.182683,0 
-123.862009,46.182386,0 
-123.86939,46.175314,0 
-123.870506,46.174422,0 
-123.892908,46.164614,0 
-123.896685,46.162474,0 
-123.89677,46.162772,0 
-123.908873,46.163842,0 
-123.917027,46.164496,0 
-123.921318,46.165031,0 
-123.924236,46.165803,0 
-123.925695,46.167289,0 
-123.925695,46.168062,0 
-123.925095,46.173055,0 
-123.925438,46.174006,0 
-123.926554,46.175016,0 
-123.928442,46.176265,0 
-123.929386,46.177215,0 
-123.929558,46.179712,0 
-123.929386,46.189635,0 
-123.929644,46.19017,0 
-123.936167,46.193616,0 
-123.936853,46.194864,0 
-123.946466,46.199379,0 
-123.955135,46.19926,0 
-123.955221,46.193735,0 
-123.956852,46.18916,0 
-123.956594,46.184406,0 
-123.957624,46.184287,0 
-123.959942,46.183218,0 
-123.960714,46.182802,0 
-123.962774,46.181732,0 
-123.964748,46.183039,0 
-123.966808,46.186248,0 
-123.96801,46.18714,0 
-123.967495,46.187496,0 
</coordinates>
</LineString>
</Placemark>

<Placemark><name>day 197</name>
<description>Around Astoria</description>
<styleUrl>#linecolor</styleUrl>
<LineString>
<tessellate>1</tessellate>
<altitudeMode>clampToGround</altitudeMode>
<coordinates>
-123.977451,46.174838,0 
-123.976421,46.175195,0 
-123.978138,46.177929,0 
-123.977451,46.178642,0 
-123.96595,46.178998,0 
-123.965092,46.179236,0 
-123.962517,46.181851,0 
-123.957882,46.184109,0 
-123.95668,46.184109,0 
-123.956852,46.188863,0 
-123.955307,46.193616,0 
-123.955307,46.199557,0 
-123.946724,46.199438,0 
-123.946209,46.198131,0 
-123.930759,46.190883,0 
-123.929729,46.189695,0 
-123.929558,46.186367,0 
-123.929558,46.177691,0 
-123.928356,46.17567,0 
-123.926125,46.174363,0 
-123.925266,46.173174,0 
-123.925266,46.16937,0 
-123.925095,46.166398,0 
-123.921833,46.165328,0 
-123.906555,46.163663,0 
-123.905182,46.162237,0 
-123.90501,46.157599,0 
-123.890934,46.165566,0 
-123.871365,46.173768,0 
-123.86982,46.174957,0 
-123.861408,46.182564,0 
-123.855228,46.186605,0 
-123.846645,46.190289,0 
-123.845572,46.190616,0 
-123.836131,46.190467,0 
-123.834629,46.189873,0 
-123.834715,46.188358,0 
-123.835745,46.188358,0 
-123.835702,46.187734,0 
-123.830209,46.187585,0 
-123.829651,46.187674,0 
-123.82935,46.188031,0 
-123.828492,46.187942,0 
-123.828621,46.189041,0 
-123.818836,46.189487,0 
-123.817549,46.189279,0 
-123.815532,46.188625,0 
-123.804202,46.193408,0 
-123.801327,46.193527,0 
-123.80137,46.192428,0 
-123.799996,46.192428,0 
-123.799739,46.192933,0 
-123.79961,46.19323,0 
-123.799953,46.193289,0 
-123.799996,46.191358,0 
-123.803129,46.191388,0 
-123.807678,46.191448,0 
-123.808365,46.191537,0 
-123.814588,46.188803,0 
-123.816433,46.188803,0 
-123.820467,46.188388,0 
-123.827076,46.18812,0 
-123.826432,46.182208,0 
-123.825188,46.182208,0 
-123.824844,46.181821,0 
-123.823857,46.181851,0 
-123.823128,46.181881,0 
-123.821669,46.182208,0 
-123.821368,46.182445,0 
-123.820767,46.182386,0 
-123.820596,46.181613,0 
-123.820381,46.181376,0 
-123.819737,46.181316,0 
-123.819952,46.18087,0 
-123.819995,46.180365,0 
-123.81918,46.180246,0 
-123.81712,46.18087,0 
-123.816519,46.18093,0 
-123.816304,46.181197,0 
-123.816948,46.181465,0 
-123.817463,46.181554,0 
-123.81815,46.181376,0 
-123.818278,46.181286,0 
</coordinates>
</LineString>
</Placemark>

<Placemark><name>day 198</name>
<description>The Oregon Coast</description>
<styleUrl>#linecolor</styleUrl>
<LineString>
<tessellate>1</tessellate>
<altitudeMode>clampToGround</altitudeMode>
<coordinates>
-123.968182,46.18708,0 
-123.966637,46.186011,0 
-123.963203,46.181257,0 
-123.95874,46.183753,0 
-123.95668,46.184109,0 
-123.953419,46.177453,0 
-123.95153,46.174244,0 
-123.949642,46.171866,0 
-123.949127,46.166517,0 
-123.947582,46.161167,0 
-123.943205,46.150821,0 
-123.942518,46.149632,0 
-123.940887,46.147908,0 
-123.939342,46.147789,0 
-123.936596,46.148265,0 
-123.93548,46.147432,0 
-123.933764,46.14547,0 
-123.932905,46.144578,0 
-123.932476,46.144161,0 
-123.931961,46.142794,0 
-123.931618,46.139939,0 
-123.930159,46.136073,0 
-123.930073,46.133516,0 
-123.929214,46.130899,0 
-123.928528,46.128817,0 
-123.92561,46.120191,0 
-123.922348,46.111088,0 
-123.916512,46.096567,0 
-123.917198,46.093472,0 
-123.915482,46.085614,0 
-123.917542,46.079185,0 
-123.916512,46.067991,0 
-123.914452,46.049646,0 
-123.912735,46.028674,0 
-123.911018,46.013416,0 
-123.911018,46.011032,0 
-123.914452,46.009124,0 
-123.916855,46.001016,0 
-123.919258,45.995769,0 
-123.922005,45.990522,0 
-123.924065,45.985751,0 
-123.926811,45.983604,0 
-123.926811,45.979787,0 
-123.927841,45.975969,0 
-123.923721,45.964754,0 
-123.923721,45.961413,0 
-123.926125,45.95831,0 
-123.926125,45.955685,0 
-123.926468,45.950195,0 
-123.922691,45.947092,0 
-123.919258,45.940407,0 
-123.919601,45.938975,0 
-123.927155,45.934199,0 
-123.929214,45.926797,0 
-123.936768,45.920349,0 
-123.938828,45.915572,0 
-123.946724,45.912944,0 
-123.953934,45.906017,0 
-123.95359,45.901477,0 
-123.95359,45.897177,0 
-123.959427,45.885229,0 
-123.95771,45.879254,0 
-123.958397,45.872561,0 
-123.958397,45.866106,0 
-123.960114,45.861086,0 
-123.96286,45.856065,0 
-123.960457,45.849608,0 
-123.95874,45.840999,0 
-123.95874,45.836215,0 
-123.960457,45.83478,0 
-123.95977,45.832866,0 
-123.960457,45.829756,0 
-123.960457,45.826885,0 
-123.960457,45.823297,0 
-123.961143,45.81229,0 
-123.96698,45.798409,0 
-123.96286,45.794579,0 
-123.95977,45.788834,0 
-123.95771,45.782848,0 
-123.95565,45.779975,0 
-123.948784,45.777102,0 
-123.945694,45.774947,0 
-123.943977,45.772792,0 
-123.943977,45.771115,0 
-123.949814,45.76872,0 
-123.95256,45.764409,0 
-123.958397,45.761056,0 
-123.958397,45.760098,0 
-123.958397,45.757703,0 
-123.962173,45.755787,0 
-123.96389,45.753152,0 
-123.960457,45.744287,0 
-123.953247,45.740933,0 
-123.947754,45.739735,0 
-123.936424,45.73686,0 
-123.930588,45.732307,0 
-123.928871,45.723199,0 
-123.929214,45.719844,0 
-123.927498,45.718645,0 
-123.924751,45.720083,0 
-123.914108,45.717207,0 
-123.911362,45.716967,0 
-123.904152,45.718885,0 
-123.898315,45.717926,0 
-123.894882,45.717686,0 
-123.892479,45.713132,0 
-123.891449,45.709536,0 
-123.888359,45.708817,0 
-123.886642,45.708817,0 
-123.883896,45.703062,0 
-123.879776,45.700665,0 
-123.877029,45.698746,0 
-123.882179,45.688914,0 
-123.891449,45.686516,0 
-123.894882,45.686996,0 
-123.897285,45.686996,0 
-123.904495,45.687475,0 
-123.906898,45.687955,0 
-123.911705,45.689874,0 
-123.918915,45.687715,0 
-123.923721,45.688195,0 
-123.924408,45.686516,0 
-123.923721,45.683398,0 
-123.923721,45.677161,0 
-123.924408,45.670444,0 
-123.923378,45.669965,0 
-123.925095,45.669005,0 
-123.925095,45.667325,0 
-123.927155,45.665646,0 
-123.928871,45.661807,0 
-123.929214,45.657728,0 
-123.931274,45.652208,0 
-123.940201,45.640448,0 
-123.943634,45.615959,0 
-123.945694,45.599627,0 
-123.947754,45.593861,0 
-123.948097,45.589777,0 
-123.948097,45.586654,0 
-123.945351,45.58329,0 
-123.946037,45.579205,0 
-123.944321,45.574639,0 
-123.942261,45.569111,0 
-123.935394,45.563343,0 
-123.931618,45.559978,0 
-123.924065,45.558295,0 
-123.917198,45.559497,0 
-123.909988,45.559497,0 
-123.906898,45.560218,0 
-123.903465,45.562622,0 
-123.899689,45.563102,0 
-123.893509,45.563102,0 
-123.891106,45.562862,0 
-123.891106,45.561179,0 
-123.892136,45.559497,0 
-123.896255,45.557814,0 
-123.898659,45.555891,0 
-123.901749,45.551323,0 
-123.905182,45.548438,0 
-123.905182,45.546515,0 
-123.901749,45.542187,0 
-123.899345,45.536656,0 
-123.898315,45.529922,0 
-123.896599,45.527757,0 
-123.893509,45.524871,0 
-123.888702,45.522225,0 
-123.883209,45.51573,0 
-123.877373,45.510678,0 
-123.860893,45.502497,0 
-123.85025,45.496,0 
-123.846474,45.489742,0 
-123.844757,45.483003,0 
-123.844414,45.468799,0 
-123.844414,45.456278,0 
-123.871536,45.456037,0 
-123.873253,45.456278,0 
-123.876343,45.457,0 
-123.878746,45.456518,0 
-123.879776,45.455796,0 
-123.883209,45.456518,0 
-123.884583,45.457963,0 
-123.885956,45.46302,0 
-123.885956,45.466632,0 
-123.889046,45.470725,0 
-123.892136,45.470966,0 
-123.897285,45.474096,0 
-123.901062,45.476262,0 
-123.904152,45.482281,0 
-123.907928,45.484928,0 
-123.912048,45.486613,0 
-123.915482,45.488539,0 
-123.918228,45.490946,0 
-123.920975,45.493593,0 
-123.925781,45.495518,0 
-123.930588,45.496962,0 
-123.935051,45.499369,0 
-123.939857,45.503941,0 
-123.944664,45.506828,0 
-123.948441,45.504422,0 
-123.945351,45.499609,0 
-123.946381,45.497203,0 
-123.946724,45.493112,0 
-123.9505,45.491908,0 
-123.953247,45.490464,0 
-123.957367,45.487095,0 
-123.959427,45.486854,0 
-123.963203,45.48902,0 
-123.965607,45.48902,0 
-123.966122,45.488419,0 
-123.966808,45.487576,0 
-123.969898,45.486252,0 
-123.972301,45.48529,0 
-123.973675,45.485891,0 
-123.974705,45.485891,0 
-123.97831,45.486373,0 
-123.978653,45.486252,0 
-123.974361,45.485771,0 
-123.970928,45.48541,0 
-123.96492,45.48878,0 
-123.961315,45.488539,0 
-123.958225,45.486613,0 
-123.952732,45.490344,0 
-123.95153,45.490344,0 
-123.949814,45.489983,0 
-123.949299,45.491668,0 
-123.946724,45.493112,0 
-123.946724,45.494676,0 
-123.946381,45.496,0 
-123.945522,45.499369,0 
-123.948269,45.504302,0 
-123.943806,45.506467,0 
-123.942261,45.505986,0 
-123.937969,45.502978,0 
-123.935738,45.500452,0 
-123.934364,45.499128,0 
-123.932304,45.498045,0 
-123.926125,45.495639,0 
-123.9184,45.491908,0 
-123.91737,45.489983,0 
-123.915138,45.489261,0 
-123.912392,45.486613,0 
-123.907757,45.485049,0 
-123.90501,45.482521,0 
-123.902264,45.479512,0 
-123.900375,45.475901,0 
-123.896599,45.473374,0 
-123.891277,45.470846,0 
-123.888702,45.470966,0 
-123.887844,45.46916,0 
-123.886986,45.466873,0 
-123.886299,45.465187,0 
-123.886127,45.462418,0 
-123.885269,45.458927,0 
-123.883896,45.456639,0 
-123.879948,45.455073,0 
-123.878918,45.452786,0 
-123.877544,45.447487,0 
-123.879261,45.442428,0 
-123.881149,45.44279,0 
-123.883381,45.442669,0 
-123.885269,45.442308,0 
-123.886986,45.441585,0 
-123.889732,45.441224,0 
-123.891277,45.441104,0 
-123.893337,45.439779,0 
-123.895397,45.439779,0 
-123.896084,45.438092,0 
-123.896942,45.436045,0 
-123.899174,45.434238,0 
-123.90295,45.433997,0 
-123.904839,45.433756,0 
-123.906898,45.432792,0 
-123.90913,45.431588,0 
-123.910503,45.430142,0 
-123.914452,45.428455,0 
-123.918228,45.426769,0 
-123.940072,45.430549,0 
-123.942604,45.431076,0 
-123.944492,45.432431,0 
-123.944921,45.432762,0 
-123.944921,45.433018,0 
-123.944256,45.433229,0 
</coordinates>
</LineString>
</Placemark>

<Placemark><name>day 199</name>
<description>To the Spruce Goose!</description>
<styleUrl>#linecolor</styleUrl>
<LineString>
<tessellate>1</tessellate>
<altitudeMode>clampToGround</altitudeMode>
<coordinates>
-123.945093,45.433967,0 
-123.945565,45.433846,0 
-123.944964,45.432732,0 
-123.94299,45.431226,0 
-123.918958,45.42701,0 
-123.917284,45.42713,0 
-123.915052,45.428034,0 
-123.912563,45.429269,0 
-123.909988,45.430383,0 
-123.907585,45.432672,0 
-123.903465,45.433997,0 
-123.899517,45.434117,0 
-123.89677,45.436767,0 
-123.895569,45.439417,0 
-123.893681,45.44002,0 
-123.890419,45.441104,0 
-123.886127,45.441585,0 
-123.882351,45.44279,0 
-123.879604,45.442669,0 
-123.877544,45.447246,0 
-123.878574,45.452063,0 
-123.879604,45.453267,0 
-123.879948,45.455073,0 
-123.878403,45.456278,0 
-123.876514,45.45712,0 
-123.871708,45.455796,0 
-123.867416,45.455916,0 
-123.843899,45.456518,0 
-123.84407,45.449173,0 
-123.825016,45.434961,0 
-123.823986,45.433033,0 
-123.824158,45.409779,0 
-123.823128,45.408213,0 
-123.806992,45.398932,0 
-123.803902,45.396039,0 
-123.8027,45.393869,0 
-123.803215,45.389771,0 
-123.804417,45.381814,0 
-123.804417,45.363604,0 
-123.804588,45.361795,0 
-123.806992,45.359986,0 
-123.80991,45.358297,0 
-123.80991,45.352748,0 
-123.82021,45.34177,0 
-123.822613,45.340684,0 
-123.829308,45.33996,0 
-123.831882,45.338753,0 
-123.837547,45.333323,0 
-123.836861,45.330789,0 
-123.836861,45.326324,0 
-123.837547,45.323668,0 
-123.841667,45.320168,0 
-123.841324,45.318961,0 
-123.838234,45.316305,0 
-123.837204,45.313046,0 
-123.837547,45.311235,0 
-123.836346,45.31027,0 
-123.836002,45.307976,0 
-123.834629,45.305682,0 
-123.833942,45.304233,0 
-123.832397,45.302422,0 
-123.831367,45.301698,0 
-123.826389,45.301094,0 
-123.825531,45.300128,0 
-123.824158,45.297713,0 
-123.821754,45.295177,0 
-123.822441,45.291917,0 
-123.821411,45.290226,0 
-123.821926,45.288535,0 
-123.822784,45.28612,0 
-123.823299,45.284429,0 
-123.824501,45.282738,0 
-123.823643,45.27996,0 
-123.826046,45.277544,0 
-123.829994,45.277061,0 
-123.831711,45.27537,0 
-123.834286,45.274282,0 
-123.835659,45.271866,0 
-123.835659,45.269692,0 
-123.838234,45.267638,0 
-123.84304,45.268484,0 
-123.845615,45.268484,0 
-123.847847,45.268121,0 
-123.849907,45.264013,0 
-123.849392,45.261234,0 
-123.849392,45.259301,0 
-123.848534,45.25628,0 
-123.848534,45.252897,0 
-123.848362,45.24903,0 
-123.848534,45.246612,0 
-123.85231,45.244799,0 
-123.857632,45.244679,0 
-123.865185,45.238756,0 
-123.865528,45.237064,0 
-123.863125,45.233921,0 
-123.862267,45.231382,0 
-123.861752,45.230173,0 
-123.859005,45.228843,0 
-123.858833,45.223403,0 
-123.85746,45.222677,0 
-123.856945,45.220864,0 
-123.851795,45.216027,0 
-123.841667,45.209013,0 
-123.838921,45.206836,0 
-123.838234,45.202844,0 
-123.836689,45.199821,0 
-123.832054,45.19849,0 
-123.827248,45.195466,0 
-123.824158,45.191474,0 
-123.820553,45.189296,0 
-123.818836,45.187118,0 
-123.817978,45.18482,0 
-123.819866,45.182279,0 
-123.819866,45.180948,0 
-123.817978,45.180222,0 
-123.816433,45.180585,0 
-123.80888,45.178891,0 
-123.806305,45.177197,0 
-123.806133,45.174414,0 
-123.804245,45.170662,0 
-123.80373,45.168484,0 
-123.804245,45.164974,0 
-123.799782,45.156985,0 
-123.801155,45.154322,0 
-123.800812,45.153111,0 
-123.798752,45.150327,0 
-123.800812,45.143305,0 
-123.803043,45.142699,0 
-123.802872,45.140157,0 
-123.806477,45.13604,0 
-123.807678,45.129984,0 
-123.807335,45.128773,0 
-123.795319,45.113754,0 
-123.79343,45.112058,0 
-123.793087,45.110604,0 
-123.788624,45.107939,0 
-123.788109,45.106727,0 
-123.789825,45.105273,0 
-123.789825,45.10491,0 
-123.787594,45.103214,0 
-123.784504,45.103819,0 
-123.778667,45.103214,0 
-123.774719,45.100427,0 
-123.769226,45.100669,0 
-123.766823,45.09873,0 
-123.766479,45.097397,0 
-123.766651,45.095458,0 
-123.764763,45.093883,0 
-123.764076,45.090005,0 
-123.760128,45.087945,0 
-123.75824,45.088551,0 
-123.756866,45.090369,0 
-123.756008,45.090975,0 
-123.753433,45.091096,0 
-123.75,45.092187,0 
-123.74794,45.093277,0 
-123.746052,45.094731,0 
-123.744164,45.095822,0 
-123.741245,45.09667,0 
-123.739872,45.09873,0 
-123.74176,45.101154,0 
-123.742619,45.105152,0 
-123.742447,45.106243,0 
-123.740387,45.107454,0 
-123.734035,45.108181,0 
-123.729572,45.110362,0 
-123.726826,45.110241,0 
-123.718243,45.107333,0 
-123.714638,45.10491,0 
-123.708801,45.104546,0 
-123.706055,45.103456,0 
-123.703823,45.103335,0 
-123.700905,45.102729,0 
-123.697643,45.099578,0 
-123.694038,45.098367,0 
-123.692665,45.096186,0 
-123.687687,45.094247,0 
-123.684254,45.095216,0 
-123.682022,45.094974,0 
-123.677044,45.092671,0 
-123.673267,45.090005,0 
-123.666916,45.08952,0 
-123.662109,45.086006,0 
-123.656273,45.084066,0 
-123.653698,45.083824,0 
-123.648891,45.083218,0 
-123.647003,45.082854,0 
-123.644085,45.083097,0 
-123.640995,45.082127,0 
-123.63945,45.082491,0 
-123.637562,45.083218,0 
-123.635674,45.082854,0 
-123.634815,45.081642,0 
-123.63224,45.080066,0 
-123.616276,45.080066,0 
-123.59705,45.079945,0 
-123.596191,45.079097,0 
-123.595161,45.077763,0 
-123.587437,45.076551,0 
-123.57645,45.076188,0 
-123.57645,45.074733,0 
-123.57645,45.073642,0 
-123.576965,45.072672,0 
-123.575249,45.070975,0 
-123.573704,45.069762,0 
-123.574047,45.068308,0 
-123.576107,45.067095,0 
-123.57439,45.06467,0 
-123.571987,45.062003,0 
-123.564949,45.062367,0 
-123.559799,45.061518,0 
-123.552589,45.059093,0 
-123.53405,45.051089,0 
-123.507271,45.050604,0 
-123.504353,45.050847,0 
-123.493366,45.055091,0 
-123.483067,45.059214,0 
-123.461952,45.072551,0 
-123.377151,45.09461,0 
-123.36462,45.09667,0 
-123.345394,45.099942,0 
-123.339214,45.102123,0 
-123.320332,45.11339,0 
-123.31501,45.116419,0 
-123.304539,45.125746,0 
-123.273811,45.149479,0 
-123.257504,45.162311,0 
-123.247547,45.169936,0 
-123.230209,45.181432,0 
-123.218365,45.189417,0 
-123.214588,45.190264,0 
-123.207893,45.190506,0 
-123.197079,45.191232,0 
-123.193302,45.192925,0 
-123.178196,45.200909,0 
-123.162231,45.201272,0 
-123.145237,45.20103,0 
-123.144894,45.203328,0 
-123.143864,45.203812,0 
-123.143692,45.20478,0 
-123.140774,45.20478,0 
-123.144722,45.204901,0 
-123.14455,45.20103,0 
-123.176651,45.200546,0 
-123.179398,45.202482,0 
-123.186092,45.209738,0 
-123.188667,45.210101,0 
-123.194418,45.210041,0 
-123.197765,45.20998,0 
-123.197937,45.206836,0 
-123.198023,45.20478,0 
-123.199825,45.203691,0 
-123.20343,45.201333,0 
-123.208237,45.196071,0 
-123.216305,45.190566,0 
-123.218365,45.189115,0 
</coordinates>
</LineString>
</Placemark>

<Placemark><name>day 200</name>
<description>The Oregon Coast</description>
<styleUrl>#linecolor</styleUrl>
<LineString>
<tessellate>1</tessellate>
<altitudeMode>clampToGround</altitudeMode>
<coordinates>
-123.943977,45.433334,0 
-123.945093,45.432913,0 
-123.944578,45.43213,0 
-123.942604,45.431106,0 
-123.919086,45.42707,0 
-123.91737,45.42707,0 
-123.912477,45.429299,0 
-123.910246,45.430142,0 
-123.9081,45.432371,0 
-123.904324,45.433756,0 
-123.902264,45.433455,0 
-123.898745,45.434418,0 
-123.896685,45.436587,0 
-123.895912,45.439176,0 
-123.895054,45.439718,0 
-123.893766,45.44002,0 
-123.89102,45.441104,0 
-123.887501,45.441585,0 
-123.884668,45.442248,0 
-123.882952,45.44273,0 
-123.879089,45.44291,0 
-123.87763,45.447487,0 
-123.878746,45.452304,0 
-123.879604,45.453267,0 
-123.879862,45.454411,0 
-123.879862,45.455676,0 
-123.877115,45.457,0 
-123.875313,45.457,0 
-123.871965,45.456157,0 
-123.844156,45.456278,0 
-123.843985,45.449414,0 
-123.843555,45.44851,0 
-123.836002,45.44297,0 
-123.825874,45.435804,0 
-123.824415,45.434358,0 
-123.824158,45.432973,0 
-123.824158,45.426829,0 
-123.801756,45.426829,0 
-123.800983,45.425323,0 
-123.798494,45.423094,0 
-123.799009,45.422974,0 
-123.801842,45.422793,0 
-123.802271,45.421468,0 
-123.802872,45.420805,0 
-123.800383,45.419781,0 
-123.798666,45.421528,0 
-123.798409,45.422733,0 
-123.801327,45.425383,0 
-123.801498,45.426889,0 
-123.824072,45.426829,0 
-123.824072,45.426528,0 
-123.824415,45.410442,0 
-123.823986,45.408996,0 
-123.822699,45.40773,0 
-123.807592,45.399414,0 
-123.804245,45.397004,0 
-123.803129,45.394834,0 
-123.8027,45.392061,0 
-123.804588,45.382778,0 
-123.803558,45.363725,0 
-123.804245,45.361554,0 
-123.808708,45.358418,0 
-123.809738,45.353352,0 
-123.812141,45.349009,0 
-123.816261,45.346113,0 
-123.820724,45.340563,0 
-123.831024,45.339115,0 
-123.838234,45.332116,0 
-123.836861,45.324634,0 
-123.841667,45.319565,0 
-123.837547,45.314978,0 
-123.837547,45.311356,0 
-123.836517,45.309424,0 
-123.834457,45.306286,0 
-123.833084,45.302422,0 
-123.825188,45.299283,0 
-123.822441,45.293245,0 
-123.822441,45.287931,0 
-123.823814,45.2831,0 
-123.823814,45.279718,0 
-123.825874,45.277786,0 
-123.829994,45.277302,0 
-123.835144,45.273195,0 
-123.835487,45.270054,0 
-123.84716,45.269088,0 
-123.849564,45.264738,0 
-123.849907,45.259664,0 
-123.84819,45.249996,0 
-123.848534,45.247579,0 
-123.854027,45.244679,0 
-123.857803,45.24492,0 
-123.866043,45.237426,0 
-123.860893,45.231382,0 
-123.864326,45.228481,0 
-123.870506,45.22969,0 
-123.872566,45.226546,0 
-123.872566,45.224854,0 
-123.875313,45.223161,0 
-123.874626,45.219533,0 
-123.875656,45.217841,0 
-123.875999,45.212762,0 
-123.879776,45.210343,0 
-123.882523,45.208408,0 
-123.890076,45.205989,0 
-123.891449,45.202119,0 
-123.894882,45.198248,0 
-123.895569,45.195587,0 
-123.908958,45.184699,0 
-123.919258,45.183731,0 
-123.920631,45.181069,0 
-123.924751,45.178165,0 
-123.926468,45.178407,0 
-123.929558,45.175019,0 
-123.931274,45.164369,0 
-123.933678,45.162432,0 
-123.945694,45.159527,0 
-123.952217,45.15638,0 
-123.95565,45.154201,0 
-123.95771,45.1496,0 
-123.966637,45.145726,0 
-123.96904,45.143789,0 
-123.96904,45.139672,0 
-123.967323,45.137735,0 
-123.966637,45.134102,0 
-123.968697,45.1295,0 
-123.971443,45.126593,0 
-123.96698,45.119326,0 
-123.968697,45.11763,0 
-123.98243,45.101638,0 
-123.98037,45.098973,0 
-123.968697,45.088066,0 
-123.95771,45.081521,0 
-123.949471,45.079582,0 
-123.946037,45.074006,0 
-123.948784,45.071581,0 
-123.947067,45.068186,0 
-123.948784,45.063337,0 
-123.948784,45.060184,0 
-123.953934,45.057031,0 
-123.954277,45.054364,0 
-123.954277,45.05121,0 
-123.954964,45.044176,0 
-123.950844,45.041508,0 
-123.95153,45.036898,0 
-123.953247,45.032289,0 
-123.955307,45.028164,0 
-123.97007,45.023068,0 
-123.973846,45.020641,0 
-123.975563,45.015787,0 
-123.976593,45.01336,0 
-123.978996,45.01336,0 
-123.97831,45.00802,0 
-123.984146,45.004379,0 
-123.987579,45.001709,0 
-123.990326,44.999281,0 
-124.000969,44.997097,0 
-124.005089,44.995883,0 
-124.006462,44.992969,0 
-124.005089,44.987627,0 
-124.007149,44.984471,0 
-124.007149,44.980828,0 
-124.009552,44.980585,0 
-124.016075,44.96747,0 
-124.017792,44.965527,0 
-124.018135,44.963583,0 
-124.014015,44.960911,0 
-124.014702,44.953866,0 
-124.014015,44.950221,0 
-124.020195,44.944389,0 
-124.021568,44.940258,0 
-124.023628,44.935641,0 
-124.014015,44.927377,0 
-124.014015,44.922515,0 
-124.005089,44.914249,0 
-124.007835,44.896741,0 
-124.009895,44.895769,0 
-124.020538,44.891877,0 
-124.022598,44.890904,0 
-124.026375,44.888229,0 
-124.031181,44.881661,0 
-124.033585,44.876065,0 
-124.036331,44.865846,0 
-124.039078,44.858546,0 
-124.045944,44.846376,0 
-124.055557,44.8325,0 
-124.05899,44.828848,0 
-124.065514,44.828117,0 
-124.065514,44.825682,0 
-124.062767,44.818864,0 
-124.06208,44.810583,0 
-124.060707,44.80425,0 
-124.06517,44.796211,0 
-124.065514,44.78744,0 
-124.069977,44.786221,0 
-124.071693,44.784272,0 
-124.072723,44.780373,0 
-124.070148,44.777814,0 
-124.07135,44.775011,0 
-124.071522,44.772818,0 
-124.066372,44.768552,0 
-124.062767,44.762824,0 
-124.062939,44.759899,0 
-124.060192,44.758314,0 
-124.060192,44.755754,0 
-124.056244,44.753316,0 
-124.053154,44.751244,0 
-124.052639,44.749537,0 
-124.053841,44.748562,0 
-124.065342,44.748074,0 
-124.065342,44.747709,0 
-124.054184,44.747952,0 
-124.055729,44.746489,0 
-124.055901,44.741978,0 
-124.056072,44.740271,0 
-124.056931,44.732101,0 
-124.057789,44.727955,0 
-124.058304,44.724174,0 
-124.058475,44.721369,0 
-124.058304,44.713074,0 
-124.060535,44.70856,0 
-124.06105,44.70246,0 
-124.06208,44.697335,0 
-124.063625,44.687817,0 
-124.063454,44.683057,0 
-124.060707,44.674268,0 
-124.053841,44.661083,0 
-124.052811,44.654001,0 
-124.052811,44.63617,0 
-124.060364,44.630306,0 
-124.06105,44.628596,0 
-124.059677,44.624931,0 
-124.051437,44.617355,0 
-124.050751,44.612223,0 
-124.052467,44.610023,0 
-124.063797,44.591445,0 
-124.064827,44.587778,0 
-124.06311,44.583376,0 
-124.0662,44.579953,0 
-124.069977,44.562099,0 
-124.073753,44.541548,0 
-124.07547,44.525395,0 
-124.068604,44.521479,0 
-124.075127,44.518296,0 
-124.081306,44.501893,0 
-124.083366,44.493567,0 
-124.081306,44.484015,0 
-124.079247,44.474706,0 
-124.07959,44.467356,0 
-124.073753,44.453634,0 
-124.075127,44.435986,0 
-124.068947,44.430348,0 
-124.06826,44.42667,0 
-124.06826,44.424954,0 
-124.08268,44.414655,0 
-124.086113,44.397486,0 
-124.0868,44.388409,0 
-124.088173,44.387428,0 
-124.088516,44.377613,0 
-124.093323,44.35626,0 
-124.098129,44.33097,0 
-124.104309,44.312794,0 
-124.098816,44.308618,0 
-124.106369,44.302721,0 
-124.109116,44.29707,0 
-124.106712,44.292647,0 
-124.112892,44.288715,0 
-124.112892,44.285766,0 
-124.109459,44.284782,0 
-124.108772,44.282079,0 
-124.109802,44.280358,0 
-124.110146,44.278884,0 
-124.113235,44.275688,0 
-124.107399,44.270034,0 
-124.107056,44.266592,0 
-124.107399,44.26315,0 
-124.109802,44.261675,0 
-124.108772,44.25897,0 
-124.112206,44.250855,0 
-124.111519,44.23905,0 
-124.109802,44.23536,0 
-124.109116,44.223798,0 
-124.113922,44.218139,0 
-124.112549,44.211249,0 
-124.115295,44.207312,0 
-124.113579,44.200913,0 
-124.113235,44.194759,0 
-124.114609,44.189097,0 
-124.113922,44.186389,0 
-124.115295,44.185158,0 
-124.115295,44.18245,0 
-124.115982,44.177526,0 
-124.115982,44.172601,0 
-124.115295,44.167676,0 
-124.114265,44.16546,0 
-124.115295,44.160534,0 
-124.117699,44.147479,0 
-124.118042,44.141073,0 
-124.117355,44.139102,0 
-124.120102,44.137377,0 
-124.124565,44.138117,0 
-124.124565,44.136885,0 
-124.121475,44.135653,0 
-124.121819,44.133681,0 
-124.124908,44.127028,0 
-124.126625,44.122838,0 
-124.126282,44.120374,0 
-124.120789,44.118649,0 
-124.118729,44.118402,0 
-124.118729,44.11717,0 
-124.122505,44.115198,0 
-124.122849,44.113226,0 
-124.122849,44.110021,0 
-124.122505,44.106324,0 
-124.121475,44.103858,0 
-124.121475,44.101886,0 
-124.119415,44.099421,0 
-124.116325,44.097941,0 
-124.113922,44.094983,0 
-124.111176,44.091284,0 
-124.106369,44.08068,0 
-124.100876,44.073527,0 
-124.100876,44.070074,0 
-124.098129,44.064647,0 
-124.098473,44.061193,0 
-124.100189,44.056505,0 
-124.097099,44.052557,0 
-124.097786,44.046882,0 
-124.094009,44.046882,0 
-124.092636,44.045154,0 
-124.094696,44.044167,0 
-124.095383,44.047622,0 
-124.099159,44.047129,0 
-124.099159,44.044414,0 
-124.099503,44.040466,0 
-124.100189,44.03084,0 
-124.101219,44.020718,0 
-124.101562,44.004669,0 
-124.101219,43.978981,0 
-124.102592,43.974781,0 
-124.101048,43.974534,0 
-124.100876,43.972187,0 
-124.101391,43.970581,0 
-124.102592,43.969345,0 
-124.102077,43.96848,0 
-124.100189,43.969098,0 
</coordinates>
</LineString>
</Placemark>

<Placemark><name>day 201</name>
<description>Down the Oregon Coast</description>
<styleUrl>#linecolor</styleUrl>
<LineString>
<tessellate>1</tessellate>
<altitudeMode>clampToGround</altitudeMode>
<coordinates>
-124.100876,43.968975,0 
-124.102077,43.968851,0 
-124.102592,43.969716,0 
-124.106541,43.96848,0 
-124.105854,43.967492,0 
-124.103279,43.96848,0 
-124.103966,43.969963,0 
-124.102421,43.97021,0 
-124.099846,43.970828,0 
-124.101048,43.971816,0 
-124.101048,43.974534,0 
-124.102936,43.974781,0 
-124.108772,43.966998,0 
-124.109116,43.963662,0 
-124.108086,43.961438,0 
-124.104824,43.959214,0 
-124.104137,43.956866,0 
-124.104309,43.939934,0 
-124.107399,43.929303,0 
-124.107914,43.922132,0 
-124.111347,43.911992,0 
-124.112892,43.907169,0 
-124.115295,43.902222,0 
-124.121647,43.883666,0 
-124.123878,43.8828,0 
-124.127827,43.882676,0 
-124.129372,43.880573,0 
-124.132977,43.870426,0 
-124.139843,43.862753,0 
-124.145336,43.853841,0 
-124.149628,43.840099,0 
-124.150658,43.836137,0 
-124.149284,43.833289,0 
-124.148941,43.830812,0 
-124.148941,43.827716,0 
-124.148083,43.824868,0 
-124.149628,43.822019,0 
-124.151688,43.81979,0 
-124.151859,43.818056,0 
-124.153576,43.816941,0 
-124.153576,43.814835,0 
-124.152889,43.811862,0 
-124.154091,43.808394,0 
-124.152546,43.806907,0 
-124.147911,43.803438,0 
-124.147739,43.80158,0 
-124.148426,43.793402,0 
-124.150143,43.791048,0 
-124.150314,43.788817,0 
-124.147396,43.786834,0 
-124.142761,43.784356,0 
-124.141903,43.782125,0 
-124.142075,43.779894,0 
-124.142761,43.777911,0 
-124.144306,43.776672,0 
-124.144306,43.773945,0 
-124.14259,43.771094,0 
-124.136925,43.769978,0 
-124.129887,43.768986,0 
-124.128513,43.763284,0 
-124.12302,43.761176,0 
-124.122505,43.756093,0 
-124.125767,43.754729,0 
-124.125938,43.752249,0 
-124.118729,43.748405,0 
-124.114609,43.744685,0 
-124.111176,43.740592,0 
-124.111519,43.734391,0 
-124.111176,43.73067,0 
-124.111691,43.729181,0 
-124.109802,43.724219,0 
-124.108944,43.721738,0 
-124.101048,43.718636,0 
-124.099674,43.715783,0 
-124.099503,43.713053,0 
-124.100361,43.710448,0 
-124.103107,43.70598,0 
-124.104652,43.703374,0 
-124.113922,43.697169,0 
-124.125423,43.694563,0 
-124.143105,43.688977,0 
-124.148254,43.683639,0 
-124.156494,43.677556,0 
-124.160614,43.674701,0 
-124.169884,43.674204,0 
-124.174004,43.67557,0 
-124.183445,43.669113,0 
-124.187565,43.66365,0 
-124.187393,43.659055,0 
-124.189968,43.655702,0 
-124.189281,43.647256,0 
-124.190998,43.643902,0 
-124.190655,43.641044,0 
-124.189796,43.639305,0 
-124.185162,43.634584,0 
-124.184475,43.632472,0 
-124.183617,43.627999,0 
-124.1819,43.622656,0 
-124.180183,43.601527,0 
-124.180698,43.597798,0 
-124.181728,43.593446,0 
-124.184132,43.587727,0 
-124.186878,43.588473,0 
-124.18808,43.588349,0 
-124.188209,43.588567,0 
-124.188681,43.58894,0 
-124.189024,43.589095,0 
-124.189453,43.58953,0 
-124.190655,43.589623,0 
-124.192328,43.59009,0 
-124.193487,43.590245,0 
-124.193916,43.59124,0 
-124.194732,43.591799,0 
-124.195933,43.592514,0 
-124.199152,43.593975,0 
-124.200869,43.594161,0 
-124.203959,43.593602,0 
-124.205632,43.593726,0 
-124.205933,43.593011,0 
-124.20692,43.592452,0 
-124.206963,43.591333,0 
-124.205546,43.59068,0 
-124.203744,43.591084,0 
-124.203143,43.592359,0 
-124.202542,43.59326,0 
-124.200954,43.592514,0 
-124.199796,43.592856,0 
-124.198809,43.593353,0 
-124.197478,43.592701,0 
-124.195161,43.591613,0 
-124.19383,43.590214,0 
-124.192758,43.589779,0 
-124.189711,43.589002,0 
-124.188766,43.588815,0 
-124.18808,43.588131,0 
-124.187608,43.588193,0 
-124.186449,43.588193,0 
-124.185419,43.587634,0 
-124.184303,43.586888,0 
-124.184475,43.584681,0 
-124.184475,43.582443,0 
-124.185076,43.581137,0 
-124.18602,43.580018,0 
-124.187565,43.578588,0 
-124.192715,43.576163,0 
-124.19589,43.574111,0 
-124.203787,43.565404,0 
-124.205589,43.562606,0 
-124.207649,43.557506,0 
-124.210396,43.549792,0 
-124.211941,43.546557,0 
-124.215374,43.536976,0 
-124.216404,43.529509,0 
-124.216404,43.522415,0 
-124.218636,43.499134,0 
-124.219151,43.492285,0 
-124.223614,43.480328,0 
-124.2243,43.475221,0 
-124.223614,43.471359,0 
-124.227219,43.461517,0 
-124.22945,43.458402,0 
-124.22945,43.455037,0 
-124.226017,43.45105,0 
-124.220009,43.438836,0 
-124.220867,43.433102,0 
-124.223614,43.419513,0 
-124.2243,43.412904,0 
-124.224129,43.407043,0 
</coordinates>
</LineString>
</Placemark>

<Placemark><name>day 204</name>
<description>Lighthouse Country</description>
<styleUrl>#linecolor</styleUrl>
<LineString>
<tessellate>1</tessellate>
<altitudeMode>clampToGround</altitudeMode>
<coordinates>
-124.2243,43.407542,0 
-124.2243,43.405422,0 
-124.222927,43.404424,0 
-124.219494,43.394196,0 
-124.220352,43.389706,0 
-124.221382,43.385339,0 
-124.220181,43.382844,0 
-124.216404,43.377729,0 
-124.212971,43.374984,0 
-124.213486,43.357887,0 
-124.211597,43.356514,0 
-124.208679,43.35614,0 
-124.202843,43.35564,0 
-124.200611,43.354267,0 
-124.19735,43.347277,0 
-124.198895,43.341784,0 
-124.197693,43.337789,0 
-124.201813,43.32755,0 
-124.205933,43.325802,0 
-124.206448,43.324928,0 
-124.205589,43.322805,0 
-124.207993,43.312938,0 
-124.211254,43.307567,0 
-124.211769,43.305444,0 
-124.211254,43.301821,0 
-124.212456,43.298823,0 
-124.217949,43.2942,0 
-124.22121,43.289452,0 
-124.22327,43.289202,0 
-124.226704,43.289702,0 
-124.231682,43.291201,0 
-124.252968,43.286703,0 
-124.258118,43.283704,0 
-124.262409,43.268331,0 
-124.270992,43.256706,0 
-124.274597,43.254955,0 
-124.277687,43.254705,0 
-124.282494,43.25558,0 
-124.285583,43.25383,0 
-124.289017,43.240451,0 
-124.289532,43.236699,0 
-124.305496,43.219689,0 
-124.307899,43.216561,0 
-124.306011,43.206802,0 
-124.307041,43.2048,0 
-124.319229,43.193288,0 
-124.324036,43.191661,0 
-124.332619,43.192412,0 
-124.335194,43.192036,0 
-124.337769,43.19091,0 
-124.339657,43.19091,0 
-124.345665,43.192912,0 
-124.347553,43.192912,0 
-124.349098,43.192287,0 
-124.374676,43.172009,0 
-124.392872,43.157485,0 
-124.395103,43.154229,0 
-124.395275,43.151599,0 
-124.395447,43.143834,0 
-124.397507,43.1397,0 
-124.398365,43.11953,0 
-124.399052,43.118904,0 
-124.410381,43.119405,0 
-124.414158,43.1174,0 
-124.414845,43.115896,0 
-124.415359,43.078669,0 
-124.415359,43.0502,0 
-124.414158,43.047691,0 
-124.415188,43.043676,0 
-124.41433,43.040916,0 
-124.415874,43.037403,0 
-124.415188,43.034141,0 
-124.415016,43.010421,0 
-124.415703,43.006405,0 
-124.415531,43.002387,0 
-124.423256,42.982674,0 
-124.423599,42.976772,0 
-124.425316,42.975516,0 
-124.430294,42.963332,0 
-124.434071,42.959815,0 
-124.439049,42.953784,0 
-124.442997,42.946999,0 
-124.449692,42.931668,0 
-124.45055,42.919852,0 
-124.45158,42.916961,0 
-124.453812,42.913441,0 
-124.455872,42.91168,0 
-124.461193,42.895837,0 
-124.462566,42.888417,0 
-124.464626,42.882254,0 
-124.467888,42.879361,0 
-124.468403,42.872819,0 
-124.467716,42.870303,0 
-124.466686,42.868667,0 
-124.466686,42.863383,0 
-124.469604,42.860741,0 
-124.475956,42.841737,0 
-124.477329,42.840731,0 
-124.479389,42.830912,0 
-124.482822,42.827765,0 
-124.481964,42.8119,0 
-124.484367,42.80661,0 
-124.491577,42.810262,0 
-124.51149,42.817314,0 
-124.524708,42.823358,0 
-124.524536,42.825624,0 
-124.524536,42.826631,0 
-124.525223,42.829023,0 
-124.524708,42.829401,0 
-124.524193,42.830534,0 
-124.524536,42.832926,0 
-124.533634,42.836451,0 
-124.536381,42.839849,0 
-124.538441,42.840227,0 
-124.540501,42.841108,0 
-124.541359,42.841234,0 
-124.549427,42.836703,0 
-124.548054,42.834688,0 
-124.547024,42.834814,0 
</coordinates>
</LineString>
</Placemark>

<Placemark><name>Day 208</name>
<description>Back to California</description>
<styleUrl>#linecolor</styleUrl>
<LineString>
<tessellate>1</tessellate>
<altitudeMode>clampToGround</altitudeMode>
<coordinates>
-124.551487,42.832548,0 
-124.55286,42.834311,0 
-124.554062,42.836073,0 
-124.549599,42.836703,0 
-124.544277,42.840479,0 
-124.541359,42.841486,0 
-124.535694,42.839346,0 
-124.533463,42.836703,0 
-124.524536,42.832674,0 
-124.523678,42.830912,0 
-124.525566,42.829527,0 
-124.524879,42.826506,0 
-124.524364,42.82361,0 
-124.513206,42.818196,0 
-124.489861,42.809381,0 
-124.484539,42.80661,0 
-124.486084,42.802454,0 
-124.486256,42.79729,0 
-124.492607,42.790866,0 
-124.494152,42.788346,0 
-124.49604,42.775999,0 
-124.497929,42.766044,0 
-124.497242,42.75571,0 
-124.497414,42.745121,0 
-124.494839,42.743482,0 
-124.490719,42.743356,0 
-124.485226,42.741213,0 
-124.481792,42.738061,0 
-124.480247,42.737683,0 
-124.475441,42.7368,0 
-124.473553,42.73617,0 
-124.472179,42.734279,0 
-124.466343,42.724443,0 
-124.466343,42.721417,0 
-124.46703,42.719651,0 
-124.463768,42.717885,0 
-124.461536,42.715363,0 
-124.458103,42.707543,0 
-124.457245,42.703884,0 
-124.452782,42.697829,0 
-124.453297,42.694675,0 
-124.453125,42.693918,0 
-124.448662,42.691142,0 
-124.446602,42.687357,0 
-124.444885,42.686347,0 
-124.436817,42.688997,0 
-124.435616,42.688997,0 
-124.432182,42.686978,0 
-124.428921,42.687357,0 
-124.427719,42.686852,0 
-124.427376,42.684328,0 
-124.426346,42.683823,0 
-124.421368,42.684202,0 
-124.418964,42.682435,0 
-124.418964,42.680795,0 
-124.420338,42.672465,0 
-124.413128,42.663251,0 
-124.411068,42.660095,0 
-124.410381,42.656056,0 
-124.407463,42.649996,0 
-124.409008,42.646334,0 
-124.40815,42.644314,0 
-124.403515,42.638884,0 
-124.402142,42.635474,0 
-124.400082,42.633201,0 
-124.399052,42.629665,0 
-124.398708,42.62676,0 
-124.398708,42.625118,0 
-124.398708,42.622718,0 
-124.397163,42.61956,0 
-124.39682,42.616907,0 
-124.393387,42.613244,0 
-124.391842,42.610464,0 
-124.39167,42.606674,0 
-124.39167,42.605916,0 
-124.395447,42.603642,0 
-124.398537,42.599851,0 
-124.398537,42.596313,0 
-124.399223,42.594796,0 
-124.396648,42.59328,0 
-124.395275,42.591763,0 
-124.392529,42.587214,0 
-124.392872,42.584812,0 
-124.392357,42.582916,0 
-124.392357,42.580515,0 
-124.38961,42.578113,0 
-124.389954,42.575712,0 
-124.388065,42.573815,0 
-124.388065,42.571287,0 
-124.384289,42.564713,0 
-124.384289,42.563196,0 
-124.394073,42.551689,0 
-124.396305,42.543722,0 
-124.397507,42.539801,0 
-124.409008,42.515132,0 
-124.410553,42.51121,0 
-124.409523,42.505389,0 
-124.416389,42.487542,0 
-124.417934,42.481719,0 
-124.418964,42.46032,0 
-124.430637,42.433086,0 
-124.430294,42.430679,0 
-124.427719,42.429032,0 
-124.424114,42.428778,0 
-124.418621,42.430045,0 
-124.413643,42.429919,0 
-124.413471,42.423203,0 
-124.416733,42.421682,0 
-124.420681,42.414206,0 
-124.420681,42.40977,0 
-124.422741,42.394305,0 
-124.422226,42.390755,0 
-124.422226,42.389741,0 
-124.423428,42.386698,0 
-124.422913,42.384162,0 
-124.420853,42.379724,0 
-124.419994,42.370974,0 
-124.418449,42.366154,0 
-124.416389,42.364125,0 
-124.415703,42.361335,0 
-124.413643,42.359559,0 
-124.413471,42.356768,0 
-124.412098,42.354738,0 
-124.416733,42.347761,0 
-124.417934,42.345985,0 
-124.417076,42.343067,0 
-124.412613,42.339894,0 
-124.41227,42.338626,0 
-124.41227,42.336342,0 
-124.420166,42.332789,0 
-124.423599,42.32987,0 
-124.422569,42.327839,0 
-124.416389,42.323778,0 
-124.414673,42.31959,0 
-124.416389,42.316924,0 
-124.415016,42.313751,0 
-124.413471,42.309308,0 
-124.409351,42.306388,0 
-124.411068,42.301944,0 
-124.40815,42.298135,0 
-124.40815,42.29585,0 
-124.405231,42.290771,0 
-124.40506,42.286707,0 
-124.40506,42.279976,0 
-124.39785,42.255332,0 
-124.396648,42.25368,0 
-124.392014,42.249995,0 
-124.39167,42.246437,0 
-124.392185,42.238558,0 
-124.391327,42.236016,0 
-124.386177,42.233347,0 
-124.384289,42.229407,0 
-124.379997,42.225975,0 
-124.378452,42.222797,0 
-124.372616,42.219873,0 
-124.371586,42.217712,0 
-124.375019,42.213898,0 
-124.374676,42.210338,0 
-124.372959,42.207668,0 
-124.373989,42.202073,0 
-124.373989,42.200038,0 
-124.369354,42.195842,0 
-124.365063,42.189101,0 
-124.359913,42.184904,0 
-124.359913,42.181342,0 
-124.358025,42.178798,0 
-124.35854,42.175617,0 
-124.357681,42.17231,0 
-124.359741,42.16862,0 
-124.35957,42.165948,0 
-124.357853,42.162767,0 
-124.358025,42.159586,0 
-124.360085,42.156914,0 
-124.359055,42.14966,0 
-124.35236,42.145587,0 
-124.352188,42.14406,0 
-124.35236,42.139987,0 
-124.349785,42.136041,0 
-124.3503,42.132731,0 
-124.34824,42.129166,0 
-124.349442,42.125602,0 
-124.348583,42.11185,0 
-124.329014,42.087522,0 
-124.325752,42.08472,0 
-124.315281,42.078477,0 
-124.310131,42.074017,0 
-124.298801,42.058725,0 
-124.29554,42.055793,0 
-124.291763,42.055411,0 
-124.284382,42.052734,0 
-124.281635,42.052607,0 
-124.272022,42.054901,0 
-124.265499,42.054519,0 
-124.219151,42.016652,0 
-124.214001,42.010275,0 
-124.210052,42.004407,0 
-124.208336,41.998412,0 
-124.207649,41.989353,0 
-124.203358,41.983867,0 
-124.202499,41.962809,0 
-124.204559,41.954895,0 
-124.202156,41.95132,0 
-124.188938,41.942893,0 
-124.16851,41.934338,0 
-124.147396,41.930635,0 
-124.143791,41.928591,0 
-124.13641,41.920289,0 
-124.136753,41.881576,0 
-124.128513,41.87902,0 
-124.124565,41.875057,0 
-124.123363,41.870711,0 
-124.118385,41.867004,0 
-124.117012,41.864192,0 
-124.11787,41.861763,0 
-124.118042,41.857288,0 
-124.120617,41.853964,0 
-124.120789,41.850767,0 
-124.115982,41.845141,0 
-124.11375,41.843734,0 
-124.11272,41.84156,0 
-124.108086,41.839642,0 
-124.104481,41.833886,0 
-124.103279,41.827363,0 
-124.097786,41.821479,0 
-124.092636,41.816873,0 
-124.083538,41.814186,0 
-124.078732,41.809964,0 
-124.080963,41.805742,0 
-124.081478,41.803822,0 
-124.084225,41.801391,0 
-124.084568,41.798959,0 
-124.078045,41.793712,0 
-124.072037,41.792945,0 
-124.071865,41.794224,0 
-124.073753,41.79448,0 
</coordinates>
</LineString>
</Placemark>

<Placemark><name>day 209</name>
<description>Oregon Caves</description>
<styleUrl>#linecolor</styleUrl>
<LineString>
<tessellate>1</tessellate>
<altitudeMode>clampToGround</altitudeMode>
<coordinates>
-124.071693,41.79416,0 
-124.071522,41.792945,0 
-124.06148,41.791281,0 
-124.059505,41.791281,0 
-124.058218,41.792369,0 
-124.058218,41.793712,0 
-124.058561,41.794288,0 
-124.058647,41.797168,0 
-124.056072,41.801327,0 
-124.053411,41.802671,0 
-124.052038,41.80523,0 
-124.052296,41.807789,0 
-124.049721,41.80894,0 
-124.045944,41.80894,0 
-124.044571,41.81022,0 
-124.044914,41.812779,0 
-124.043884,41.814314,0 
-124.041824,41.814826,0 
-124.039078,41.81585,0 
-124.037361,41.818408,0 
-124.036331,41.820711,0 
-124.035988,41.821734,0 
-124.031868,41.822502,0 
-124.031868,41.823269,0 
-124.031868,41.82506,0 
-124.032898,41.825828,0 
-124.032555,41.829409,0 
-124.032555,41.830177,0 
-124.035301,41.830433,0 
-124.036331,41.837084,0 
-124.035988,41.839642,0 
-124.032383,41.839642,0 
-124.028091,41.83913,0 
-124.023628,41.83913,0 
-124.021225,41.843478,0 
-124.019508,41.843478,0 
-124.017105,41.84399,0 
-124.013329,41.842711,0 
-124.011269,41.842327,0 
-124.008865,41.842327,0 
-124.005947,41.843734,0 
-124.003887,41.843734,0 
-123.994102,41.842199,0 
-123.991699,41.842583,0 
-123.986893,41.843734,0 
-123.980541,41.845268,0 
-123.968868,41.845268,0 
-123.961143,41.842967,0 
-123.952389,41.839897,0 
-123.948612,41.837467,0 
-123.940716,41.836188,0 
-123.938484,41.836956,0 
-123.932819,41.839642,0 
-123.92664,41.843734,0 
-123.925266,41.844501,0 
-123.91737,41.84578,0 
-123.913937,41.848082,0 
-123.911877,41.848721,0 
-123.9081,41.849105,0 
-123.903294,41.851406,0 
-123.897457,41.852813,0 
-123.893681,41.853196,0 
-123.890419,41.856137,0 
-123.888702,41.856777,0 
-123.883038,41.858566,0 
-123.880978,41.85895,0 
-123.875484,41.85895,0 
-123.871708,41.860996,0 
-123.868961,41.861891,0 
-123.865528,41.863297,0 
-123.864155,41.864831,0 
-123.861065,41.865087,0 
-123.857117,41.863169,0 
-123.854713,41.866748,0 
-123.854027,41.868155,0 
-123.854198,41.869944,0 
-123.851795,41.872245,0 
-123.848362,41.871862,0 
-123.8451,41.872884,0 
-123.842697,41.875569,0 
-123.841324,41.875057,0 
-123.839607,41.870711,0 
-123.838062,41.868794,0 
-123.833771,41.86726,0 
-123.831367,41.869177,0 
-123.832569,41.871095,0 
-123.831196,41.873396,0 
-123.831196,41.874674,0 
-123.831367,41.878381,0 
-123.827591,41.878253,0 
-123.827591,41.879531,0 
-123.827076,41.88017,0 
-123.827076,41.88247,0 
-123.826218,41.883748,0 
-123.825531,41.883621,0 
-123.824329,41.882215,0 
-123.820038,41.882087,0 
-123.818493,41.883493,0 
-123.813858,41.883365,0 
-123.811798,41.884515,0 
-123.808022,41.884899,0 
-123.80682,41.886688,0 
-123.804073,41.888094,0 
-123.8027,41.888988,0 
-123.80064,41.889883,0 
-123.798409,41.889499,0 
-123.794975,41.889499,0 
-123.793602,41.889755,0 
-123.792229,41.890138,0 
-123.792915,41.890905,0 
-123.792915,41.891799,0 
-123.792057,41.892566,0 
-123.790512,41.893205,0 
-123.790169,41.894355,0 
-123.788624,41.894611,0 
-123.786392,41.895761,0 
-123.785019,41.894483,0 
-123.782787,41.8941,0 
-123.782272,41.894866,0 
-123.778667,41.894866,0 
-123.775063,41.897166,0 
-123.772659,41.897422,0 
-123.770428,41.898444,0 
-123.768883,41.900616,0 
-123.768711,41.902788,0 
-123.768196,41.908154,0 
-123.770428,41.912114,0 
-123.768711,41.914669,0 
-123.768196,41.91799,0 
-123.76442,41.920162,0 
-123.76442,41.921311,0 
-123.76339,41.922205,0 
-123.76236,41.923227,0 
-123.760815,41.925909,0 
-123.759441,41.926548,0 
-123.759098,41.927186,0 
-123.758583,41.928591,0 
-123.757381,41.927953,0 
-123.75721,41.929613,0 
-123.756351,41.93255,0 
-123.756695,41.933955,0 
-123.756008,41.935998,0 
-123.755493,41.937403,0 
-123.753948,41.938807,0 
-123.751202,41.940084,0 
-123.743305,41.952086,0 
-123.743305,41.95566,0 
-123.745193,41.958852,0 
-123.747425,41.966128,0 
-123.747425,41.967021,0 
-123.740044,41.974806,0 
-123.731976,41.975189,0 
-123.727684,41.976848,0 
-123.721161,41.979145,0 
-123.719101,41.982463,0 
-123.718414,41.983611,0 
-123.717728,41.991012,0 
-123.720131,41.993691,0 
-123.721504,41.996881,0 
-123.721333,41.999942,0 
-123.725967,42.006703,0 
-123.727684,42.009892,0 
-123.729057,42.012698,0 
-123.729229,42.016014,0 
-123.728714,42.019585,0 
-123.729229,42.02086,0 
-123.729229,42.022391,0 
-123.729916,42.025834,0 
-123.727341,42.030424,0 
-123.724079,42.032337,0 
-123.721504,42.034122,0 
-123.720818,42.037182,0 
-123.720646,42.042664,0 
-123.716011,42.050822,0 
-123.71069,42.055156,0 
-123.707943,42.061019,0 
-123.695583,42.076948,0 
-123.683567,42.092363,0 
-123.681335,42.098605,0 
-123.679447,42.104209,0 
-123.674469,42.117707,0 
-123.671722,42.122419,0 
-123.665199,42.133495,0 
-123.650436,42.15246,0 
-123.646317,42.163658,0 
-123.6446,42.180451,0 
-123.645115,42.184522,0 
-123.645287,42.18554,0 
-123.648376,42.190118,0 
-123.649921,42.194697,0 
-123.650608,42.196096,0 
-123.650951,42.197749,0 
-123.650951,42.199657,0
-123.651123,42.198385,0 
-123.650608,42.19635,0 
-123.650093,42.193298,0 
-123.647003,42.187702,0 
-123.644428,42.18325,0 
-123.644428,42.179179,0 
-123.646832,42.162767,0 
-123.632412,42.158441,0 
-123.62915,42.156787,0 
-123.621254,42.14826,0 
-123.620224,42.147878,0 
-123.617306,42.147114,0 
-123.602028,42.147496,0 
-123.588982,42.150169,0 
-123.584175,42.150042,0 
-123.581944,42.150551,0 
-123.575764,42.152969,0 
-123.569584,42.158314,0 
-123.568039,42.158186,0 
-123.559284,42.158314,0 
-123.554306,42.158441,0 
-123.54744,42.156659,0 
-123.546925,42.155641,0 
-123.545723,42.155259,0 
-123.544693,42.155768,0 
-123.543148,42.156659,0 
-123.540916,42.156914,0 
-123.531818,42.156278,0 
-123.53096,42.156278,0 
-123.529415,42.157168,0 
-123.526497,42.157932,0 
-123.525295,42.159841,0 
-123.519974,42.162131,0 
-123.518085,42.162004,0 
-123.516541,42.162258,0 
-123.508816,42.164676,0 
-123.505898,42.164549,0 
-123.501434,42.164421,0 
-123.498688,42.165058,0 
-123.497314,42.166075,0 
-123.492165,42.165312,0 
-123.490276,42.16493,0 
-123.489246,42.165439,0 
-123.485126,42.164294,0 
-123.482723,42.165058,0 
-123.481865,42.164294,0 
-123.475513,42.158568,0 
-123.475513,42.15755,0 
-123.470364,42.153351,0 
-123.469849,42.151569,0 
-123.466244,42.149151,0 
-123.464012,42.146987,0 
-123.459206,42.140878,0 
-123.457618,42.140687,0 
-123.457146,42.140432,0 
-123.45706,42.139796,0 
-123.458133,42.138714,0 
-123.458605,42.137918,0 
-123.461308,42.136709,0 
-123.461952,42.135022,0 
-123.462553,42.134258,0 
-123.462253,42.132731,0 
-123.463068,42.130885,0 
-123.464012,42.130248,0 
-123.463755,42.128593,0 
-123.461523,42.127734,0 
-123.460193,42.12662,0 
-123.459034,42.126365,0 
-123.457704,42.125506,0 
-123.456802,42.125697,0 
-123.455472,42.125633,0 
-123.455429,42.125824,0 
-123.456073,42.12592,0 
-123.457575,42.125729,0 
-123.458562,42.126747,0 
-123.458648,42.127607,0 
-123.458948,42.128052,0 
-123.461266,42.128816,0 
-123.461695,42.129134,0 
-123.46148,42.12923,0 
-123.46118,42.12923,0 
-123.460536,42.128848,0 
-123.459377,42.128848,0 
-123.458819,42.129071,0 
-123.458047,42.12767,0 
-123.457146,42.126875,0 
-123.455944,42.12697,0 
-123.455601,42.127416,0 
-123.4547,42.127066,0 
-123.453455,42.126875,0 
-123.452125,42.126716,0 
-123.450494,42.126779,0 
-123.44955,42.127129,0 
-123.448434,42.125474,0 
-123.445001,42.125633,0 
-123.444657,42.12592,0 
-123.443971,42.125411,0 
-123.443112,42.125633,0 
-123.441439,42.125379,0 
-123.439336,42.124074,0 
-123.439164,42.123087,0 
-123.440151,42.120063,0 
-123.439507,42.119331,0 
-123.436332,42.118535,0 
-123.435688,42.118662,0 
-123.434916,42.119076,0 
-123.433414,42.11914,0 
-123.432856,42.119554,0 
-123.432426,42.120095,0 
-123.431997,42.120095,0 
-123.431654,42.118885,0 
-123.431954,42.118471,0 
-123.431869,42.117867,0 
-123.430195,42.117453,0 
-123.429208,42.116657,0 
-123.427877,42.116243,0 
-123.427835,42.115479,0 
-123.426418,42.114174,0 
-123.425732,42.11411,0 
-123.425045,42.113855,0 
-123.424401,42.113442,0 
-123.422942,42.113505,0 
-123.421955,42.113887,0 
-123.421698,42.113282,0 
-123.420625,42.112996,0 
-123.419938,42.112741,0 
-123.417835,42.112837,0 
-123.417363,42.112327,0 
-123.416719,42.112041,0 
-123.414617,42.112327,0 
-123.414273,42.112486,0 
-123.414016,42.1122,0 
-123.413887,42.111691,0 
-123.412685,42.111372,0 
-123.411226,42.111627,0 
-123.410497,42.111882,0 
-123.410325,42.111754,0 
-123.410282,42.111595,0 
-123.410454,42.110608,0 
-123.408351,42.108984,0 
-123.407278,42.108666,0 
-123.406634,42.108157,0 
-123.405776,42.108125,0 
-123.405476,42.108029,0 
-123.404875,42.107679,0 
-123.406549,42.106819,0 
-123.408651,42.106469,0 
-123.409166,42.106756,0 
-123.41084,42.106788,0 
-123.411355,42.107106,0 
-123.412685,42.107138,0 
-123.414316,42.106851,0 
-123.414788,42.107042,0 
-123.415647,42.106947,0 
-123.416548,42.106788,0 
-123.416505,42.106533,0 
-123.415475,42.105546,0 
-123.414917,42.104973,0 
-123.414316,42.103349,0 
-123.414316,42.101502,0 
-123.413415,42.100961,0 
-123.412471,42.099815,0 
-123.411913,42.099655,0 
-123.411183,42.099401,0 
-123.41011,42.099815,0 
-123.409767,42.099783,0 
-123.408952,42.099369,0 
-123.408265,42.099018,0 
-123.407493,42.098636,0  
</coordinates>
</LineString>
</Placemark>

<Placemark><name>day 210</name>
<description>To the Avenue of the Giants</description>
<styleUrl>#linecolor</styleUrl>
<LineString>
<tessellate>1</tessellate>
<altitudeMode>clampToGround</altitudeMode>
<coordinates>
-124.072981,41.793392,0 
-124.072981,41.793073,0 
-124.077959,41.793968,0 
-124.079332,41.794608,0 
-124.084053,41.798128,0 
-124.084311,41.800175,0 
-124.083967,41.801199,0 
-124.081993,41.803246,0 
-124.081049,41.80427,0 
-124.081135,41.805678,0 
-124.086714,41.809132,0 
-124.093151,41.811435,0 
-124.096413,41.811883,0 
-124.105339,41.811627,0 
-124.106712,41.811435,0 
-124.109888,41.811372,0 
-124.111261,41.810604,0 
-124.111948,41.809836,0 
-124.112806,41.810092,0 
-124.113493,41.810732,0 
-124.115295,41.811499,0 
-124.115982,41.811499,0 
-124.116755,41.811244,0 
-124.117956,41.811308,0 
-124.119415,41.810796,0 
-124.120703,41.810796,0 
-124.121904,41.810284,0 
-124.122334,41.810412,0 
-124.123449,41.811116,0 
-124.124823,41.811308,0 
-124.125509,41.810732,0 
-124.126711,41.810604,0 
-124.127569,41.810604,0 
-124.128084,41.8099,0 
-124.127226,41.808429,0 
-124.127054,41.807661,0 
-124.127483,41.807661,0 
-124.12817,41.807725,0 
-124.129286,41.808173,0 
-124.130058,41.808365,0 
-124.131002,41.808877,0 
-124.131603,41.80894,0 
-124.137526,41.805422,0 
-124.139071,41.804526,0 
-124.141903,41.80427,0 
-124.14422,41.804462,0 
-124.145679,41.804462,0 
-124.14834,41.803694,0 
-124.150229,41.802543,0 
-124.152203,41.799535,0 
-124.153576,41.797616,0 
-124.170313,41.786161,0 
-124.182844,41.777585,0 
-124.185505,41.775856,0 
-124.186964,41.774256,0 
-124.187908,41.771824,0 
-124.189024,41.770159,0 
-124.190483,41.768623,0 
-124.195118,41.76555,0 
-124.19692,41.763438,0 
-124.197865,41.761197,0 
-124.198122,41.758828,0 
-124.197693,41.757611,0 
-124.193058,41.752681,0 
-124.192457,41.752361,0 
-124.191599,41.753001,0 
-124.190912,41.753129,0 
-124.190226,41.753129,0 
-124.185591,41.752297,0 
-124.183531,41.751208,0 
-124.176235,41.745893,0 
-124.169884,41.743588,0 
-124.154091,41.736031,0 
-124.148083,41.733276,0 
-124.14362,41.729369,0 
-124.142418,41.727512,0 
-124.14113,41.724949,0 
-124.139757,41.723988,0 
-124.138813,41.722323,0 
-124.136667,41.71739,0 
-124.135723,41.716044,0 
-124.135466,41.714507,0 
-124.135036,41.714122,0 
-124.130573,41.713097,0 
-124.129972,41.712777,0 
-124.1292,41.711303,0 
-124.127827,41.711111,0 
-124.127312,41.711047,0 
-124.126883,41.710534,0 
-124.126883,41.709765,0 
-124.130659,41.708996,0 
-124.131689,41.70842,0 
-124.131517,41.707715,0 
-124.13023,41.706049,0 
-124.129286,41.705729,0 
-124.127226,41.705793,0 
-124.125938,41.705216,0 
-124.121304,41.700538,0 
-124.120016,41.698167,0 
-124.119072,41.696629,0 
-124.117613,41.695539,0 
-124.115896,41.694962,0 
-124.114008,41.694514,0 
-124.107828,41.691822,0 
-124.106541,41.690604,0 
-124.106369,41.68945,0 
-124.106884,41.687912,0 
-124.106798,41.685925,0 
-124.107313,41.68522,0 
-124.112978,41.683746,0 
-124.113579,41.682977,0 
-124.114008,41.681374,0 
-124.112806,41.677592,0 
-124.112978,41.676181,0 
-124.11375,41.673873,0 
-124.11375,41.672591,0 
-124.112892,41.666436,0 
-124.113321,41.664962,0 
-124.115381,41.662589,0 
-124.115896,41.661178,0 
-124.11624,41.659255,0 
-124.115553,41.658164,0 
-124.115553,41.657203,0 
-124.115982,41.654189,0 
-124.115467,41.652136,0 
-124.114523,41.649443,0 
-124.112549,41.647519,0 
-124.112549,41.646621,0 
-124.112549,41.645723,0 
-124.115381,41.642452,0 
-124.115467,41.641618,0 
-124.115124,41.639629,0 
-124.115381,41.637962,0 
-124.115124,41.637192,0 
-124.115467,41.635652,0 
-124.115553,41.63392,0 
-124.11521,41.633022,0 
-124.112635,41.630264,0 
-124.112635,41.629622,0 
-124.112206,41.62866,0 
-124.112377,41.626863,0 
-124.112377,41.626286,0 
-124.111347,41.624746,0 
-124.110661,41.622757,0 
-124.109716,41.621025,0 
-124.109459,41.618522,0 
-124.109459,41.617496,0 
-124.106712,41.615827,0 
-124.106026,41.61525,0 
-124.105854,41.613966,0 
-124.104996,41.610629,0 
-124.104052,41.609218,0 
-124.103451,41.60787,0 
-124.10285,41.606073,0 
-124.10079,41.604469,0 
-124.100103,41.603377,0 
-124.100103,41.60081,0 
-124.100876,41.597344,0 
-124.100361,41.59574,0 
-124.099846,41.594969,0 
-124.097185,41.592723,0 
-124.095726,41.590219,0 
-124.09255,41.586367,0 
-124.091005,41.585083,0 
-124.08577,41.583799,0 
-124.082079,41.582708,0 
-124.079504,41.581424,0 
-124.074354,41.577507,0 
-124.073153,41.57571,0 
-124.067059,41.565114,0 
-124.065514,41.563637,0 
-124.063282,41.562225,0 
-124.055557,41.554646,0 
-124.054527,41.552462,0 
-124.053497,41.550599,0 
-124.048777,41.538651,0 
-124.037189,41.526765,0 
-124.034357,41.523616,0 
-124.029379,41.515133,0 
-124.028435,41.513076,0 
-124.028521,41.511405,0 
-124.031439,41.507999,0 
-124.032125,41.506649,0 
-124.032898,41.502857,0 
-124.033842,41.501635,0 
-124.043026,41.496235,0 
-124.044743,41.493149,0 
-124.047318,41.491221,0 
-124.050579,41.48672,0 
-124.050837,41.483698,0 
-124.046545,41.476818,0 
-124.045515,41.475725,0 
-124.043627,41.47386,0 
-124.040966,41.469486,0 
-124.038992,41.466657,0 
-124.036417,41.463441,0 
-124.035387,41.46209,0 
-124.034357,41.46061,0 
-124.032125,41.458938,0 
-124.031439,41.457973,0 
-124.031353,41.454693,0 
-124.029465,41.453406,0 
-124.026461,41.451798,0 
-124.02483,41.448645,0 
-124.021482,41.446394,0 
-124.020796,41.445815,0 
-124.020109,41.444271,0 
-124.022341,41.436936,0 
-124.022598,41.434683,0 
-124.021568,41.433396,0 
-124.014702,41.428313,0 
-124.013758,41.42812,0 
-124.010925,41.427991,0 
-124.006462,41.425095,0 
-124.003801,41.424451,0 
-123.999767,41.423743,0 
-123.997364,41.422392,0 
-123.997536,41.419174,0 
-123.997879,41.416921,0 
-124.002686,41.413638,0 
-124.003286,41.411578,0 
-124.001999,41.407201,0 
-124.000711,41.406621,0 
-123.996334,41.405141,0 
-123.993845,41.402952,0 
-123.993073,41.400634,0 
-123.993845,41.396578,0 
-123.993416,41.393616,0 
-123.993587,41.392393,0 
-123.994875,41.388851,0 
-123.994617,41.376487,0 
-123.992043,41.373588,0 
-123.990412,41.371076,0 
-123.991442,41.368306,0 
-123.991785,41.367083,0 
-123.989382,41.363991,0 
-123.989382,41.36296,0 
-123.991184,41.359674,0 
-123.992558,41.358515,0 
-123.995047,41.358322,0 
-123.998051,41.358966,0 
-124.0026,41.359739,0 
-124.011354,41.357999,0 
-124.013071,41.356904,0 
-124.014702,41.354649,0 
-124.01968,41.353039,0 
-124.026976,41.348786,0 
-124.029293,41.346595,0 
-124.030752,41.34376,0 
-124.033413,41.341183,0 
-124.033499,41.339829,0 
-124.03101,41.337703,0 
-124.030581,41.335898,0 
-124.031181,41.332869,0 
-124.029808,41.330807,0 
-124.02998,41.328809,0 
-124.030752,41.32752,0 
-124.033756,41.325844,0 
-124.034958,41.324168,0 
-124.037704,41.323201,0 
-124.038649,41.322363,0 
-124.041138,41.316175,0 
-124.041996,41.314499,0 
-124.044142,41.312758,0 
-124.045429,41.310373,0 
-124.045258,41.309083,0 
-124.045429,41.306698,0 
-124.044743,41.305602,0 
-124.044313,41.305086,0 
-124.044399,41.303216,0 
-124.046631,41.302442,0 
-124.047918,41.301797,0 
-124.049721,41.300895,0 
-124.050837,41.299218,0 
-124.052982,41.297671,0 
-124.054441,41.296445,0 
-124.057102,41.291996,0 
-124.058561,41.289803,0 
-124.05899,41.287223,0 
-124.061995,41.284708,0 
-124.074697,41.284772,0 
-124.076672,41.284772,0 
-124.081478,41.286836,0 
-124.083452,41.287352,0 
-124.091606,41.283289,0 
-124.093065,41.281677,0 
-124.094782,41.274452,0 
-124.095554,41.271162,0 
-124.097357,41.266646,0 
-124.097958,41.265421,0 
-124.095726,41.258711,0 
-124.09358,41.256259,0 
-124.089975,41.253549,0 
-124.08843,41.25129,0 
-124.087057,41.24987,0 
-124.087915,41.246128,0 
-124.086971,41.243998,0 
-124.085598,41.243611,0 
-124.084911,41.241997,0 
-124.084826,41.240771,0 
-124.083538,41.237867,0 
-124.083967,41.235737,0 
-124.083195,41.234058,0 
-124.08474,41.227991,0 
-124.08637,41.226571,0 
-124.093838,41.222891,0 
-124.097013,41.220373,0 
-124.101477,41.219017,0 
-124.106283,41.217855,0 
-124.108086,41.215789,0 
-124.110489,41.204037,0 
-124.110832,41.202294,0 
-124.110317,41.201131,0 
-124.110918,41.199388,0 
-124.110918,41.197773,0 
-124.109974,41.196675,0 
-124.109888,41.195771,0 
-124.11109,41.195254,0 
-124.11109,41.194996,0 
-124.11006,41.193898,0 
-124.110575,41.192283,0 
-124.110403,41.191444,0 
-124.109974,41.190669,0 
-124.109631,41.189894,0 
-124.107571,41.187827,0 
-124.108343,41.18647,0 
-124.107742,41.184985,0 
-124.106455,41.182013,0 
-124.105511,41.177943,0 
-124.104481,41.177427,0 
-124.102764,41.176134,0 
-124.102592,41.17523,0 
-124.102335,41.173615,0 
-124.10182,41.169415,0 
-124.102592,41.168058,0 
-124.104309,41.166314,0 
-124.116497,41.160046,0 
-124.118986,41.159594,0 
-124.121475,41.158948,0 
-124.127054,41.15591,0 
-124.135036,41.150805,0 
-124.135981,41.148478,0 
-124.135895,41.146668,0 
-124.136152,41.143501,0 
-124.137611,41.140851,0 
-124.1401,41.138524,0 
-124.14259,41.137619,0 
-124.146109,41.13652,0 
-124.146881,41.136391,0 
-124.147482,41.13665,0 
-124.150915,41.135551,0 
-124.152031,41.13484,0 
-124.152889,41.133353,0 
-124.156322,41.125142,0 
-124.156752,41.118806,0 
-124.156837,41.117125,0 
-124.156065,41.11512,0 
-124.156065,41.113503,0 
-124.157095,41.111111,0 
-124.159155,41.108977,0 
-124.160013,41.108265,0 
-124.160013,41.106325,0 
-124.159412,41.105484,0 
-124.158812,41.104708,0 
-124.158468,41.104256,0 
-124.159842,41.103091,0 
-124.159498,41.101992,0 
-124.158897,41.100181,0 
-124.157095,41.097658,0 
-124.156923,41.095395,0 
-124.151001,41.089832,0 
-124.150572,41.088926,0 
-124.14319,41.068998,0 
-124.141645,41.064533,0 
-124.140615,41.062462,0 
-124.139671,41.061686,0 
-124.141302,41.061103,0 
-124.142933,41.06078,0 
-124.143019,41.058256,0 
-124.141903,41.058385,0 
-124.141989,41.059291,0 
-124.140787,41.059485,0 
-124.140959,41.060974,0 
-124.141045,41.061492,0 
-124.139585,41.062009,0 
-124.13847,41.061751,0 
-124.127569,41.05612,0 
-124.125509,41.054049,0 
-124.115553,41.042915,0 
-124.111691,41.035082,0 
-124.107227,41.027701,0 
-124.106884,41.026276,0 
-124.107141,41.023492,0 
-124.106712,41.01747,0 
-124.107485,41.01462,0 
-124.108515,41.012353,0 
-124.109631,41.010475,0 
-124.110575,41.008208,0 
-124.112291,41.002249,0 
-124.113321,40.994476,0 
-124.114523,40.991172,0 
-124.115295,40.989099,0 
-124.117527,40.979315,0 
-124.115896,40.968493,0 
-124.115982,40.953196,0 
-124.11624,40.937896,0 
-124.114952,40.934589,0 
-124.11272,40.928429,0 
-124.11109,40.926678,0 
-124.105167,40.923955,0 
-124.095039,40.919285,0 
-124.093666,40.917988,0 
-124.092379,40.915588,0 
-124.080448,40.891521,0 
-124.079762,40.888601,0 
-124.079676,40.885876,0 
-124.080706,40.88341,0 
-124.082594,40.877569,0 
-124.082165,40.872182,0 
-124.083023,40.869327,0 
-124.082508,40.860759,0 
-124.081736,40.849073,0 
-124.082079,40.834139,0 
-124.082336,40.831151,0 
-124.085255,40.825501,0 
-124.090834,40.821669,0 
-124.11521,40.809262,0 
-124.123363,40.805494,0 
-124.126625,40.804714,0 
-124.132891,40.805299,0 
-124.137611,40.805819,0 
-124.143877,40.804714,0 
-124.146109,40.804779,0 
-124.146023,40.805624,0 
-124.156923,40.805494,0 
-124.156923,40.804909,0 
-124.171686,40.80283,0 
-124.171515,40.801985,0 
-124.175119,40.801466,0 
-124.175119,40.796853,0 
-124.185076,40.781061,0 
-124.186192,40.779502,0 
-124.189196,40.778202,0 
-124.19014,40.776837,0 
-124.190998,40.771897,0 
-124.191685,40.767282,0 
-124.191341,40.764746,0 
-124.189625,40.759871,0 
-124.190226,40.75662,0 
-124.193573,40.750833,0 
-124.19795,40.746282,0 
-124.211426,40.735682,0 
-124.213657,40.73269,0 
-124.215031,40.72586,0 
-124.215717,40.720071,0 
-124.215031,40.714541,0 
-124.210224,40.708296,0 
-124.209795,40.707059,0 
-124.209452,40.703871,0 
-124.208593,40.70231,0 
-124.205074,40.699642,0 
-124.203615,40.696323,0 
-124.200869,40.681614,0 
-124.202156,40.669442,0 
-124.204903,40.659936,0 
-124.206018,40.658373,0 
-124.210997,40.654271,0 
-124.211769,40.652578,0 
-124.211426,40.65056,0 
-124.208679,40.644959,0 
-124.208679,40.643201,0 
-124.210224,40.640205,0 
-124.216232,40.627568,0 
-124.216146,40.624767,0 
-124.213657,40.622943,0 
-124.211082,40.621445,0 
-124.207907,40.620859,0 
-124.201984,40.617862,0 
-124.198637,40.616624,0 
-124.191599,40.61278,0 
-124.187393,40.609261,0 
-124.183788,40.60672,0 
-124.178123,40.60483,0 
-124.169455,40.60079,0 
-124.167309,40.598574,0 
-124.162931,40.596228,0 
-124.159327,40.59499,0 
-124.156752,40.590753,0 
-124.155293,40.58782,0 
-124.152031,40.58417,0 
-124.149456,40.576869,0 
-124.147911,40.563177,0 
-124.146023,40.551961,0 
-124.14465,40.544396,0 
-124.144564,40.541917,0 
-124.145594,40.539895,0 
-124.149628,40.534155,0 
-124.1504,40.532915,0 
-124.151516,40.52724,0 
-124.151001,40.525674,0 
-124.14525,40.520455,0 
-124.126368,40.513277,0 
-124.124908,40.511711,0 
-124.121132,40.508579,0 
-124.117098,40.507274,0 
-124.108515,40.505446,0 
-124.105854,40.505055,0 
-124.102421,40.50388,0 
-124.099846,40.501857,0 
-124.098301,40.49644,0 
-124.097786,40.491675,0 
-124.098473,40.487954,0 
-124.099417,40.485212,0 
-124.09873,40.482862,0 
-124.099245,40.482014,0 
-124.100189,40.479598,0 
-124.099932,40.473853,0 
-124.09873,40.472024,0 
-124.09049,40.463079,0 
-124.08886,40.462426,0 
-124.074526,40.459291,0 
-124.06929,40.458442,0 
-124.065256,40.455046,0 
-124.063797,40.454197,0 
-124.050407,40.453805,0 
-124.048605,40.453413,0 
-124.043541,40.450735,0 
-124.040022,40.44747,0 
-124.039593,40.445967,0 
-124.039335,40.442571,0 
-124.038134,40.441134,0 
-124.035902,40.439827,0 
-124.032812,40.439827,0 
-124.027319,40.440154,0 
-124.024229,40.440676,0 
-124.015903,40.443746,0 
-124.00672,40.443746,0 
-124.004145,40.44244,0 
-123.997793,40.436953,0 
-123.989983,40.435385,0 
-123.988008,40.434993,0 
-123.987794,40.434732,0 
-123.986077,40.433392,0 
-123.982859,40.42748,0 
-123.981657,40.420455,0 
-123.978353,40.415751,0 
-123.971915,40.413627,0 
-123.965778,40.413888,0 
-123.962474,40.412712,0 
-123.955092,40.404477,0 
-123.950372,40.399248,0 
-123.94814,40.397255,0 
-123.94711,40.398627,0 
-123.949814,40.400752,0 
-123.9502,40.401372,0 
-123.950629,40.402451,0 
-123.951144,40.402941,0 
-123.951917,40.404085,0 
-123.952346,40.405556,0 
-123.952346,40.406765,0 
-123.953633,40.407647,0 
-123.954706,40.408954,0 
-123.95565,40.409738,0 
-123.958869,40.412222,0 
-123.96183,40.415228,0 
-123.962817,40.416143,0 
-123.965693,40.4166,0 
-123.967452,40.416698,0 
-123.967377,40.416853,0 
-123.967173,40.416902,0 
-123.966701,40.416935,0 
-123.966519,40.417082,0 
-123.966047,40.417082,0 
-123.965671,40.416902,0 
-123.965124,40.41696,0 
-123.964502,40.416788,0 
-123.962313,40.417033,0 
-123.962967,40.417237,0 
-123.963858,40.41696,0 
-123.964351,40.416968,0 
</coordinates>
</LineString>
</Placemark>

<Placemark><name>Day 212</name>
<description>Into Wine Country</description>
<styleUrl>#linecolor</styleUrl>
<LineString>
<tessellate>1</tessellate>
<altitudeMode>clampToGround</altitudeMode>
<coordinates>
-123.966465,40.41807,0 
-123.966465,40.416763,0 
-123.963203,40.416633,0 
-123.962002,40.415326,0 
-123.960114,40.413365,0 
-123.954277,40.408399,0 
-123.952217,40.406176,0 
-123.952045,40.403693,0 
-123.946724,40.398333,0 
-123.938999,40.396241,0 
-123.937283,40.396764,0 
-123.933678,40.395195,0 
-123.932819,40.39428,0 
-123.930588,40.39245,0 
-123.930073,40.390358,0 
-123.926296,40.384213,0 
-123.925266,40.382382,0 
-123.925781,40.379898,0 
-123.92458,40.374405,0 
-123.925781,40.372444,0 
-123.925438,40.37179,0 
-123.925095,40.370482,0 
-123.920288,40.365512,0 
-123.919258,40.361588,0 
-123.920116,40.359757,0 
-123.921661,40.357664,0 
-123.923721,40.356094,0 
-123.925438,40.355178,0 
-123.926296,40.351908,0 
-123.931103,40.346544,0 
-123.933334,40.343273,0 
-123.936253,40.341049,0 
-123.938141,40.339348,0 
-123.936939,40.337909,0 
-123.931446,40.333983,0 
-123.925266,40.327571,0 
-123.926125,40.325346,0 
-123.927326,40.321289,0 
-123.92664,40.319849,0 
-123.920803,40.315923,0 
-123.916855,40.314483,0 
-123.903637,40.304927,0 
-123.895397,40.302702,0 
-123.894367,40.301654,0 
-123.894711,40.296025,0 
-123.89883,40.293275,0 
-123.899002,40.291442,0 
-123.897972,40.287252,0 
-123.895569,40.285026,0 
-123.894539,40.284502,0 
-123.893681,40.284502,0 
-123.893166,40.28424,0 
-123.891964,40.284109,0 
-123.890076,40.283585,0 
-123.889389,40.282931,0 
-123.888702,40.282407,0 
-123.888702,40.28149,0 
-123.888702,40.279133,0 
-123.887501,40.278085,0 
-123.887157,40.277037,0 
-123.883209,40.274418,0 
-123.880978,40.27337,0 
-123.878403,40.27193,0 
-123.876514,40.271406,0 
-123.874626,40.268524,0 
-123.873081,40.267214,0 
-123.871365,40.266821,0 
-123.870163,40.266821,0 
-123.868618,40.267476,0 
-123.866901,40.26931,0 
-123.86364,40.27337,0 
-123.863811,40.277561,0 
-123.862438,40.279133,0 
-123.861752,40.282669,0 
-123.85746,40.282669,0 
-123.854713,40.281228,0 
-123.85334,40.27874,0 
-123.850765,40.273632,0 
-123.849735,40.268655,0 
-123.845787,40.265773,0 
-123.843899,40.261189,0 
-123.841496,40.259486,0 
-123.838406,40.258831,0 
-123.836002,40.2587,0 
-123.832741,40.25739,0 
-123.827763,40.256735,0 
-123.825703,40.256735,0 
-123.824501,40.256211,0 
-123.822956,40.255294,0 
-123.821583,40.255687,0 
-123.820553,40.254115,0 
-123.822098,40.252018,0 
-123.823128,40.249791,0 
-123.822784,40.247171,0 
-123.821583,40.244681,0 
-123.820381,40.242585,0 
-123.820381,40.241536,0 
-123.823986,40.237867,0 
-123.824158,40.22948,0 
-123.822269,40.226728,0 
-123.821411,40.222272,0 
-123.817463,40.220699,0 
-123.814716,40.219126,0 
-123.809052,40.219388,0 
-123.807163,40.221485,0 
-123.80476,40.223058,0 
-123.802185,40.22332,0 
-123.795834,40.221616,0 
-123.793774,40.222272,0 
-123.7924,40.221747,0 
-123.791199,40.222403,0 
-123.789139,40.222403,0 
-123.785877,40.220044,0 
-123.786736,40.210999,0 
-123.785362,40.206541,0 
-123.785019,40.20523,0 
-123.783646,40.204444,0 
-123.779697,40.20405,0 
-123.777122,40.202084,0 
-123.774376,40.198675,0 
-123.773689,40.19697,0 
-123.773003,40.196315,0 
-123.769054,40.19461,0 
-123.768368,40.192774,0 
-123.769741,40.188447,0 
-123.770771,40.187791,0 
-123.772316,40.1853,0 
-123.774376,40.182152,0 
-123.774891,40.181365,0 
-123.777637,40.180447,0 
-123.780727,40.17848,0 
-123.781071,40.168511,0 
-123.781929,40.167724,0 
-123.785877,40.164969,0 
-123.787594,40.162083,0 
-123.791199,40.160509,0 
-123.792572,40.158804,0 
-123.795147,40.156573,0 
-123.795147,40.152112,0 
-123.795834,40.151194,0 
-123.807678,40.14214,0 
-123.808365,40.139122,0 
-123.807163,40.134266,0 
-123.799095,40.128097,0 
-123.7924,40.113002,0 
-123.797035,40.100922,0 
-123.79549,40.096458,0 
-123.790684,40.091336,0 
-123.789825,40.086083,0 
-123.790512,40.082012,0 
-123.789654,40.077809,0 
-123.790855,40.074262,0 
-123.788109,40.066774,0 
-123.783646,40.063096,0 
-123.783646,40.060862,0 
-123.79137,40.055738,0 
-123.792915,40.053767,0 
-123.792744,40.051402,0 
-123.789825,40.048774,0 
-123.784332,40.046672,0 
-123.775749,40.037209,0 
-123.775234,40.035107,0 
-123.777122,40.033135,0 
-123.779869,40.032083,0 
-123.783817,40.033004,0 
-123.785362,40.034186,0 
-123.789825,40.034975,0 
-123.7924,40.034449,0 
-123.793774,40.030506,0 
-123.793774,40.026694,0 
-123.794117,40.023539,0 
-123.793259,40.021699,0 
-123.79034,40.018413,0 
-123.791714,40.015126,0 
-123.790855,40.013285,0 
-123.790684,40.010919,0 
-123.787422,40.005528,0 
-123.783474,40.004213,0 
-123.782787,40.002635,0 
-123.783474,40.001583,0 
-123.787594,39.997901,0 
-123.788624,39.994745,0 
-123.78931,39.990668,0 
-123.793774,39.988958,0 
-123.795319,39.986591,0 
-123.797207,39.98567,0 
-123.80167,39.983697,0 
-123.802185,39.979356,0 
-123.79755,39.968701,0 
-123.793602,39.965149,0 
-123.788967,39.96278,0 
-123.781586,39.958307,0 
-123.779697,39.953043,0 
-123.781071,39.949753,0 
-123.777466,39.940409,0 
-123.769741,39.934092,0 
-123.765106,39.931854,0 
-123.760128,39.927773,0 
-123.761158,39.922902,0 
-123.765106,39.919611,0 
-123.766479,39.919084,0 
-123.766994,39.916846,0 
-123.76236,39.914871,0 
-123.760128,39.914608,0 
-123.758583,39.912633,0 
-123.757725,39.909868,0 
-123.758755,39.907234,0 
-123.758068,39.906049,0 
-123.757381,39.906049,0 
-123.753777,39.907366,0 
-123.749657,39.906313,0 
-123.749485,39.904074,0 
-123.75,39.903152,0 
-123.752918,39.901835,0 
-123.754292,39.901835,0 
-123.754635,39.90065,0 
-123.751888,39.899597,0 
-123.750858,39.898016,0 
-123.750858,39.896304,0 
-123.754292,39.895119,0 
-123.75412,39.893143,0 
-123.750343,39.891168,0 
-123.747768,39.889982,0 
-123.747768,39.887743,0 
-123.74485,39.886689,0 
-123.739014,39.88748,0 
-123.737469,39.886821,0 
-123.735237,39.883265,0 
-123.731804,39.878259,0 
-123.726654,39.878522,0 
-123.722706,39.877732,0 
-123.720474,39.877073,0 
-123.719273,39.877864,0 
-123.718071,39.878127,0 
-123.716011,39.879181,0 
-123.713951,39.878786,0 
-123.712921,39.877337,0 
-123.710003,39.875097,0 
-123.710003,39.87378,0 
-123.713264,39.869037,0 
-123.714466,39.867324,0 
-123.714466,39.86548,0 
-123.714638,39.863371,0 
-123.714638,39.862317,0 
-123.715839,39.861,0 
-123.715839,39.860209,0 
-123.716011,39.859287,0 
-123.717213,39.85955,0 
-123.716869,39.858628,0 
-123.718071,39.858628,0 
-123.718929,39.858628,0 
-123.720303,39.858628,0 
-123.716183,39.858759,0 
-123.715668,39.858364,0 
-123.716869,39.856388,0 
-123.718758,39.853357,0 
-123.718071,39.851775,0 
-123.717213,39.850721,0 
-123.713436,39.849403,0 
-123.708458,39.849008,0 
-123.696957,39.844527,0 
-123.691978,39.841495,0 
-123.688717,39.839254,0 
-123.678932,39.833718,0 
-123.673954,39.830027,0 
-123.672752,39.8266,0 
-123.670692,39.82594,0 
-123.668633,39.82594,0 
-123.663826,39.828182,0 
-123.659706,39.8295,0 
-123.655586,39.828313,0 
-123.653011,39.829368,0 
-123.648891,39.8324,0 
-123.643227,39.833455,0 
-123.631382,39.834641,0 
-123.625202,39.832796,0 
-123.620739,39.832664,0 
-123.616791,39.831214,0 
-123.614044,39.830291,0 
-123.610611,39.82805,0 
-123.605289,39.827918,0 
-123.603401,39.828841,0 
-123.599281,39.828973,0 
-123.593445,39.82594,0 
-123.588467,39.827918,0 
-123.583317,39.8266,0 
-123.577824,39.828313,0 
-123.571987,39.827259,0 
-123.564949,39.822644,0 
-123.563747,39.817634,0 
-123.559628,39.814997,0 
-123.554306,39.809327,0 
-123.548985,39.809064,0 
-123.546581,39.805503,0 
-123.543835,39.80392,0 
-123.542461,39.79548,0 
-123.542461,39.791391,0 
-123.54435,39.787038,0 
-123.544006,39.7844,0 
-123.542805,39.782685,0 
-123.54229,39.781102,0 
-123.543835,39.779387,0 
-123.543491,39.77754,0 
-123.545723,39.774242,0 
-123.546066,39.771867,0 
-123.545895,39.770416,0 
-123.54435,39.7687,0 
-123.543491,39.767645,0 
-123.54332,39.764082,0 
-123.54126,39.762631,0 
-123.5392,39.759332,0 
-123.536625,39.757484,0 
-123.536968,39.755373,0 
-123.535423,39.752205,0 
-123.532848,39.749698,0 
-123.523579,39.74587,0 
-123.514652,39.740326,0 
-123.513279,39.737818,0 
-123.513451,39.73399,0 
-123.506413,39.729238,0 
-123.502808,39.723957,0 
-123.498516,39.71511,0 
-123.491478,39.710488,0 
-123.488216,39.70613,0 
-123.48444,39.695696,0 
-123.482895,39.690413,0 
-123.482895,39.687374,0 
-123.477573,39.683676,0 
-123.476372,39.681165,0 
-123.475513,39.671521,0 
-123.4762,39.666764,0 
-123.4762,39.662799,0 
-123.477573,39.660024,0 
-123.477573,39.658703,0 
-123.476372,39.65606,0 
-123.476372,39.648526,0 
-123.474998,39.645222,0 
-123.470192,39.638877,0 
-123.467445,39.633324,0 
-123.462811,39.630945,0 
-123.462467,39.626978,0 
-123.464355,39.623805,0 
-123.465042,39.619838,0 
-123.464012,39.618251,0 
-123.459034,39.614681,0 
-123.458347,39.612565,0 
-123.458519,39.60992,0 
-123.456287,39.60754,0 
-123.453541,39.601853,0 
-123.454742,39.598414,0 
-123.454399,39.594445,0 
-123.453369,39.592064,0 
-123.444786,39.583862,0 
-123.443413,39.580158,0 
-123.440838,39.57857,0 
-123.438778,39.575792,0 
-123.438263,39.572219,0 
-123.435345,39.570234,0 
-123.434658,39.565206,0 
-123.433285,39.562824,0 
-123.432255,39.557662,0 
-123.432083,39.556604,0 
-123.425217,39.550912,0 
-123.424873,39.547074,0 
-123.422985,39.543764,0 
-123.418179,39.541249,0 
-123.417835,39.539131,0 
-123.416805,39.536616,0 
-123.414574,39.53516,0 
-123.41217,39.534762,0 
-123.409424,39.53516,0 
-123.407879,39.535954,0 
-123.405476,39.535954,0 
-123.404102,39.53463,0 
-123.403931,39.532379,0 
-123.404102,39.530658,0 
-123.402214,39.527878,0 
-123.398437,39.52417,0 
-123.395863,39.522714,0 
-123.392601,39.521654,0 
-123.391914,39.518874,0 
-123.388996,39.514239,0 
-123.386765,39.511458,0 
-123.384018,39.509206,0 
-123.380928,39.506557,0 
-123.376465,39.501127,0 
-123.374062,39.499405,0 
-123.369255,39.49702,0 
-123.363075,39.491722,0 
-123.362904,39.48947,0 
-123.360329,39.486158,0 
-123.360329,39.484568,0 
-123.36359,39.478208,0 
-123.363419,39.475823,0 
-123.362904,39.472113,0 
-123.356724,39.469463,0 
-123.354836,39.468137,0 
-123.353806,39.466017,0 
-123.350544,39.464559,0 
-123.347969,39.45051,0 
-123.349857,39.447461,0 
-123.355007,39.440701,0 
-123.358097,39.434602,0 
-123.358097,39.431022,0 
-123.357925,39.428238,0 
-123.353806,39.424658,0 
-123.353806,39.423862,0 
-123.354664,39.422138,0 
-123.354836,39.420282,0 
-123.354149,39.409672,0 
-123.352261,39.408346,0 
-123.352089,39.405958,0 
-123.351746,39.403969,0 
-123.349686,39.402112,0 
-123.349686,39.398,0 
-123.349171,39.394551,0 
-123.347454,39.39203,0 
-123.341446,39.381018,0 
-123.339043,39.37863,0 
-123.334923,39.376241,0 
-123.329258,39.375445,0 
-123.325996,39.374914,0 
-123.323593,39.374118,0 
-123.315525,39.36589,0 
-123.31501,39.363369,0 
-123.315525,39.361776,0 
-123.32119,39.352883,0 
-123.322563,39.349697,0 
-123.320847,39.346644,0 
-123.313293,39.339874,0 
-123.311234,39.338148,0 
-123.304882,39.33536,0 
-123.30368,39.333899,0 
-123.304367,39.332173,0 
-123.304367,39.331111,0 
-123.301277,39.327924,0 
-123.301277,39.325799,0 
-123.301277,39.323409,0 
-123.300934,39.321019,0 
-123.301449,39.317168,0 
-123.299046,39.315043,0 
-123.297844,39.312254,0 
-123.298531,39.31066,0 
-123.300247,39.306675,0 
-123.299561,39.304948,0 
-123.293552,39.300166,0 
-123.292007,39.299901,0 
-123.289261,39.300034,0 
-123.285999,39.299236,0 
-123.282394,39.296845,0 
-123.279648,39.296447,0 
-123.275871,39.293258,0 
-123.271751,39.293126,0 
-123.269005,39.291,0 
-123.265057,39.289007,0 
-123.263855,39.28728,0 
-123.262482,39.28542,0 
-123.259563,39.282364,0 
-123.257675,39.278378,0 
-123.246002,39.271467,0 
-123.240166,39.270271,0 
-123.234673,39.268544,0 
-123.228836,39.264955,0 
-123.223343,39.26243,0 
-123.213387,39.254721,0 
-123.20652,39.242757,0 
-123.207035,39.239832,0 
-123.208752,39.235311,0 
-123.206177,39.217093,0 
-123.203773,39.210842,0 
-123.209438,39.198604,0 
-123.212528,39.176784,0 
-123.2127,39.172259,0 
-123.209953,39.169864,0 
-123.198967,39.162011,0 
-123.195534,39.135386,0 
-123.194504,39.120472,0 
-123.195877,39.115811,0 
-123.195362,39.109151,0 
-123.19622,39.109417,0 
-123.196564,39.109817,0 
-123.199825,39.11621,0 
-123.202915,39.120738,0 
-123.204632,39.122869,0 
-123.205147,39.136851,0 
-123.197594,39.135786,0 
-123.194332,39.135919,0 
-123.194332,39.13512,0 
-123.196049,39.134321,0 
-123.194332,39.119673,0 
-123.196564,39.116477,0 
-123.194847,39.107553,0 
-123.179398,39.078908,0 
-123.169613,39.070379,0 
-123.167038,39.066248,0 
-123.16206,39.061716,0 
-123.14661,39.03892,0 
-123.117771,39.001176,0 
-123.117256,38.997308,0 
-123.118973,38.994373,0 
-123.117599,38.984632,0 
-123.116398,38.980229,0 
-123.114681,38.977427,0 
-123.114681,38.975558,0 
-123.117085,38.971555,0 
-123.112278,38.961011,0 
-123.105583,38.95487,0 
-123.09803,38.952601,0 
-123.083611,38.948062,0 
-123.081722,38.94646,0 
-123.078632,38.941253,0 
-123.076229,38.940585,0 
-123.069534,38.93925,0 
-123.066959,38.938048,0 
-123.064728,38.936046,0 
-123.059235,38.930838,0 
-123.055801,38.927099,0 
-123.055801,38.92563,0 
-123.058376,38.920021,0 
-123.058376,38.917483,0 
-123.057003,38.915346,0 
-123.054085,38.91361,0 
-123.053055,38.911472,0 
-123.0546,38.908133,0 
-123.056488,38.906931,0 
-123.057518,38.904927,0 
-123.05563,38.901988,0 
-123.057175,38.897179,0 
-123.054943,38.893571,0 
-123.053398,38.890899,0 
-123.0546,38.884085,0 
-123.053226,38.881412,0 
-123.051682,38.880878,0 
-123.04945,38.880477,0 
-123.045502,38.877403,0 
-123.044987,38.872325,0 
-123.042583,38.866444,0 
-123.038464,38.857622,0 
-123.035889,38.854815,0 
-123.030739,38.852008,0 
-123.030052,38.849468,0 
-123.026791,38.847329,0 
-123.026447,38.843318,0 
-123.026104,38.841981,0 
-123.021126,38.840242,0 
-123.020954,38.838237,0 
-123.020439,38.835028,0 
-123.014603,38.830882,0 
-123.014259,38.826871,0 
-123.015289,38.822725,0 
-123.011684,38.810286,0 
-123.013401,38.801323,0 
-123.009453,38.783261,0 
-123.00705,38.779514,0 
-123.000183,38.774027,0 
-122.994862,38.767201,0 
-122.980614,38.760375,0 
-122.974434,38.758635,0 
-122.964821,38.749532,0 
-122.948856,38.740963,0 
-122.946453,38.739088,0 
-122.941818,38.729447,0 
-122.93787,38.726501,0 
-122.92654,38.721144,0 
-122.922077,38.717126,0 
-122.917099,38.711233,0 
-122.901478,38.703731,0 
-122.89753,38.701856,0 
-122.889805,38.695961,0 
-122.88414,38.693013,0 
-122.881222,38.688056,0 
-122.880535,38.679346,0 
-122.880192,38.673717,0 
-122.87796,38.668222,0 
-122.875557,38.662861,0 
-122.875557,38.661252,0 
-122.87281,38.659108,0 
-122.871437,38.658705,0 
-122.869377,38.649992,0 
-122.868519,38.649858,0 
-122.868347,38.651466,0 
-122.867317,38.652807,0 
-122.860794,38.658571,0 
-122.854958,38.661252,0 
-122.852554,38.66152,0 
-122.848606,38.661386,0 
-122.84586,38.661118,0 
-122.84483,38.66085,0 
-122.84277,38.660984,0 
-122.84071,38.659644,0 
-122.830753,38.657365,0 
</coordinates>
</LineString>
</Placemark>


<Placemark><name>day 213</name>
<description>Almost Home</description>
<styleUrl>#linecolor</styleUrl>
<LineString>
<tessellate>1</tessellate>
<altitudeMode>clampToGround</altitudeMode>
<coordinates>
-122.829552,38.658705,0 
-122.831955,38.657901,0 
-122.833672,38.657901,0 
-122.838478,38.657901,0 
-122.846375,38.661386,0 
-122.852898,38.661118,0 
-122.858047,38.659778,0 
-122.866631,38.654148,0 
-122.869034,38.652003,0 
-122.86869,38.649053,0 
-122.868004,38.646104,0 
-122.87075,38.643154,0 
-122.873497,38.640473,0 
-122.874527,38.63645,0 
-122.872467,38.631891,0 
-122.87281,38.625454,0 
-122.872124,38.620894,0 
-122.87178,38.618748,0 
-122.87178,38.613115,0 
-122.869377,38.607749,0 
-122.868347,38.60453,0 
-122.868004,38.603188,0 
-122.847404,38.59165,0 
-122.816505,38.554878,0 
-122.808609,38.547897,0 
-122.788353,38.524533,0 
-122.779083,38.513251,0 
-122.734451,38.481007,0 
-122.726212,38.463267,0 
-122.725868,38.450093,0 
-122.715225,38.432346,0 
-122.715225,38.423201,0 
-122.715569,38.375577,0 
-122.712135,38.368041,0 
-122.712822,38.327922,0 
-122.715569,38.313377,0 
-122.701836,38.295865,0 
-122.694626,38.291553,0 
-122.659264,38.264333,0 
-122.624931,38.245461,0 
-122.621498,38.240068,0 
-122.618065,38.234944,0 
-122.616348,38.233056,0 
-122.610426,38.233191,0 
-122.610426,38.232584,0 
-122.610769,38.232315,0 
-122.611198,38.232045,0 
-122.611799,38.232045,0 
-122.612228,38.230022,0 
</coordinates>
</LineString>
</Placemark>

</Document>
</kml>