{"type":"FeatureCollection","features":[{"type":"Feature","properties":{"day":1,"label":"Day 1","description":"Leaving Home and heading to Applied to finish the brakes.","miles":34.3},"geometry":{"type":"LineString","coordinates":[[-122.28689,37.82358],[-122.28882,37.82307],[-122.29088,37.81758],[-122.29431,37.81941],[-122.30393,37.81202],[-122.30513,37.80944],[-122.30393,37.80497],[-122.29603,37.80212],[-122.28702,37.80253],[-122.27294,37.79765],[-122.258,37.78971],[-122.24856,37.78754],[-122.23706,37.77709],[-122.2223,37.77092],[-122.1872,37.72891],[-122.17003,37.7137],[-122.13089,37.68545],[-122.11166,37.67404],[-122.0787,37.62185],[-122.05055,37.58377],[-122.04506,37.5707],[-122.02858,37.55655],[-122.01622,37.54077],[-121.98944,37.52334],[-121.94756,37.49175],[-121.93889,37.48317],[-121.93211,37.48536],[-121.93455,37.48358],[-121.93391,37.48024],[-121.93045,37.47305],[-121.92781,37.47382]]}},{"type":"Feature","properties":{"day":6,"label":"Day 6","description":"Brakes are all done and we're on our first real day on the road.","miles":95.6},"geometry":{"type":"LineString","coordinates":[[-121.93108,37.47895],[-121.9352,37.48276],[-121.93485,37.48439],[-121.92799,37.48685],[-121.9297,37.48957],[-121.92352,37.49556],[-121.93279,37.50401],[-121.94584,37.52688],[-121.92078,37.54376],[-121.9194,37.54893],[-121.91185,37.55955],[-121.90567,37.56145],[-121.88541,37.57424],[-121.87958,37.57615],[-121.87511,37.58023],[-121.87031,37.5922],[-121.8734,37.59791],[-121.87202,37.60335],[-121.87992,37.62239],[-121.87992,37.62756],[-121.88335,37.63381],[-121.88438,37.64034],[-121.90842,37.66425],[-121.92181,37.69903],[-121.9194,37.70121],[-121.81572,37.70039],[-121.79821,37.70148],[-121.78619,37.69849],[-121.76113,37.70257],[-121.74088,37.70175],[-121.7038,37.71723],[-121.67908,37.72212],[-121.67427,37.72158],[-121.66775,37.71805],[-121.64097,37.72538],[-121.62929,37.73325],[-121.61007,37.73461],[-121.57608,37.74194],[-121.56956,37.74221],[-121.55857,37.7395],[-121.53763,37.72185],[-121.36906,37.61831],[-121.21456,37.49692],[-121.17886,37.46178],[-121.16581,37.44461],[-121.14796,37.41053],[-121.12907,37.3838],[-121.08341,37.22513],[-121.07689,37.19779],[-121.01612,37.1064],[-121.01646,37.10147],[-121.035,37.10174],[-121.035,37.10284]]}},{"type":"Feature","properties":{"day":7,"label":"Day 7","description":"Heading to see the air museum and the bulldozer building","miles":75.6},"geometry":{"type":"LineString","coordinates":[[-121.03466,37.10174],[-121.03466,37.1001],[-121.01578,37.10092],[-121.012,37.25219],[-120.99758,37.25438],[-120.99861,37.25957],[-120.99724,37.26039],[-120.96943,37.26039],[-120.96531,37.2623],[-120.93029,37.31011],[-120.9145,37.31393],[-120.85167,37.31338],[-120.8503,37.36224],[-120.85442,37.36606],[-120.85442,37.36907],[-120.85098,37.37152],[-120.84995,37.47295],[-120.85716,37.4754],[-120.84068,37.47104],[-120.80532,37.45687],[-120.75211,37.40944],[-120.73563,37.39035],[-120.72258,37.38816],[-120.67829,37.37289],[-120.65666,37.36334],[-120.64877,37.36252],[-120.63881,37.35651],[-120.63023,37.3546],[-120.62061,37.34887],[-120.59933,37.33987],[-120.59555,37.34369],[-120.59555,37.37889],[-120.58388,37.36716],[-120.57564,37.36197],[-120.57667,37.30246],[-120.64911,37.30246],[-120.69683,37.29918],[-120.75382,37.30164],[-120.78541,37.30929],[-120.79605,37.30956],[-120.80841,37.31366],[-120.84995,37.31284]]}},{"type":"Feature","properties":{"day":9,"label":"Day 9","description":"Last day of fog. Heading out of the central valley","miles":200},"geometry":{"type":"LineString","coordinates":[[-121.03432,37.10284],[-121.035,37.10065],[-121.01166,37.10065],[-120.96703,37.05408],[-120.96428,37.05737],[-120.95741,37.05627],[-120.87296,37.05682],[-120.65254,37.05408],[-120.62164,37.04751],[-120.5983,37.04805],[-120.55298,37.05463],[-120.53993,37.06559],[-120.51453,37.07435],[-120.49324,37.08422],[-120.29686,37.08312],[-120.21103,37.08476],[-120.10323,36.99981],[-120.0737,36.97184],[-120.06477,36.95812],[-120.04623,36.94715],[-119.99199,36.8961],[-119.9453,36.84941],[-119.9247,36.83842],[-119.86839,36.79389],[-119.84779,36.78124],[-119.82651,36.75154],[-119.7963,36.72953],[-119.75716,36.691],[-119.57039,36.52509],[-119.54498,36.50467],[-119.5237,36.49363],[-119.50928,36.48259],[-119.47495,36.43399],[-119.42963,36.36435],[-119.42825,36.35219],[-119.38637,36.30129],[-119.32869,36.21658],[-119.328,36.1922],[-119.32938,36.17059],[-119.33212,36.15894],[-119.32663,36.13788],[-119.32388,36.0996],[-119.3129,36.06242],[-119.3074,36.03189],[-119.29092,35.96689],[-119.28749,35.94188],[-119.282,35.92854],[-119.28131,35.91519],[-119.2717,35.88738],[-119.27032,35.86513],[-119.25934,35.83507],[-119.25865,35.82004],[-119.25041,35.78941],[-119.25453,35.7766],[-119.23943,35.73258],[-119.22089,35.65283],[-119.22089,35.6439],[-119.21127,35.60986],[-119.21059,35.60037],[-119.20235,35.58138],[-119.19754,35.55848],[-119.18861,35.52831],[-119.17351,35.50708],[-119.07944,35.43774],[-119.0712,35.42934],[-119.06296,35.42375],[-119.06021,35.41703],[-119.04854,35.4064],[-119.04442,35.39633],[-119.04373,35.37393],[-119.03961,35.36498],[-119.03893,35.35378],[-119.01695,35.35154],[-118.90915,35.35322],[-118.87825,35.34454],[-118.87859,35.33837],[-118.88168,35.33921]]}},{"type":"Feature","properties":{"day":9,"label":"Day 9","description":"Our first mountain grade and into the sun","miles":240.3},"geometry":{"type":"LineString","coordinates":[[-118.881,35.34146],[-118.87894,35.34146],[-118.87791,35.34537],[-118.86074,35.3423],[-118.80409,35.32745],[-118.79379,35.32129],[-118.77251,35.3028],[-118.75397,35.29215],[-118.71277,35.27646],[-118.69698,35.26749],[-118.67775,35.26917],[-118.65715,35.263],[-118.6235,35.26244],[-118.60977,35.25683],[-118.59947,35.24842],[-118.59398,35.24786],[-118.58574,35.24057],[-118.57819,35.23945],[-118.56651,35.22879],[-118.56651,35.22319],[-118.55621,35.21982],[-118.54935,35.21477],[-118.52394,35.20187],[-118.49922,35.18391],[-118.48618,35.17942],[-118.48068,35.17493],[-118.47588,35.17044],[-118.4697,35.15135],[-118.4697,35.14406],[-118.46695,35.13956],[-118.43605,35.139],[-118.4285,35.13563],[-118.41545,35.13282],[-118.4079,35.12215],[-118.3873,35.11654],[-118.36773,35.11457],[-118.34953,35.11008],[-118.32378,35.1098],[-118.31074,35.10334],[-118.30627,35.098],[-118.30318,35.09772],[-118.27297,35.10474],[-118.25512,35.10587],[-118.2225,35.11907],[-118.1789,35.11401],[-118.18611,35.10615],[-118.18233,35.08339],[-118.17032,35.03534],[-118.16208,35.01172],[-118.15968,34.99344],[-118.16654,34.88452],[-118.16791,34.87889],[-118.17238,34.87213],[-118.17032,34.69025],[-118.16688,34.6846],[-118.15521,34.67303],[-118.15315,34.66597],[-118.15178,34.60976],[-118.13461,34.59563],[-118.13152,34.54927],[-118.13015,34.54644],[-118.11367,34.53117],[-118.11058,34.5207],[-118.11024,34.5125],[-118.11401,34.50656],[-118.11916,34.50344],[-118.12534,34.49439],[-118.14285,34.4859],[-118.15418,34.48505],[-118.17306,34.49354],[-118.17959,34.49184],[-118.18611,34.49354],[-118.20156,34.49099],[-118.20602,34.49156],[-118.23212,34.50175],[-118.25066,34.50486],[-118.26233,34.49807],[-118.27057,34.49779],[-118.28396,34.49156],[-118.29632,34.49326],[-118.30215,34.49015],[-118.31142,34.49269],[-118.3255,34.48845],[-118.32378,34.476],[-118.13255,34.55789],[-118.04518,34.55817],[-118.04483,34.55379],[-118.01359,34.53032],[-118.00913,34.52353],[-118.00415,34.52098],[-117.94029,34.52098],[-117.93411,34.51773],[-117.92278,34.50627],[-117.81841,34.50599],[-117.80571,34.49878],[-117.63989,34.49864],[-117.61414,34.50599],[-117.32471,34.50712],[-117.3175,34.51165],[-117.29279,34.53654],[-117.28729,34.53315],[-117.27356,34.53993],[-117.26635,34.54078],[-117.24232,34.53654],[-117.22206,34.52721],[-117.19288,34.50146],[-117.18876,34.50033],[-117.15477,34.50062],[-117.13795,34.48703],[-117.13383,34.47996],[-117.12421,34.47345],[-117.09435,34.47147],[-117.06757,34.45363],[-117.05212,34.45052],[-117.00405,34.45024],[-116.98277,34.44401],[-116.89899,34.44429],[-116.85883,34.44288],[-116.80836,34.43297],[-116.75857,34.41937],[-116.74553,34.41909],[-116.73042,34.41569],[-116.70433,34.39869],[-116.69231,34.39983],[-116.6851,34.39813],[-116.65455,34.37121],[-116.54331,34.36866],[-116.53679,34.36611],[-116.52306,34.34797],[-116.51413,34.34655],[-116.48907,34.33436],[-116.44993,34.27793],[-116.44821,34.27055],[-116.43825,34.25693],[-116.43997,34.25182],[-116.43928,34.21038],[-116.441,34.20556],[-116.44546,34.20101],[-116.44546,34.19846],[-116.43448,34.18937],[-116.42933,34.18284],[-116.41869,34.14847],[-116.41388,34.14335],[-116.41251,34.13937],[-116.4156,34.11209],[-116.41937,34.10356],[-116.41834,34.101],[-116.41525,34.09759],[-116.39362,34.09731],[-116.38658,34.0902],[-116.38779,34.07328],[-116.38985,34.06916],[-116.39225,34.06916]]}},{"type":"Feature","properties":{"day":10,"label":"Day 10","description":"Into Joshua Tree","miles":26.3},"geometry":{"type":"LineString","coordinates":[[-116.39259,34.07015],[-116.39053,34.06859],[-116.38882,34.06972],[-116.38658,34.07982],[-116.3883,34.10114],[-116.39053,34.1037],[-116.39019,34.11621],[-116.3871,34.1236],[-116.38676,34.13383],[-116.38367,34.13497],[-116.31517,34.13483],[-116.31466,34.11635],[-116.30745,34.1118],[-116.3011,34.09759],[-116.29183,34.0929],[-116.26522,34.0939],[-116.25973,34.09119],[-116.25501,34.08245],[-116.24282,34.08103],[-116.23518,34.07008],[-116.22248,34.05671],[-116.20737,34.05124],[-116.1993,34.04484],[-116.1957,34.03929],[-116.18514,34.03993],[-116.18248,34.03687],[-116.18111,34.03011],[-116.17922,34.02812],[-116.18102,34.02186],[-116.18342,34.0193],[-116.18952,34.01838],[-116.18669,34.01774],[-116.183,34.01183],[-116.17527,34.00657],[-116.16454,34.01482],[-116.1624,34.01404],[-116.15579,34.02172],[-116.14883,34.02108],[-116.14265,34.02407]]}},{"type":"Feature","properties":{"day":11,"label":"Day 11","description":"To the Salton Sea","miles":103.7},"geometry":{"type":"LineString","coordinates":[[-116.39276,34.07044],[-116.39088,34.06887],[-116.38847,34.07072],[-116.38779,34.07911],[-116.38658,34.07968],[-116.38693,34.09176],[-116.39465,34.09773],[-116.41508,34.09773],[-116.41972,34.10313],[-116.41611,34.11166],[-116.41628,34.11919],[-116.41405,34.12346],[-116.42229,34.12076],[-116.43963,34.1209],[-116.4592,34.11664],[-116.47568,34.11095],[-116.50761,34.09674],[-116.53336,34.08167],[-116.56803,34.05835],[-116.58623,34.04128],[-116.59138,34.03275],[-116.58897,34.0299],[-116.58657,34.02962],[-116.58451,34.02136],[-116.58142,34.0171],[-116.5749,34.01311],[-116.5749,34.0097],[-116.5955,33.94308],[-116.60168,33.91772],[-116.60065,33.91402],[-116.55911,33.9049],[-116.54469,33.90433],[-116.52409,33.89635],[-116.48975,33.86842],[-116.31638,33.76374],[-116.30299,33.76088],[-116.26831,33.74832],[-116.25046,33.73947],[-116.21681,33.73833],[-116.20068,33.72577],[-116.20754,33.71863],[-116.20789,33.71492],[-116.20514,33.71435],[-116.19621,33.70549],[-116.18214,33.6875],[-116.18076,33.63206],[-116.18145,33.57201],[-116.1787,33.56714],[-116.17596,33.56943],[-116.07914,33.57029],[-116.06781,33.55799],[-116.02112,33.5371],[-115.95417,33.53281],[-115.94627,33.53023],[-115.9322,33.51793],[-115.9164,33.50905],[-115.88619,33.47384],[-115.84843,33.45035],[-115.8419,33.44376],[-115.8292,33.42399],[-115.79727,33.39533],[-115.78835,33.38243],[-115.78114,33.37584],[-115.75779,33.3595],[-115.74783,33.35577],[-115.73444,33.35749],[-115.70458,33.3767],[-115.69402,33.37695],[-115.69217,33.38186],[-115.68398,33.39075],[-115.68299,33.39433],[-115.6823,33.42292],[-115.68398,33.42285]]}},{"type":"Feature","properties":{"day":13,"label":"Day 13","description":"Salvation Mountain and out of California","miles":126.4},"geometry":{"type":"LineString","coordinates":[[-115.68389,33.42392],[-115.68217,33.42435],[-115.68303,33.39304],[-115.6917,33.38258],[-115.6941,33.37684],[-115.64123,33.35871],[-115.636,33.35534],[-115.56244,33.26553],[-115.52055,33.24522],[-115.51909,33.24027],[-115.4827,33.24199],[-115.47817,33.24456],[-115.47391,33.25453],[-115.51901,33.24005],[-115.51909,33.14208],[-115.51412,33.13324],[-115.51472,33.09089],[-115.52622,33.07716],[-115.52733,33.0445],[-115.52622,32.99067],[-115.52948,32.9862],[-115.53051,32.97857],[-115.50133,32.97828],[-115.50734,32.96331],[-115.50888,32.94962],[-115.50905,32.85493],[-115.50785,32.84844],[-115.50013,32.83157],[-115.50116,32.77356],[-115.28212,32.77226],[-115.27079,32.7649],[-115.24778,32.76014],[-115.07818,32.70787],[-114.94154,32.70859],[-114.9254,32.71205],[-114.90858,32.72953],[-114.88712,32.73848],[-114.87871,32.74484],[-114.85519,32.75696],[-114.84043,32.76072],[-114.75443,32.74686],[-114.7546,32.74816],[-114.76473,32.74931],[-114.75494,32.74888],[-114.75357,32.74686],[-114.73949,32.74671],[-114.71409,32.74282],[-114.70104,32.747],[-114.69486,32.74657],[-114.68456,32.74166],[-114.66036,32.73733],[-114.64869,32.73689],[-114.62706,32.73213],[-114.6171,32.72823],[-114.61264,32.71942],[-114.60869,32.70036],[-114.60525,32.6953],[-114.60148,32.69284],[-114.56629,32.68591],[-114.53745,32.67565],[-114.50844,32.67869],[-114.48423,32.67117],[-114.44424,32.67074],[-114.43497,32.67117],[-114.43531,32.67262]]}},{"type":"Feature","properties":{"day":14,"label":"Day 14","description":"Checking out Yuma","miles":15.9},"geometry":{"type":"LineString","coordinates":[[-114.40269,32.66965],[-114.40978,32.67177],[-114.4098,32.6703],[-114.44063,32.67117],[-114.44415,32.67283],[-114.44578,32.69985],[-114.44209,32.70007],[-114.43042,32.71025],[-114.42141,32.72253],[-114.42123,32.72671],[-114.42544,32.74072],[-114.41995,32.75502],[-114.41437,32.75985],[-114.42106,32.75884],[-114.41342,32.76028],[-114.4099,32.76317],[-114.41076,32.7649],[-114.40939,32.76346],[-114.40261,32.7675],[-114.39059,32.77053],[-114.38244,32.781],[-114.37901,32.81815],[-114.37729,32.82291]]}},{"type":"Feature","properties":{"day":16,"label":"Day 16","description":"Tucson Ho!","miles":219.8},"geometry":{"type":"LineString","coordinates":[[-114.40304,32.669],[-114.40973,32.66958],[-114.37145,32.66149],[-114.34279,32.65946],[-114.32304,32.66004],[-114.31858,32.66077],[-114.31549,32.66438],[-114.31326,32.67131],[-114.31086,32.67392],[-114.30725,32.67435],[-114.30039,32.67117],[-114.21026,32.64906],[-114.19567,32.64935],[-114.09868,32.67175],[-114.04667,32.67637],[-113.9883,32.68808],[-113.76171,32.72245],[-113.75124,32.72578],[-113.74266,32.72578],[-113.73991,32.72736],[-113.71021,32.73242],[-113.55795,32.79016],[-113.54576,32.79925],[-113.49478,32.81772],[-113.27505,32.84671],[-113.2469,32.8558],[-113.17085,32.86257],[-113.09755,32.88247],[-113.05824,32.89141],[-113.03215,32.89516],[-112.97688,32.9087],[-112.84195,32.92816],[-112.80075,32.93277],[-112.75646,32.93983],[-112.74839,32.94285],[-112.74101,32.94228],[-112.70393,32.93262],[-112.57759,32.90553],[-112.53845,32.90726],[-112.4667,32.88391],[-112.44095,32.87267],[-112.35546,32.85104],[-112.31358,32.84931],[-112.20852,32.83662],[-112.09248,32.83373],[-111.96304,32.82825],[-111.74023,32.82796],[-111.7234,32.83488],[-111.71654,32.8346],[-111.7107,32.83344],[-111.56513,32.7431],[-111.55003,32.73502],[-111.52599,32.72809],[-111.49235,32.71133],[-111.40961,32.6599],[-111.38111,32.63909],[-111.36601,32.62405],[-111.30043,32.54623],[-111.27125,32.51063],[-111.26404,32.49673],[-111.12293,32.39504],[-111.10714,32.37561],[-111.05084,32.32225],[-111.03642,32.30222],[-111.01032,32.27291],[-111.01273,32.27291],[-111.01204,32.26943]]}},{"type":"Feature","properties":{"day":19,"label":"Day 19","description":"To the GMC Rally","miles":67.2},"geometry":{"type":"LineString","coordinates":[[-111.01135,32.26943],[-111.00929,32.27175],[-111.03504,32.29932],[-111.04775,32.31876],[-111.07315,32.344],[-111.09718,32.36517],[-111.11916,32.39127],[-111.13598,32.40489],[-111.26026,32.49326],[-111.26472,32.49818],[-111.27159,32.5115],[-111.29974,32.54623],[-111.35193,32.60844],[-111.37322,32.63244],[-111.38283,32.64053],[-111.4175,32.66452],[-111.492,32.71076],[-111.50471,32.71624],[-111.52084,32.72606],[-111.54488,32.733],[-111.55895,32.73935],[-111.67946,32.81469],[-111.68358,32.81988],[-111.68564,32.82825],[-111.68735,32.85738],[-111.68667,32.87987],[-111.56719,32.87987],[-111.56788,32.87411],[-111.57028,32.87411]]}},{"type":"Feature","properties":{"day":20,"label":"Day 20","description":"Towards the Apache Trail","miles":54.1},"geometry":{"type":"LineString","coordinates":[[-111.5696,32.8744],[-111.56822,32.8744],[-111.56754,32.87987],[-111.51535,32.87987],[-111.51535,32.94645],[-111.51947,32.94905],[-111.52428,32.95711],[-111.52393,32.99542],[-111.53217,32.99513],[-111.52428,32.99513],[-111.52393,33.0029],[-111.4587,33.00262],[-111.42403,33.00982],[-111.3866,33.01989],[-111.38763,33.03169],[-111.37871,33.03169],[-111.37905,33.0622],[-111.37425,33.08032],[-111.37287,33.09873],[-111.36292,33.11685],[-111.35948,33.12864],[-111.34129,33.24874],[-111.33854,33.25534],[-111.35742,33.27199],[-111.42437,33.32164],[-111.45836,33.35147],[-111.47312,33.36179],[-111.49372,33.38243],[-111.49887,33.38587],[-111.50333,33.38673],[-111.5284,33.38702],[-111.52883,33.40112],[-111.53011,33.40101]]}},{"type":"Feature","properties":{"day":22,"label":"Day 22","description":"The Apache Trail","miles":30.7},"geometry":{"type":"LineString","coordinates":[[-111.53011,33.40107],[-111.52891,33.40135],[-111.52874,33.43173],[-111.50969,33.44505],[-111.50368,33.44662],[-111.49235,33.45422],[-111.47862,33.46782],[-111.4745,33.47885],[-111.46952,33.48443],[-111.46608,33.49488],[-111.46111,33.50233],[-111.45784,33.50404],[-111.45836,33.50748],[-111.45561,33.51034],[-111.45802,33.5185],[-111.4551,33.51979],[-111.45321,33.51836],[-111.45098,33.52022],[-111.45132,33.52365],[-111.45407,33.52494],[-111.45493,33.53496],[-111.45201,33.54111],[-111.44926,33.54168],[-111.45012,33.54354],[-111.44892,33.54483],[-111.44308,33.54225],[-111.44274,33.54082],[-111.44463,33.53996],[-111.44342,33.53896],[-111.4357,33.53724],[-111.43484,33.53825],[-111.4266,33.53267],[-111.42094,33.53496],[-111.41253,33.52952],[-111.40446,33.52981],[-111.3957,33.52566],[-111.38987,33.52666],[-111.38506,33.53038],[-111.38025,33.53138],[-111.37837,33.53338],[-111.37888,33.5351],[-111.37665,33.53653],[-111.37236,33.53352],[-111.36583,33.53238],[-111.35055,33.53352],[-111.34764,33.53453],[-111.34506,33.53996],[-111.34661,33.54068],[-111.34335,33.54111],[-111.34232,33.54268],[-111.34335,33.54368],[-111.33648,33.54454],[-111.33339,33.54211],[-111.32824,33.54182],[-111.31828,33.5258],[-111.31382,33.53281],[-111.31245,33.53395],[-111.31142,33.53295],[-111.30953,33.53724],[-111.30695,33.5248],[-111.30455,33.5331],[-111.29665,33.53768],[-111.28584,33.53882],[-111.27949,33.5371],[-111.26009,33.54225],[-111.24893,33.55742],[-111.24361,33.56028]]}},{"type":"Feature","properties":{"day":24,"label":"Day 24","description":"Back to Tucson","miles":96.3},"geometry":{"type":"LineString","coordinates":[[-111.53114,33.428],[-111.52908,33.42886],[-111.52908,33.40279],[-111.49492,33.38286],[-111.47226,33.36107],[-111.45802,33.35118],[-111.42042,33.31791],[-111.3497,33.26625],[-111.33923,33.2552],[-111.34129,33.24989],[-111.36051,33.12318],[-111.37184,33.10247],[-111.37425,33.08162],[-111.37896,33.06335],[-111.37879,33.01485],[-111.3636,32.99067],[-111.17512,32.79276],[-111.15709,32.76909],[-111.12997,32.74758],[-111.09667,32.70599],[-111.08757,32.69559],[-111.07452,32.68461],[-111.06817,32.67551],[-111.05907,32.67103],[-111.0486,32.66149],[-111.02903,32.64906],[-111.02079,32.64631],[-110.99831,32.62362],[-110.98818,32.6161],[-110.98612,32.60713],[-110.96878,32.5905],[-110.95161,32.57966],[-110.93308,32.5568],[-110.93067,32.55043],[-110.93084,32.53683],[-110.92587,32.51338],[-110.92604,32.49471],[-110.92166,32.47986],[-110.92784,32.46096],[-110.9335,32.45111],[-110.93419,32.42931],[-110.93857,32.41315],[-110.94097,32.40996],[-110.95221,32.40279],[-110.9638,32.39091],[-110.9644,32.3788],[-110.97419,32.35495],[-110.97754,32.33689],[-110.97453,32.32021],[-110.97857,32.31093],[-110.97805,32.27937],[-110.99067,32.27966],[-110.99075,32.28176]]}},{"type":"Feature","properties":{"day":26,"label":"Day 26","description":"Leaving Tucson","miles":89.1},"geometry":{"type":"LineString","coordinates":[[-110.99796,32.28133],[-110.99796,32.27944],[-110.9947,32.27915],[-110.99505,32.27233],[-111.01101,32.27262],[-111.00517,32.26101],[-111.00037,32.25897],[-110.98663,32.24271],[-110.97977,32.21629],[-110.97839,32.1977],[-110.97393,32.18985],[-110.95711,32.18404],[-110.896,32.14975],[-110.88638,32.13347],[-110.88089,32.12852],[-110.7724,32.06105],[-110.6876,32.00546],[-110.65876,31.99672],[-110.62992,31.99876],[-110.59216,31.98886],[-110.52006,31.97925],[-110.47783,31.97139],[-110.45242,31.96381],[-110.35767,31.96207],[-110.33226,31.96847],[-110.312,31.97809],[-110.29518,31.97867],[-110.27904,31.96906],[-110.27183,31.96644],[-110.25227,31.96644],[-110.23167,31.97575],[-110.19596,31.98566],[-110.12077,32.01361],[-110.1115,32.02147],[-110.09983,32.03777],[-110.09331,32.04213],[-110.06069,32.07647],[-110.03803,32.09101],[-110.00336,32.13812],[-109.99306,32.14975],[-109.88388,32.21571],[-109.84405,32.26652],[-109.84131,32.2642],[-109.8317,32.26362]]}},{"type":"Feature","properties":{"day":27,"label":"Day 27","description":"Into Chiricahua National Monument","miles":37},"geometry":{"type":"LineString","coordinates":[[-109.83375,32.2642],[-109.82655,32.2613],[-109.83101,32.25288],[-109.81968,32.24678],[-109.76234,32.19741],[-109.75788,32.19537],[-109.7081,32.19479],[-109.65969,32.18142],[-109.65042,32.18433],[-109.64665,32.18404],[-109.62433,32.17706],[-109.60545,32.17474],[-109.5924,32.16893],[-109.5742,32.16399],[-109.5718,32.1605],[-109.56631,32.15876],[-109.56459,32.15556],[-109.56562,32.14393],[-109.56459,32.14044],[-109.56013,32.13405],[-109.55326,32.11689],[-109.54399,32.10235],[-109.48082,32.0398],[-109.47121,32.03253],[-109.44031,32.02176],[-109.44031,32.01972],[-109.43104,32.00778],[-109.3895,32.00735],[-109.38572,32.00968],[-109.37302,32.00749],[-109.35551,32.00866]]}},{"type":"Feature","properties":{"day":28,"label":"Day 28","description":"Into New Mexico","miles":160},"geometry":{"type":"LineString","coordinates":[[-109.3586,32.00837],[-109.37508,32.00778],[-109.384,32.00953],[-109.3895,32.00662],[-109.43962,32.00662],[-109.44065,32.02205],[-109.46949,32.03136],[-109.47704,32.03602],[-109.54296,32.10119],[-109.55532,32.12038],[-109.55841,32.13114],[-109.56493,32.1419],[-109.56425,32.15614],[-109.56802,32.15963],[-109.58038,32.16602],[-109.58759,32.16719],[-109.60442,32.17445],[-109.61746,32.17561],[-109.64596,32.18375],[-109.65832,32.18171],[-109.66415,32.1823],[-109.70913,32.19508],[-109.75822,32.19537],[-109.76234,32.19741],[-109.82105,32.24707],[-109.83204,32.2523],[-109.79187,32.31151],[-109.74724,32.34632],[-109.74243,32.34835],[-109.67857,32.35937],[-109.62879,32.36256],[-109.62055,32.36227],[-109.60407,32.34922],[-109.5591,32.33907],[-109.48631,32.32747],[-109.44683,32.31731],[-109.29405,32.28394],[-109.25697,32.27494],[-109.22539,32.26217],[-109.20067,32.25752],[-109.17904,32.25723],[-109.02763,32.2221],[-108.99262,32.22703],[-108.97407,32.22645],[-108.75332,32.35357],[-108.74851,32.35502],[-108.71246,32.34284],[-108.70903,32.3498],[-108.70834,32.38228],[-108.67367,32.42634],[-108.58406,32.48167],[-108.56998,32.48775],[-108.55282,32.48862],[-108.53702,32.49413],[-108.51986,32.49471],[-108.51402,32.49297],[-108.50441,32.49326],[-108.48656,32.49065],[-108.48244,32.49181],[-108.46527,32.50108],[-108.45257,32.51584],[-108.44845,32.52568],[-108.42648,32.54595],[-108.37051,32.5526],[-108.36021,32.56186],[-108.35781,32.57199],[-108.34476,32.59079],[-108.34202,32.61133],[-108.34511,32.62839],[-108.34202,32.65094],[-108.33824,32.65759],[-108.3403,32.66134],[-108.3379,32.67348],[-108.3276,32.68042],[-108.31799,32.68446],[-108.3094,32.69833],[-108.29773,32.70816],[-108.29636,32.71307],[-108.2967,32.73531],[-108.29464,32.74368],[-108.28228,32.75177],[-108.27576,32.75927],[-108.27335,32.78121],[-108.26031,32.78583],[-108.24795,32.78756],[-108.1919,32.781],[-108.19018,32.7784]]}},{"type":"Feature","properties":{"day":29,"label":"Day 29","description":"To the Gila Cliff Dwellings","miles":47.9},"geometry":{"type":"LineString","coordinates":[[-108.19027,32.77876],[-108.19147,32.78093],[-108.20709,32.78338],[-108.25104,32.78756],[-108.26563,32.78352],[-108.25773,32.78829],[-108.25207,32.80704],[-108.24366,32.81455],[-108.24246,32.82551],[-108.23473,32.83056],[-108.22872,32.83964],[-108.22683,32.84426],[-108.22838,32.84989],[-108.22168,32.86128],[-108.22134,32.86431],[-108.21671,32.86877],[-108.21653,32.87151],[-108.22618,32.88223],[-108.22707,32.88704],[-108.22865,32.88676],[-108.23628,32.89314],[-108.23547,32.89571],[-108.24405,32.89782],[-108.241,32.89832],[-108.23693,32.90416],[-108.23188,32.90691],[-108.2296,32.91072],[-108.21203,32.92643],[-108.20737,32.93239],[-108.20095,32.93496],[-108.19589,32.94094],[-108.1983,32.94296],[-108.19774,32.9462],[-108.20177,32.94977],[-108.20658,32.94962],[-108.20658,32.95124],[-108.20902,32.95214],[-108.22018,32.96795],[-108.21881,32.97666],[-108.2146,32.9735],[-108.21091,32.97634],[-108.20666,32.9763],[-108.2049,32.97836],[-108.21207,32.98574],[-108.2216,33.00377],[-108.22357,33.01442],[-108.22692,33.01816],[-108.22778,33.0245],[-108.23164,33.02917],[-108.22915,33.03025],[-108.23258,33.03457],[-108.22804,33.03529],[-108.22306,33.04026],[-108.22031,33.03939],[-108.21602,33.04112],[-108.21353,33.04508],[-108.21319,33.04975],[-108.20881,33.05565],[-108.21018,33.06428],[-108.20443,33.0681],[-108.2058,33.07507],[-108.20495,33.08859],[-108.19877,33.09363],[-108.19473,33.09995],[-108.19164,33.10103],[-108.18718,33.10909],[-108.18718,33.11052],[-108.19405,33.11196],[-108.19885,33.11484],[-108.19885,33.11685],[-108.19611,33.11944],[-108.19027,33.12116],[-108.19302,33.12375],[-108.19336,33.12749],[-108.19027,33.13453],[-108.19181,33.13568],[-108.19061,33.13741],[-108.19267,33.13913],[-108.19027,33.14531],[-108.19216,33.14574],[-108.19353,33.15293],[-108.19782,33.15695],[-108.19748,33.16371],[-108.20074,33.16515],[-108.20211,33.17319],[-108.20641,33.17448],[-108.20297,33.1775],[-108.20641,33.1798],[-108.21035,33.19129],[-108.20847,33.20049],[-108.2131,33.20336],[-108.22409,33.20221],[-108.24417,33.21729],[-108.24486,33.21887],[-108.24348,33.21973],[-108.25104,33.22505],[-108.25207,33.22792],[-108.26151,33.23065],[-108.26511,33.22978]]}},{"type":"Feature","properties":{"day":30,"label":"Day 30","description":"The Catwalk and Mogollon","miles":88.7},"geometry":{"type":"LineString","coordinates":[[-108.1901,32.77854],[-108.19199,32.77905],[-108.19199,32.78107],[-108.20357,32.78302],[-108.25129,32.78764],[-108.27241,32.78222],[-108.27456,32.7797],[-108.28649,32.78172],[-108.29103,32.77876],[-108.30245,32.76281],[-108.30511,32.76129],[-108.31189,32.76108],[-108.33069,32.75234],[-108.3385,32.75068],[-108.35043,32.75682],[-108.37069,32.75552],[-108.38407,32.76303],[-108.39678,32.76649],[-108.41875,32.76981],[-108.43162,32.76837],[-108.44381,32.77515],[-108.4639,32.7815],[-108.47368,32.78193],[-108.48089,32.78901],[-108.48656,32.80777],[-108.50098,32.82248],[-108.50407,32.83488],[-108.51763,32.84844],[-108.51728,32.85868],[-108.52003,32.86661],[-108.51917,32.87685],[-108.5257,32.88853],[-108.53102,32.89054],[-108.54527,32.90207],[-108.55419,32.90712],[-108.5578,32.91144],[-108.58286,32.91663],[-108.58578,32.9247],[-108.59539,32.93075],[-108.6105,32.94818],[-108.61221,32.96302],[-108.61754,32.9682],[-108.63504,32.98059],[-108.64843,32.98304],[-108.67092,33.00017],[-108.70148,33.03213],[-108.73838,33.05429],[-108.75023,33.06364],[-108.75607,33.07773],[-108.76499,33.08795],[-108.79091,33.10837],[-108.79366,33.12116],[-108.8007,33.13065],[-108.81872,33.17405],[-108.82439,33.18124],[-108.82112,33.19072],[-108.83091,33.19503],[-108.83297,33.20379],[-108.84447,33.21097],[-108.8455,33.21801],[-108.85117,33.22002],[-108.85649,33.23007],[-108.86095,33.23424],[-108.86164,33.23668],[-108.85923,33.23984],[-108.85992,33.24673],[-108.86747,33.2519],[-108.86421,33.25434],[-108.87245,33.25778],[-108.87125,33.26467],[-108.87348,33.27816],[-108.87812,33.28089],[-108.8776,33.28634],[-108.88,33.29423],[-108.87794,33.30356],[-108.8788,33.30557],[-108.88498,33.30715],[-108.88601,33.31016],[-108.88224,33.31274],[-108.88327,33.3202],[-108.87726,33.32536],[-108.85769,33.33354],[-108.85082,33.35276],[-108.84499,33.36021],[-108.84224,33.37125],[-108.84516,33.35777],[-108.85014,33.35147],[-108.85649,33.33411],[-108.85923,33.33067],[-108.86747,33.32938],[-108.87915,33.32178],[-108.88224,33.32264],[-108.88344,33.32723],[-108.88945,33.32981],[-108.89837,33.34846],[-108.89751,33.35304],[-108.90215,33.35792],[-108.90112,33.36351],[-108.89039,33.3633],[-108.88661,33.36638],[-108.88095,33.37534],[-108.87262,33.37828],[-108.86146,33.37799],[-108.8564,33.37634],[-108.84722,33.3772],[-108.84215,33.38114],[-108.84138,33.38473],[-108.83469,33.38774],[-108.82851,33.38817],[-108.8273,33.39576],[-108.8249,33.3982],[-108.81967,33.39426],[-108.80962,33.39755],[-108.80503,33.39648],[-108.80559,33.39487],[-108.80203,33.39171],[-108.80259,33.39429],[-108.80022,33.3953],[-108.79984,33.39791],[-108.79585,33.39777],[-108.78757,33.3935]]}},{"type":"Feature","properties":{"day":31,"label":"Day 31","description":"To Las Cruces","miles":111.1},"geometry":{"type":"LineString","coordinates":[[-108.1901,32.77862],[-108.19207,32.77919],[-108.19199,32.78114],[-108.17877,32.77927],[-108.15928,32.7823],[-108.15087,32.78193],[-108.14838,32.77912],[-108.1483,32.76801],[-108.14538,32.7605],[-108.13868,32.75747],[-108.13637,32.75473],[-108.13328,32.74693],[-108.13611,32.71321],[-108.13465,32.69364],[-108.13113,32.68822],[-108.13027,32.67565],[-108.12967,32.6625],[-108.13156,32.6453],[-108.12821,32.638],[-108.01938,32.53487],[-107.98007,32.56186],[-107.97535,32.56345],[-107.97595,32.57452],[-107.97295,32.57792],[-107.97235,32.58146],[-107.97406,32.5879],[-107.97689,32.58848],[-107.97406,32.58833],[-107.97209,32.58262],[-107.9726,32.57785],[-107.97569,32.57466],[-107.97509,32.56316],[-107.97921,32.56193],[-108.01921,32.53458],[-107.7636,32.2912],[-107.75906,32.27059],[-107.71082,32.27618],[-107.68541,32.28176],[-107.62902,32.2867],[-107.56654,32.27973],[-107.43796,32.24119],[-107.38715,32.23611],[-107.3711,32.24242],[-107.36269,32.24373],[-107.19283,32.24119],[-106.91002,32.27334],[-106.8823,32.28191],[-106.8671,32.29196],[-106.86009,32.29404],[-106.85985,32.29127]]}},{"type":"Feature","properties":{"day":32,"label":"Day 32","description":"Through White Sands","miles":94},"geometry":{"type":"LineString","coordinates":[[-106.85955,32.29323],[-106.85303,32.30106],[-106.82076,32.31238],[-106.81217,32.30948],[-106.78024,32.31615],[-106.78333,32.33008],[-106.78265,32.33269],[-106.7696,32.34777],[-106.73252,32.37851],[-106.61442,32.41996],[-106.61442,32.41765],[-106.61201,32.4188],[-106.61339,32.42025],[-106.58009,32.43156],[-106.57425,32.42982],[-106.56635,32.42431],[-106.55468,32.42953],[-106.54987,32.43561],[-106.5461,32.43648],[-106.47091,32.43764],[-106.47022,32.43185],[-106.47984,32.41533],[-106.47915,32.38083],[-106.47846,32.41417],[-106.46885,32.43098],[-106.46919,32.43822],[-106.42078,32.46053],[-106.41838,32.46314],[-106.19728,32.74426],[-106.17634,32.77428],[-106.17188,32.77804],[-106.17831,32.7841],[-106.20561,32.79485],[-106.21522,32.79463],[-106.22294,32.79752],[-106.2329,32.79456],[-106.23556,32.79232],[-106.24337,32.79521],[-106.25444,32.80019],[-106.26534,32.81411],[-106.25504,32.80012],[-106.23578,32.79229],[-106.22294,32.79734],[-106.21539,32.79445],[-106.20548,32.7946],[-106.18647,32.78746],[-106.17445,32.78157],[-106.17205,32.77872],[-106.06991,32.83085],[-105.96348,32.87468],[-105.96039,32.878],[-105.96004,32.89948],[-105.95816,32.89948]]}},{"type":"Feature","properties":{"day":33,"label":"Day 33","description":"through texas into carlsbad","miles":244.2},"geometry":{"type":"LineString","coordinates":[[-105.95816,32.89991],[-105.96073,32.89991],[-105.96107,32.91533],[-105.92606,32.91519],[-105.92571,32.91793],[-105.92073,32.9211],[-105.92571,32.91879],[-105.92606,32.91476],[-105.96039,32.91447],[-105.95987,32.88088],[-105.96125,32.87627],[-105.96571,32.87007],[-105.96846,32.86892],[-105.96811,32.85998],[-106.01995,32.54971],[-106.07214,32.41634],[-106.09171,32.38446],[-106.09154,32.36648],[-106.09291,32.36285],[-106.32208,32.00487],[-106.39761,31.9475],[-106.41735,31.9341],[-106.44018,31.92244],[-106.44155,31.89884],[-106.36002,31.89767],[-106.35607,31.89461],[-106.32242,31.83702],[-106.27213,31.81894],[-106.26886,31.81631],[-106.26801,31.80654],[-106.10664,31.82944],[-106.05738,31.8344],[-106.04965,31.83819],[-106.04433,31.83863],[-106.03661,31.83805],[-106.02356,31.83396],[-106.01875,31.8344],[-106.00742,31.82959],[-105.99609,31.82944],[-105.9906,31.83834],[-105.97584,31.84184],[-105.94872,31.83032],[-105.93653,31.82711],[-105.8816,31.82652],[-105.844,31.83717],[-105.83147,31.8449],[-105.79302,31.8484],[-105.7774,31.8449],[-105.7144,31.82156],[-105.28473,31.74671],[-105.17624,31.747],[-105.13882,31.73868],[-104.97866,31.75532],[-104.93162,31.76364],[-104.91051,31.76422],[-104.9069,31.76525],[-104.87841,31.78538],[-104.8494,31.79881],[-104.8288,31.81733],[-104.83086,31.83863],[-104.84407,31.85394],[-104.84442,31.85802],[-104.84116,31.8621],[-104.83395,31.86313],[-104.82502,31.86108],[-104.81798,31.86196],[-104.81541,31.864],[-104.81489,31.86662],[-104.82296,31.8777],[-104.8221,31.89053],[-104.82004,31.89257],[-104.81249,31.89199],[-104.79326,31.90015],[-104.77987,31.90744],[-104.77421,31.91385],[-104.75876,31.91428],[-104.72906,31.93293],[-104.7143,31.93818],[-104.69627,31.95187],[-104.681,31.9609],[-104.6022,31.97619],[-104.56667,31.99075],[-104.492,32.01172],[-104.37733,32.17358],[-104.37389,32.17605],[-104.36274,32.17779],[-104.31982,32.2112],[-104.31707,32.21483],[-104.25922,32.33022],[-104.23648,32.3655]]}},{"type":"Feature","properties":{"day":35,"label":"Day 35","description":"into texas","miles":184.6},"geometry":{"type":"LineString","coordinates":[[-104.23553,32.36764],[-104.22004,32.3887],[-104.21369,32.38699],[-104.10747,32.30092],[-104.10112,32.29207],[-104.10061,32.27189],[-104.08859,32.26115],[-104.08808,32.24518],[-104.07263,32.22689],[-104.06439,32.1945],[-104.06404,32.19159],[-104.07314,32.1605],[-104.07331,32.10526],[-104.06061,32.03165],[-104.05838,32.02714],[-104.0328,32.0024],[-103.90852,31.8255],[-103.78578,31.68304],[-103.7808,31.68012],[-103.6433,31.63906],[-103.52795,31.4805],[-103.51833,31.47318],[-103.49379,31.42588],[-103.51782,31.41665],[-103.53447,31.34338],[-103.5446,31.32343],[-103.60725,31.07455],[-103.65412,31.04705],[-103.65566,31.04484],[-103.65171,31.0372],[-103.65206,31.03381],[-103.66201,30.99365],[-103.69823,31.00057],[-103.73274,30.99262],[-103.75059,30.98394],[-103.75557,30.97908],[-103.76621,30.97319],[-103.76862,30.96878],[-103.76827,30.95538],[-103.76947,30.95391],[-103.79145,30.94375],[-103.79093,30.89781],[-103.79402,30.88602],[-103.79316,30.87438],[-103.79797,30.86304],[-103.80346,30.85817],[-103.80449,30.85331],[-103.79934,30.84638],[-103.782,30.83489],[-103.76226,30.81425],[-103.75231,30.80732],[-103.73566,30.78624],[-103.73548,30.78373],[-103.74596,30.77694],[-103.75111,30.77606],[-103.76055,30.76382],[-103.77136,30.74139],[-103.77703,30.73564],[-103.78303,30.73224],[-103.78578,30.72797],[-103.78269,30.71483],[-103.78612,30.70922],[-103.78475,30.70214],[-103.79059,30.69343],[-103.78836,30.68826],[-103.78939,30.68413],[-103.79351,30.68014],[-103.79505,30.67616],[-103.79162,30.66095],[-103.79282,30.65977],[-103.79986,30.66051],[-103.80415,30.65918],[-103.8057,30.65637],[-103.80346,30.65135],[-103.81977,30.64559],[-103.83779,30.65061],[-103.83986,30.64928],[-103.8438,30.64559],[-103.84689,30.63954],[-103.85256,30.63747],[-103.86492,30.62639],[-103.8723,30.61413],[-103.88569,30.60497],[-103.88655,30.59684],[-103.89565,30.58694],[-103.90268,30.58399],[-103.95641,30.49454],[-103.96723,30.46199],[-103.97203,30.45356],[-103.98062,30.44364],[-104.02268,30.32932],[-104.02371,30.32251],[-104.02044,30.31317],[-104.02062,30.30932],[-104.04276,30.30517],[-104.06851,30.31377],[-104.06937,30.31228]]}},{"type":"Feature","properties":{"day":36,"label":"Day 36","description":"Into Big Bend National Park","miles":103.7},"geometry":{"type":"LineString","coordinates":[[-104.04327,30.30295],[-104.04053,30.30532],[-104.01066,30.31125],[-103.99178,30.30591],[-103.98165,30.29909],[-103.96568,30.29835],[-103.95195,30.29376],[-103.90715,30.28368],[-103.89273,30.27671],[-103.8438,30.273],[-103.8335,30.269],[-103.81102,30.26841],[-103.79917,30.27582],[-103.79333,30.28649],[-103.79574,30.29064],[-103.80518,30.29909],[-103.80381,30.30665],[-103.78389,30.31836],[-103.76484,30.31791],[-103.74699,30.32103],[-103.73737,30.32621],[-103.72484,30.33955],[-103.69188,30.34962],[-103.68725,30.35466],[-103.67145,30.3548],[-103.65343,30.35969],[-103.60863,30.37687],[-103.58648,30.39065],[-103.58322,30.39065],[-103.56382,30.38354],[-103.55146,30.3825],[-103.49756,30.35836],[-103.47439,30.33703],[-103.45036,30.28946],[-103.44692,30.28516],[-103.37826,30.23801],[-103.3362,30.22214],[-103.24591,30.20642],[-103.23578,30.20671],[-103.23749,30.20152],[-103.23458,30.18564],[-103.23835,30.16101],[-103.23389,30.1472],[-103.25449,30.10608],[-103.27114,30.0789],[-103.28316,30.04057],[-103.27492,30.02348],[-103.2708,30.00623],[-103.2708,29.99553],[-103.26771,29.99033],[-103.26033,29.96773],[-103.25621,29.96356],[-103.25243,29.95598],[-103.2538,29.94482],[-103.25861,29.93694],[-103.26067,29.92995],[-103.25809,29.92191],[-103.26239,29.91581],[-103.25861,29.89617],[-103.25191,29.87801],[-103.24694,29.85598],[-103.21587,29.82873],[-103.2066,29.82233],[-103.18308,29.7909],[-103.17158,29.77928],[-103.1587,29.75514],[-103.16093,29.74456],[-103.1599,29.73531],[-103.15699,29.72891],[-103.16437,29.69268],[-103.12935,29.67329],[-103.11562,29.66404],[-103.10635,29.65494],[-103.08178,29.64759],[-103.07942,29.64483]]}},{"type":"Feature","properties":{"day":37,"label":"Day 37","description":"The Rio Grande","miles":78.2},"geometry":{"type":"LineString","coordinates":[[-103.07937,29.64478],[-103.08171,29.64785],[-103.10506,29.65442],[-103.12411,29.67023],[-103.1642,29.69178],[-103.16591,29.68306],[-103.17175,29.67396],[-103.17089,29.66531],[-103.17398,29.65531],[-103.17029,29.64562],[-103.14763,29.63032],[-103.1442,29.62644],[-103.14214,29.61883],[-103.1436,29.60831],[-103.14257,29.59689],[-103.13501,29.56353],[-103.12978,29.5477],[-103.12523,29.53993],[-103.12334,29.52238],[-103.12034,29.51297],[-103.13141,29.48533],[-103.13699,29.47973],[-103.13613,29.47427],[-103.13802,29.468],[-103.13802,29.4606],[-103.13656,29.45455],[-103.14145,29.41844],[-103.13956,29.40984],[-103.14454,29.40162],[-103.14591,29.38995],[-103.1569,29.37522],[-103.17415,29.36781],[-103.19432,29.3554],[-103.1957,29.3539],[-103.1957,29.34462],[-103.19715,29.34088],[-103.20608,29.32839],[-103.22265,29.3331],[-103.24977,29.33228],[-103.25535,29.33377],[-103.26505,29.3426],[-103.27131,29.34492],[-103.2841,29.35787],[-103.29002,29.35914],[-103.315,29.34275],[-103.31903,29.33752],[-103.34058,29.334],[-103.35088,29.3343],[-103.35345,29.33288],[-103.3568,29.33422],[-103.3647,29.33392],[-103.36659,29.33325],[-103.36959,29.32719],[-103.37989,29.32509],[-103.38298,29.32225],[-103.38452,29.31439],[-103.38306,29.31147],[-103.3762,29.30803],[-103.37654,29.29875],[-103.36847,29.28131],[-103.36933,29.25862],[-103.37259,29.25316],[-103.37268,29.24799],[-103.37757,29.23016],[-103.37491,29.22252],[-103.3683,29.21758],[-103.37182,29.21518],[-103.38555,29.2181],[-103.3859,29.21923],[-103.38221,29.2196],[-103.38427,29.22065],[-103.40349,29.22282],[-103.41336,29.22087],[-103.41834,29.21645],[-103.41765,29.21204],[-103.42323,29.20687],[-103.42255,29.19847],[-103.42452,29.1942],[-103.42255,29.18926],[-103.42392,29.18416],[-103.43053,29.18117],[-103.44589,29.16325],[-103.44933,29.16348],[-103.4513,29.15763],[-103.45671,29.15591],[-103.45791,29.15351],[-103.46435,29.15508],[-103.47104,29.16086],[-103.47508,29.15958],[-103.48005,29.15396],[-103.48971,29.14733],[-103.49392,29.14789],[-103.49482,29.15092],[-103.50117,29.15152],[-103.5067,29.14485],[-103.51233,29.14324],[-103.51417,29.13556],[-103.51589,29.13462],[-103.51915,29.13762],[-103.52619,29.14013],[-103.53014,29.14403],[-103.53773,29.14463],[-103.54391,29.15145],[-103.54447,29.15463],[-103.54807,29.15475],[-103.5552,29.16116],[-103.56769,29.16359],[-103.5703,29.15999],[-103.57387,29.15894],[-103.57627,29.15445],[-103.59108,29.15235],[-103.59966,29.1576],[-103.60296,29.17105],[-103.60906,29.17127],[-103.61017,29.1679]]}},{"type":"Feature","properties":{"day":39,"label":"Day 39","description":"East of the Pecos","miles":179.4},"geometry":{"type":"LineString","coordinates":[[-103.08609,29.64927],[-103.10394,29.65405],[-103.13484,29.67612],[-103.16368,29.69163],[-103.1575,29.72622],[-103.16093,29.74411],[-103.15887,29.75633],[-103.17158,29.77898],[-103.18085,29.78822],[-103.20625,29.82188],[-103.24676,29.85553],[-103.25226,29.87846],[-103.25844,29.89453],[-103.26256,29.91596],[-103.25809,29.92072],[-103.2605,29.93084],[-103.25912,29.93649],[-103.25329,29.94601],[-103.25294,29.95702],[-103.25981,29.96802],[-103.26736,29.99003],[-103.27114,29.99568],[-103.2708,30.00549],[-103.27492,30.01738],[-103.27457,30.02362],[-103.27904,30.02957],[-103.28316,30.04235],[-103.2708,30.07801],[-103.23406,30.14632],[-103.23612,30.15819],[-103.23852,30.16056],[-103.23406,30.18876],[-103.23852,30.20656],[-103.21346,30.20508],[-103.17226,30.21161],[-103.03391,30.21369],[-103.01331,30.21724],[-102.99168,30.21517],[-102.98172,30.20627],[-102.97691,30.20508],[-102.9467,30.20241],[-102.93022,30.20389],[-102.91924,30.203],[-102.88044,30.18995],[-102.86121,30.18965],[-102.79804,30.17541],[-102.77504,30.17808],[-102.76474,30.17541],[-102.69161,30.17155],[-102.66552,30.16264],[-102.63256,30.16056],[-102.58312,30.13771],[-102.56184,30.13473],[-102.55016,30.13771],[-102.52613,30.15908],[-102.48974,30.1665],[-102.48425,30.16888],[-102.47292,30.16917],[-102.46159,30.1662],[-102.45609,30.16116],[-102.4506,30.15077],[-102.44099,30.14691],[-102.43378,30.14632],[-102.41077,30.1481],[-102.38537,30.13503],[-102.38537,30.11811],[-102.3761,30.11157],[-102.3682,30.1092],[-102.36374,30.10504],[-102.35996,30.08573],[-102.34966,30.07474],[-102.34245,30.07444],[-102.29679,30.06137],[-102.28683,30.06137],[-102.27516,30.06434],[-102.25765,30.05899],[-102.24529,30.05899],[-102.21783,30.05275],[-102.17011,30.05305],[-102.16393,30.05097],[-102.11723,30.0471],[-102.10934,30.04294],[-102.06574,30.01084],[-102.06299,30.00935],[-102.05475,30.01054],[-102.03243,29.99925],[-102.0187,29.97308],[-101.99192,29.94899],[-101.93493,29.93232],[-101.91261,29.91596],[-101.89648,29.9106],[-101.88,29.90822],[-101.86764,29.90048],[-101.85425,29.8984],[-101.83605,29.90227],[-101.83021,29.90168],[-101.8206,29.90495],[-101.80893,29.90554],[-101.79279,29.89572],[-101.79005,29.8984],[-101.76086,29.90911],[-101.72962,29.88858],[-101.70662,29.86566],[-101.6589,29.83141],[-101.6534,29.83052],[-101.63143,29.83201],[-101.61118,29.82128],[-101.58028,29.81294],[-101.56414,29.81354],[-101.55418,29.81801],[-101.48106,29.8043],[-101.4608,29.80282],[-101.43883,29.78583],[-101.40449,29.78285],[-101.38939,29.776],[-101.38596,29.77183],[-101.38664,29.74739],[-101.3839,29.74113],[-101.37669,29.73248],[-101.36639,29.72473],[-101.34544,29.70326],[-101.33858,29.70296],[-101.30081,29.70833],[-101.30081,29.70505],[-101.32244,29.69968]]}},{"type":"Feature","properties":{"day":40,"label":"Day 40","description":"Into Hill Country","miles":183.2},"geometry":{"type":"LineString","coordinates":[[-101.32227,29.69596],[-101.31798,29.70117],[-101.31386,29.70073],[-101.31987,29.70654],[-101.30133,29.70878],[-101.24588,29.71042],[-101.22597,29.70803],[-101.1894,29.69596],[-101.16365,29.68328],[-101.15868,29.67791],[-101.14357,29.65121],[-101.11885,29.62764],[-101.07079,29.60152],[-101.06821,29.59824],[-101.06632,29.58973],[-101.07937,29.553],[-101.07679,29.53165],[-101.05963,29.51357],[-101.0531,29.49908],[-101.03869,29.49265],[-101.03611,29.48967],[-101.02392,29.46964],[-101.01706,29.46695],[-100.99543,29.4671],[-100.95835,29.45544],[-100.93706,29.45425],[-100.92247,29.44722],[-100.9108,29.43257],[-100.90805,29.42659],[-100.90427,29.41149],[-100.90582,29.38517],[-100.89792,29.36557],[-100.87818,29.37066],[-100.80351,29.36796],[-100.79081,29.37066],[-100.72455,29.39324],[-100.67888,29.38427],[-100.66292,29.37365],[-100.63992,29.36452],[-100.58722,29.35121],[-100.55958,29.34223],[-100.51838,29.33116],[-100.48628,29.32756],[-100.43152,29.31619],[-100.41075,29.30541],[-100.40611,29.30526],[-100.32749,29.28011],[-100.24956,29.26693],[-100.1984,29.24746],[-100.17283,29.24072],[-100.13712,29.23533],[-100.13163,29.23233],[-100.12545,29.23174],[-100.10845,29.23773],[-100.07978,29.24357],[-99.99035,29.22739],[-99.97902,29.22335],[-99.92546,29.21331],[-99.91379,29.20821],[-99.89662,29.20492],[-99.87705,29.20237],[-99.81285,29.19952],[-99.77165,29.21496],[-99.72908,29.25675],[-99.70333,29.27667],[-99.65921,29.29014],[-99.63518,29.29538],[-99.56755,29.31739],[-99.54334,29.31918],[-99.52995,29.31185],[-99.48429,29.31349],[-99.46318,29.31873],[-99.4412,29.31335],[-99.35864,29.31469],[-99.2886,29.32756],[-99.27023,29.33325],[-99.24448,29.33639],[-99.1741,29.33699],[-99.17101,29.33774],[-99.16311,29.34507],[-99.11676,29.34896],[-99.11694,29.48638],[-99.1087,29.49938],[-99.10938,29.53732],[-99.10475,29.54553],[-99.10269,29.56136],[-99.09016,29.57674],[-99.07539,29.58226],[-99.06595,29.60122],[-99.06818,29.65882],[-99.05857,29.67329],[-99.05823,29.71236],[-99.06235,29.71892],[-99.06986,29.72361],[-99.06836,29.7241]]}},{"type":"Feature","properties":{"day":41,"label":"Day 41","description":"Around Hill Country","miles":174.6},"geometry":{"type":"LineString","coordinates":[[-99.06896,29.72406],[-99.07085,29.72436],[-99.06381,29.73107],[-99.04621,29.73435],[-99.01771,29.74575],[-99.00218,29.74456],[-98.99222,29.74597],[-98.9633,29.73688],[-98.95583,29.73092],[-98.92982,29.72115],[-98.90073,29.71802],[-98.89008,29.71243],[-98.87944,29.71452],[-98.87095,29.71869],[-98.86296,29.7251],[-98.85627,29.72451],[-98.84262,29.73688],[-98.8173,29.75089],[-98.79241,29.75871],[-98.79035,29.76423],[-98.78503,29.76646],[-98.78134,29.77019],[-98.77791,29.77101],[-98.77379,29.76766],[-98.76297,29.76766],[-98.76074,29.77011],[-98.74769,29.77391],[-98.7446,29.77898],[-98.72907,29.78047],[-98.72907,29.78918],[-98.72203,29.78986],[-98.71568,29.78829],[-98.71448,29.78986],[-98.71422,29.81175],[-98.70418,29.823],[-98.70366,29.83528],[-98.70212,29.83916],[-98.6877,29.84988],[-98.68864,29.85337],[-98.68375,29.86119],[-98.67611,29.86275],[-98.671,29.86707],[-98.66731,29.8651],[-98.64384,29.87663],[-98.64294,29.87909],[-98.63671,29.87835],[-98.61749,29.88616],[-98.63774,29.87794],[-98.64311,29.87924],[-98.64379,29.87667],[-98.66654,29.86543],[-98.6713,29.86696],[-98.67611,29.86272],[-98.68396,29.86119],[-98.68855,29.85345],[-98.68783,29.84962],[-98.7025,29.83893],[-98.70473,29.82199],[-98.704,29.82333],[-98.71409,29.81213],[-98.71478,29.78892],[-98.72954,29.78952],[-98.73323,29.79671],[-98.73756,29.795],[-98.75216,29.79529],[-98.75409,29.81641],[-98.75679,29.8227],[-98.77391,29.83785],[-98.78439,29.85237],[-98.78795,29.86391],[-98.81348,29.89174],[-98.82331,29.90859],[-98.82867,29.91317],[-98.84331,29.91882],[-98.85807,29.92775],[-98.88571,29.95456],[-98.89644,29.97672],[-98.90373,29.9814],[-98.90425,30.00854],[-98.90966,30.037],[-98.91506,30.04562],[-98.92047,30.06219],[-98.92184,30.07177],[-98.92073,30.07949],[-98.92545,30.08826],[-98.92545,30.09115],[-98.91223,30.12122],[-98.91146,30.12598],[-98.90785,30.13162],[-98.90631,30.1429],[-98.89292,30.16234],[-98.88639,30.16702],[-98.87026,30.19477],[-98.87146,30.2667],[-98.86708,30.2716],[-98.87721,30.27908],[-98.86648,30.29005],[-98.86408,30.30235],[-98.86674,30.30776],[-98.86528,30.31132],[-98.86142,30.31302],[-98.85876,30.32362],[-98.85738,30.35984],[-98.85541,30.36695],[-98.8621,30.38176],[-98.86271,30.38813],[-98.85816,30.39738],[-98.8573,30.42869],[-98.8488,30.43461],[-98.84829,30.43861],[-98.8385,30.44098],[-98.83773,30.45319],[-98.8349,30.45704],[-98.83593,30.4614],[-98.83361,30.46495],[-98.82837,30.46784],[-98.82657,30.48278],[-98.82082,30.49077],[-98.82039,30.49587],[-98.82065,30.49062],[-98.82649,30.483],[-98.82855,30.46776],[-98.83524,30.46354],[-98.83498,30.45726],[-98.83781,30.45289],[-98.83747,30.44253],[-98.83936,30.44046],[-98.84743,30.43979],[-98.85009,30.43321],[-98.85756,30.42847],[-98.85798,30.39871],[-98.86253,30.38768],[-98.85936,30.37339],[-98.85541,30.36584],[-98.8573,30.36117],[-98.85893,30.32258],[-98.86133,30.31302],[-98.86571,30.31102],[-98.86674,30.30821],[-98.86451,30.30287],[-98.86683,30.28953],[-98.8773,30.27886],[-98.87232,30.27508],[-98.87807,30.26856],[-98.87858,30.26411],[-98.8918,30.25477],[-98.90794,30.23007],[-98.9191,30.22407],[-98.93506,30.22503],[-98.9354,30.21673],[-98.94948,30.20953],[-98.9615,30.20701],[-98.97197,30.20916],[-98.97652,30.20849],[-98.98879,30.20204],[-98.99943,30.19002],[-99.01797,30.17437],[-99.02956,30.16019],[-99.05282,30.1501],[-99.06115,30.14416],[-99.06518,30.13882],[-99.06647,30.13043],[-99.07188,30.12071],[-99.07256,30.10905],[-99.08363,30.0919],[-99.08956,30.08581],[-99.10732,30.07511],[-99.11256,30.06939],[-99.12157,30.06375],[-99.14063,30.04725],[-99.13582,30.04384],[-99.13582,30.03165],[-99.10389,30.00386],[-99.10097,29.99954],[-99.09634,29.9814],[-99.09067,29.97486],[-99.06269,29.95493],[-99.04964,29.95092],[-99.03849,29.95032],[-99.03677,29.92771],[-99.03368,29.92756],[-99.03265,29.92459],[-99.02424,29.9176],[-99.01892,29.90406],[-99.02098,29.89885],[-99.02029,29.8917],[-99.03162,29.8734],[-99.04072,29.86566],[-99.04312,29.86089],[-99.04072,29.8533],[-99.04587,29.84958],[-99.04535,29.84258],[-99.05428,29.83811],[-99.05634,29.83469],[-99.05668,29.82471],[-99.05514,29.81994],[-99.0663,29.81294],[-99.05943,29.80654],[-99.07093,29.79596],[-99.06235,29.78792],[-99.06355,29.77436],[-99.05823,29.76661],[-99.0584,29.76333],[-99.07797,29.74486],[-99.07745,29.73591],[-99.07522,29.73159],[-99.07591,29.72891],[-99.0699,29.72339],[-99.06801,29.72369]]}},{"type":"Feature","properties":{"day":42,"label":"Day 42","description":"Into San Antonio","miles":60.4},"geometry":{"type":"LineString","coordinates":[[-99.06767,29.72339],[-99.06836,29.72249],[-99.07196,29.72518],[-99.0699,29.72503],[-99.06321,29.73114],[-99.04964,29.73263],[-99.01617,29.7462],[-99.00038,29.7447],[-98.99231,29.7459],[-98.9633,29.73695],[-98.9554,29.73054],[-98.92673,29.72056],[-98.91815,29.72071],[-98.89841,29.71713],[-98.87919,29.70744],[-98.87249,29.70207],[-98.86133,29.70073],[-98.85412,29.6967],[-98.84348,29.68],[-98.82425,29.66315],[-98.81584,29.6533],[-98.81189,29.63957],[-98.79387,29.61988],[-98.77773,29.61883],[-98.77035,29.62137],[-98.76434,29.62062],[-98.76108,29.61719],[-98.75181,29.61451],[-98.74495,29.62062],[-98.73859,29.61794],[-98.72709,29.61973],[-98.72452,29.61809],[-98.72143,29.61331],[-98.70838,29.60331],[-98.70667,29.59839],[-98.69585,29.58734],[-98.68847,29.5742],[-98.68864,29.56569],[-98.66787,29.55435],[-98.65585,29.5418],[-98.64864,29.53702],[-98.63869,29.52388],[-98.63646,29.5179],[-98.62375,29.49923],[-98.60865,29.48743],[-98.60058,29.48264],[-98.57912,29.48937],[-98.56041,29.49071],[-98.55062,29.49729],[-98.54805,29.49609],[-98.54427,29.48817],[-98.53947,29.48503],[-98.52848,29.48354],[-98.51715,29.47398],[-98.51578,29.47188],[-98.51458,29.44318],[-98.512,29.44079],[-98.50668,29.4393],[-98.50101,29.43137],[-98.48574,29.44035],[-98.47732,29.43833],[-98.46291,29.43855],[-98.44145,29.44005],[-98.43793,29.44177],[-98.43381,29.43578],[-98.42197,29.43564],[-98.42188,29.43309],[-98.42222,29.43549],[-98.43372,29.43534],[-98.43518,29.42502],[-98.48569,29.42509],[-98.48647,29.4264],[-98.48668,29.42435],[-98.49252,29.42509],[-98.49166,29.42846],[-98.49277,29.43025],[-98.48848,29.43115],[-98.48076,29.43653],[-98.48213,29.43825],[-98.48132,29.44453]]}},{"type":"Feature","properties":{"day":43,"label":"Day 43","description":"Around San Antonio","miles":94.6},"geometry":{"type":"LineString","coordinates":[[-98.42222,29.43377],[-98.42231,29.43556],[-98.43381,29.43549],[-98.4381,29.44192],[-98.44316,29.43975],[-98.45982,29.4384],[-98.48574,29.44049],[-98.49552,29.43549],[-98.49904,29.44049],[-98.49917,29.52052],[-98.48003,29.52007],[-98.47595,29.51189],[-98.48436,29.49635],[-98.48097,29.47674],[-98.47381,29.46546],[-98.4814,29.45933],[-98.48389,29.45059],[-98.4826,29.44823],[-98.4781,29.44595],[-98.47887,29.43803],[-98.4775,29.43608],[-98.48153,29.42891],[-98.47973,29.40992],[-98.48093,29.40252],[-98.47698,29.39212],[-98.46128,29.37597],[-98.47527,29.37552],[-98.48205,29.37275],[-98.48617,29.36901],[-98.48368,29.36392],[-98.47999,29.36131],[-98.48136,29.36093],[-98.48119,29.37761],[-98.48522,29.38524],[-98.48574,29.40409],[-98.49097,29.42001],[-98.48968,29.42846],[-98.4914,29.42853],[-98.49132,29.43123],[-98.48539,29.43481],[-98.48411,29.44042],[-98.49629,29.43489],[-98.50033,29.43093],[-98.50496,29.43885],[-98.51406,29.44214],[-98.51578,29.45088],[-98.51595,29.47136],[-98.51784,29.47539],[-98.53131,29.48481],[-98.53947,29.48518],[-98.54462,29.4881],[-98.55663,29.52575],[-98.56916,29.53807],[-98.58375,29.54815],[-98.58968,29.55897],[-98.59714,29.58398],[-98.60144,29.60548],[-98.61337,29.63532],[-98.62332,29.65002],[-98.62993,29.66658],[-98.63182,29.66672],[-98.62144,29.64674],[-98.61328,29.63487],[-98.60049,29.60212],[-98.59835,29.59085],[-98.57809,29.59339],[-98.56221,29.6004],[-98.53432,29.60294],[-98.52256,29.60861],[-98.49269,29.60906],[-98.49561,29.63525],[-98.49466,29.63883],[-98.49226,29.64129],[-98.47321,29.64435],[-98.45707,29.65039],[-98.45072,29.64868],[-98.46522,29.62047],[-98.46823,29.60898],[-98.43218,29.6001],[-98.36394,29.60279],[-98.35948,29.60182],[-98.35656,29.59876],[-98.34163,29.57711],[-98.33313,29.56808],[-98.34909,29.55464],[-98.35836,29.55151],[-98.38995,29.53262],[-98.39716,29.51335],[-98.40634,29.46987],[-98.41261,29.45694],[-98.41493,29.4541],[-98.43759,29.44206],[-98.4339,29.43564],[-98.42257,29.43496]]}},{"type":"Feature","properties":{"day":44,"label":"Day 44","description":"McKinney Falls","miles":74.9},"geometry":{"type":"LineString","coordinates":[[-98.42282,29.43466],[-98.40557,29.43571],[-98.40488,29.4473],[-98.41244,29.45754],[-98.40617,29.47031],[-98.39665,29.51648],[-98.39227,29.52896],[-98.38789,29.53486],[-98.36197,29.54964],[-98.35107,29.5536],[-98.32197,29.57711],[-98.30944,29.58182],[-98.27614,29.60033],[-98.25854,29.61615],[-98.20782,29.64174],[-98.18147,29.65845],[-98.16936,29.66352],[-98.14259,29.68268],[-98.12207,29.68723],[-98.09547,29.69827],[-98.09032,29.7061],[-98.0862,29.72123],[-98.05924,29.745],[-98.02526,29.79224],[-97.94406,29.86506],[-97.92097,29.88337],[-97.90441,29.90123],[-97.88097,29.94534],[-97.87634,29.96133],[-97.87024,29.99627],[-97.84784,30.03135],[-97.8154,30.09449],[-97.80209,30.12405],[-97.78785,30.16427],[-97.7706,30.19032],[-97.75875,30.18616],[-97.74708,30.17986],[-97.73644,30.1665],[-97.72605,30.16331],[-97.7227,30.16865],[-97.72159,30.1806],[-97.72605,30.1809],[-97.72502,30.17733],[-97.72777,30.17578]]}},{"type":"Feature","properties":{"day":46,"label":"Day 46","description":"around austin","miles":24.6},"geometry":{"type":"LineString","coordinates":[[-97.72781,30.17596],[-97.72523,30.17726],[-97.72635,30.1806],[-97.72523,30.1816],[-97.72111,30.17926],[-97.71618,30.18639],[-97.70966,30.19024],[-97.70142,30.18965],[-97.69009,30.19885],[-97.68391,30.19796],[-97.68322,30.23178],[-97.69043,30.24424],[-97.69077,30.25106],[-97.70966,30.25195],[-97.72073,30.25573],[-97.71863,30.26033],[-97.74523,30.26878],[-97.74313,30.27452],[-97.75137,30.27689],[-97.75459,30.2703],[-97.73751,30.26544],[-97.73884,30.26188],[-97.73686,30.26129],[-97.73772,30.25847],[-97.73511,30.24431],[-97.75648,30.20809],[-97.77094,30.19084],[-97.74712,30.17982],[-97.73695,30.16676],[-97.72579,30.16331],[-97.72317,30.16761],[-97.7212,30.1793],[-97.7245,30.1816]]}},{"type":"Feature","properties":{"day":48,"label":"Day 48","description":"around Austin","miles":45.2},"geometry":{"type":"LineString","coordinates":[[-97.84081,30.08484],[-97.84312,30.08172],[-97.84621,30.08306],[-97.84947,30.08766],[-97.84827,30.09034],[-97.84913,30.10081],[-97.86913,30.10058],[-97.87497,30.09784],[-97.87505,30.11514],[-97.86664,30.12419],[-97.8602,30.12709],[-97.84596,30.14156],[-97.85231,30.14446],[-97.85986,30.15715],[-97.86029,30.16821],[-97.84982,30.18334],[-97.85651,30.18802],[-97.85977,30.19581],[-97.86544,30.20063],[-97.85634,30.21294],[-97.85025,30.21643],[-97.84201,30.21673],[-97.8366,30.21962],[-97.82252,30.23749],[-97.80579,30.24631],[-97.79952,30.25721],[-97.78021,30.26678],[-97.77437,30.27071],[-97.76974,30.27641],[-97.74322,30.26715],[-97.7403,30.27412],[-97.74133,30.27471],[-97.75128,30.27708],[-97.75386,30.2716],[-97.7433,30.26811],[-97.7536,30.2389],[-97.76854,30.2455],[-97.77008,30.24854],[-97.76356,30.25291],[-97.75849,30.26092],[-97.74828,30.25862],[-97.74652,30.2591],[-97.74437,30.2634],[-97.73691,30.26125],[-97.73781,30.25844],[-97.73515,30.24409],[-97.75613,30.20875],[-97.77055,30.19054],[-97.78639,30.1668],[-97.80596,30.11439],[-97.81883,30.08945],[-97.82205,30.08889],[-97.82261,30.08417],[-97.82716,30.08469],[-97.82729,30.088],[-97.83943,30.08529]]}},{"type":"Feature","properties":{"day":51,"label":"Day 51","description":"into houston","miles":173.8},"geometry":{"type":"LineString","coordinates":[[-97.83875,30.08692],[-97.81815,30.089],[-97.82398,30.07949],[-97.82192,30.07919],[-97.82089,30.07117],[-97.80613,30.07028],[-97.80338,30.05929],[-97.80338,30.04562],[-97.79343,30.04443],[-97.7766,30.03195],[-97.76768,30.03254],[-97.75806,30.02541],[-97.75188,30.02868],[-97.72751,30.01114],[-97.72407,30.01114],[-97.71,30.02125],[-97.70313,30.02422],[-97.68871,30.02838],[-97.66914,30.03135],[-97.66296,30.03462],[-97.65541,30.04265],[-97.64374,30.0477],[-97.58572,30.06642],[-97.54761,30.08395],[-97.4889,30.08781],[-97.47894,30.09256],[-97.47139,30.09197],[-97.43912,30.10949],[-97.41852,30.11068],[-97.41543,30.11246],[-97.41028,30.11098],[-97.34505,30.11098],[-97.32994,30.10504],[-97.29183,30.10474],[-97.27295,30.0985],[-97.2654,30.09316],[-97.25132,30.0887],[-97.24239,30.08306],[-97.23827,30.07593],[-97.23381,30.07266],[-97.22248,30.07028],[-97.20188,30.05453],[-97.17613,30.04384],[-97.16343,30.03551],[-97.12944,29.99954],[-97.12498,29.98973],[-97.08996,29.95999],[-97.08515,29.95256],[-97.06249,29.94214],[-97.03674,29.94095],[-97.02061,29.94244],[-96.98319,29.93649],[-96.97666,29.92935],[-96.96121,29.92756],[-96.94405,29.91745],[-96.91246,29.90614],[-96.908,29.90614],[-96.87813,29.9237],[-96.86852,29.9234],[-96.85856,29.92042],[-96.81667,29.90019],[-96.81221,29.899],[-96.79745,29.90048],[-96.77856,29.89929],[-96.76071,29.88798],[-96.75659,29.87935],[-96.75075,29.87578],[-96.74492,29.86685],[-96.69205,29.82039],[-96.68278,29.81563],[-96.67042,29.80311],[-96.58253,29.73308],[-96.57944,29.71221],[-96.57223,29.69372],[-96.53824,29.69223],[-96.50391,29.71042],[-96.44177,29.71877],[-96.29002,29.75007],[-96.19011,29.76378],[-96.17157,29.7602],[-96.15921,29.76229],[-96.14067,29.76855],[-96.13483,29.77391],[-96.11561,29.7763],[-96.09982,29.77689],[-96.04111,29.76915],[-95.99064,29.78136],[-95.98,29.78136],[-95.9697,29.77928],[-95.93605,29.77958],[-95.91888,29.77719],[-95.81657,29.77749],[-95.80627,29.78494],[-95.79906,29.78583],[-95.5632,29.78434],[-95.56252,29.76736],[-95.5584,29.76229],[-95.55737,29.69074],[-95.56046,29.66777],[-95.55805,29.6621],[-95.51823,29.62629],[-95.46433,29.64808],[-95.4475,29.65345],[-95.44613,29.65166],[-95.44407,29.65226]]}},{"type":"Feature","properties":{"day":52,"label":"Day 52","description":"Around Houston","miles":57.6},"geometry":{"type":"LineString","coordinates":[[-95.44441,29.6536],[-95.44252,29.65464],[-95.44167,29.65986],[-95.42759,29.67791],[-95.41077,29.67776],[-95.38433,29.68104],[-95.38261,29.68254],[-95.37918,29.68701],[-95.3742,29.70341],[-95.37849,29.7131],[-95.37678,29.7222],[-95.3718,29.72995],[-95.37128,29.73397],[-95.36253,29.74456],[-95.37369,29.75082],[-95.37472,29.7538],[-95.37386,29.7602],[-95.36734,29.76468],[-95.36528,29.76915],[-95.36854,29.77719],[-95.36837,29.78419],[-95.3718,29.78896],[-95.37266,29.80579],[-95.37506,29.81309],[-95.38073,29.82828],[-95.40218,29.85911],[-95.41094,29.87563],[-95.41266,29.91834],[-95.4118,29.93515],[-95.41781,29.95136],[-95.41832,29.96341],[-95.42489,29.99791],[-95.42609,29.99774],[-95.42471,29.99018],[-95.42973,29.98955],[-95.42428,29.99005],[-95.41772,29.95003],[-95.41231,29.93478],[-95.41154,29.87608],[-95.40287,29.85985],[-95.38124,29.82843],[-95.37369,29.80795],[-95.37214,29.79008],[-95.36871,29.78397],[-95.3694,29.7766],[-95.36579,29.76929],[-95.36751,29.76527],[-95.37412,29.7614],[-95.37489,29.75782],[-95.3924,29.75737],[-95.39137,29.74448],[-95.38828,29.74441],[-95.41892,29.74232],[-95.41823,29.69804],[-95.41446,29.69432],[-95.44141,29.65949],[-95.44304,29.6539],[-95.44587,29.65129]]}},{"type":"Feature","properties":{"day":53,"label":"Day 53","description":"To the Space Center","miles":28.1},"geometry":{"type":"LineString","coordinates":[[-95.44604,29.65181],[-95.44209,29.65554],[-95.44064,29.66113],[-95.42759,29.67761],[-95.40725,29.67799],[-95.39643,29.68045],[-95.35901,29.68022],[-95.3397,29.68574],[-95.31601,29.69625],[-95.28949,29.69678],[-95.2646,29.67217],[-95.24383,29.64114],[-95.18134,29.58383],[-95.12701,29.52425],[-95.11291,29.49941]]}},{"type":"Feature","properties":{"day":54,"label":"Day 54","description":"outta houston","miles":178.4},"geometry":{"type":"LineString","coordinates":[[-95.11293,29.49953],[-95.1119,29.49968],[-95.11431,29.50311],[-95.09543,29.50745],[-95.07706,29.52164],[-95.07088,29.53224],[-95.06023,29.54255],[-95.01989,29.54105],[-95.0235,29.55121],[-95.02813,29.57674],[-95.02865,29.59033],[-95.03397,29.61749],[-95.03414,29.6251],[-95.02916,29.63778],[-95.03002,29.65241],[-95.17679,29.64957],[-95.18177,29.65181],[-95.20666,29.65091],[-95.21524,29.65032],[-95.2252,29.64569],[-95.23464,29.6451],[-95.24305,29.64137],[-95.26468,29.67195],[-95.29043,29.69924],[-95.37395,29.75141],[-95.37472,29.75596],[-95.37223,29.76244],[-95.3724,29.76713],[-95.42407,29.77116],[-95.43016,29.77004],[-95.43128,29.7646],[-95.43935,29.76505],[-95.45008,29.76967],[-95.45257,29.77317],[-95.45669,29.77324],[-95.45609,29.75432],[-95.46106,29.75126],[-95.46063,29.73204],[-95.41858,29.73412],[-95.41884,29.73859],[-95.39111,29.73889],[-95.39188,29.74806],[-95.38588,29.74806],[-95.38579,29.76125],[-95.3748,29.7602],[-95.37429,29.75208],[-95.28906,29.697],[-95.26649,29.7096],[-95.24623,29.7058],[-95.22821,29.70751],[-95.21585,29.71079],[-95.18898,29.71295],[-95.11637,29.71102],[-95.04212,29.68887],[-95.03243,29.68775],[-95.03054,29.68611],[-95.02951,29.67448],[-95.02891,29.66053],[-95.03037,29.65196],[-95.04659,29.65166],[-95.04702,29.6351],[-95.04401,29.61488],[-95.04573,29.61249],[-95.07002,29.60212],[-95.05397,29.5907],[-95.05774,29.5857],[-95.05869,29.56681],[-95.07002,29.5645],[-95.07852,29.55479],[-95.09646,29.54949],[-95.09654,29.55091],[-95.09705,29.5489],[-95.07886,29.55502],[-95.07577,29.55688],[-95.07208,29.56293],[-95.06229,29.56681],[-95.0556,29.56629],[-95.05045,29.56398],[-95.04384,29.56405],[-95.03964,29.55987],[-95.03303,29.56054],[-95.02633,29.56405],[-95.02934,29.59592],[-95.03337,29.61152],[-95.03449,29.62518],[-95.03062,29.63487],[-95.03002,29.64226],[-95.02899,29.67187],[-95.03002,29.69133],[-95.01251,29.70729],[-94.99844,29.71556],[-94.99165,29.72354],[-94.99457,29.73293],[-94.98505,29.74798],[-94.97904,29.74992],[-94.96393,29.75022],[-94.9308,29.75678],[-94.92565,29.75931],[-94.91449,29.77228],[-94.91003,29.79149],[-94.90488,29.79954],[-94.89922,29.82158],[-94.806,29.82948],[-94.75588,29.83856],[-94.66764,29.84064],[-94.58078,29.83767],[-94.43813,29.82665],[-94.3923,29.82769],[-94.38869,29.82933],[-94.35453,29.86149],[-94.24742,29.94884],[-94.13755,30.05691],[-94.13464,30.06479],[-94.13687,30.1086],[-94.14494,30.11722],[-94.13893,30.1236],[-94.12966,30.12672]]}},{"type":"Feature","properties":{"day":55,"label":"Day 55","description":"To the Gulf of Mexico","miles":49.2},"geometry":{"type":"LineString","coordinates":[[-94.12725,30.12731],[-94.12725,30.12538],[-94.13824,30.12405],[-94.14528,30.11722],[-94.13687,30.10741],[-94.13446,30.0636],[-94.13498,30.06018],[-94.1415,30.05335],[-94.14099,30.0474],[-94.13446,30.04369],[-94.0864,30.03046],[-94.08176,30.02987],[-94.0773,30.03165],[-94.06014,30.03343],[-94.05705,30.03224],[-94.05396,30.02362],[-94.02374,29.97219],[-94.01138,29.95761],[-93.95576,29.91834],[-93.98666,29.88382],[-93.96298,29.86655],[-93.97293,29.85315],[-93.97293,29.85047],[-93.96915,29.83618],[-93.94855,29.78434],[-93.94546,29.77809],[-93.93757,29.76974],[-93.93619,29.75752],[-93.92761,29.74858],[-93.90152,29.73725],[-93.89465,29.73278],[-93.92109,29.70893],[-93.94255,29.69983],[-93.97036,29.69238],[-94.03181,29.6803],[-94.05945,29.67165]]}},{"type":"Feature","properties":{"day":56,"label":"Day 56","description":"Into Louisiana","miles":82.6},"geometry":{"type":"LineString","coordinates":[[-94.04417,29.67642],[-94.0222,29.68268],[-93.97018,29.69208],[-93.94306,29.69968],[-93.92143,29.70863],[-93.89894,29.72727],[-93.89448,29.73308],[-93.92796,29.74813],[-93.93448,29.75454],[-93.93671,29.75842],[-93.9374,29.76885],[-93.94014,29.77406],[-93.94409,29.77674],[-93.95061,29.78837],[-93.96933,29.83558],[-93.9731,29.8536],[-93.96366,29.8661],[-93.95782,29.86819],[-93.90959,29.91908],[-93.90736,29.92414],[-93.87663,29.95657],[-93.87423,29.96044],[-93.86599,30.00058],[-93.86358,30.004],[-93.78633,30.07875],[-93.76642,30.09345],[-93.76213,30.09509],[-93.74685,30.09331],[-93.74737,30.12122],[-93.73106,30.11855],[-93.7211,30.11929],[-93.5618,30.18639],[-93.41297,30.21487],[-93.3256,30.21591],[-93.32216,30.2168],[-93.3177,30.22125],[-93.28045,30.23697],[-93.25779,30.23742],[-93.2583,30.28471],[-93.24972,30.28501],[-93.24972,30.29554],[-93.24595,30.30013],[-93.24371,30.30057],[-93.25075,30.30473],[-93.26551,30.30458],[-93.26551,30.29524]]}},{"type":"Feature","properties":{"day":60,"label":"Day 60","description":"Across the Mississippi","miles":169.4},"geometry":{"type":"LineString","coordinates":[[-93.26414,30.2945],[-93.26363,30.30324],[-93.25041,30.30458],[-93.24389,30.30072],[-93.19548,30.30057],[-93.19513,30.29642],[-93.1838,30.2779],[-93.18054,30.26337],[-93.18003,30.19737],[-93.17419,30.19766],[-93.17041,30.20256],[-93.17007,30.21799],[-93.16286,30.24276],[-93.15685,30.24528],[-93.13402,30.24379],[-93.11256,30.2475],[-93.03892,30.24765],[-92.99721,30.25017],[-92.97197,30.24661],[-92.74675,30.2478],[-92.64736,30.24661],[-92.60582,30.23638],[-92.55913,30.23653],[-92.53424,30.23178],[-92.48754,30.23074],[-92.45029,30.23593],[-92.34163,30.23564],[-92.28104,30.2521],[-92.24276,30.2518],[-92.21392,30.24765],[-92.05307,30.24676],[-92.03762,30.25047],[-91.99333,30.26796],[-91.94578,30.28264],[-91.92364,30.29316],[-91.86905,30.30813],[-91.79403,30.3228],[-91.50701,30.40116],[-91.43063,30.41937],[-91.31853,30.4506],[-91.27115,30.454],[-91.21691,30.44083],[-91.17811,30.4395],[-91.18069,30.45578],[-91.17931,30.45726],[-91.16575,30.45933],[-91.16713,30.47827],[-91.16627,30.48833],[-91.15906,30.5006],[-91.15837,30.50992],[-91.1606,30.51968],[-91.17056,30.53343],[-91.17485,30.5355],[-91.1891,30.53728],[-91.26635,30.68014],[-91.27802,30.74405],[-91.28008,30.74626],[-91.29639,30.75054],[-91.30583,30.7616],[-91.31441,30.76411],[-91.32214,30.77031],[-91.34668,30.78211],[-91.32385,30.79007],[-91.31853,30.8001],[-91.31235,30.8029],[-91.30343,30.80231],[-91.30325,30.80393]]}},{"type":"Feature","properties":{"day":61,"label":"Day 61","description":"Into New Orleans","miles":110.4},"geometry":{"type":"LineString","coordinates":[[-91.30291,30.80363],[-91.31192,30.8029],[-91.31613,30.80504],[-91.31776,30.80747],[-91.31827,30.81462],[-91.32171,30.81853],[-91.31982,30.82214],[-91.32248,30.82744],[-91.32737,30.8301],[-91.33089,30.82943],[-91.33338,30.82781],[-91.33561,30.82125],[-91.35201,30.80334],[-91.35673,30.79929],[-91.3726,30.79095],[-91.37329,30.79567],[-91.37123,30.79612],[-91.37363,30.79612],[-91.37286,30.79059],[-91.37638,30.78837],[-91.37458,30.7866],[-91.35089,30.78365],[-91.32196,30.77009],[-91.31638,30.76492],[-91.3036,30.75983],[-91.29622,30.75039],[-91.27802,30.74464],[-91.26703,30.68192],[-91.1903,30.5389],[-91.18721,30.53639],[-91.17416,30.5355],[-91.16747,30.53033],[-91.15906,30.51672],[-91.15854,30.50075],[-91.16627,30.48847],[-91.16575,30.48078],[-91.16713,30.47738],[-91.16558,30.45918],[-91.18017,30.45711],[-91.1812,30.45444],[-91.18017,30.44749],[-91.17794,30.44438],[-91.17811,30.43876],[-91.17399,30.43106],[-91.16713,30.42647],[-91.11872,30.41981],[-91.04868,30.37021],[-91.01932,30.3354],[-90.99649,30.31169],[-90.98551,30.26945],[-90.97057,30.24172],[-90.93985,30.20271],[-90.87959,30.17259],[-90.81917,30.15596],[-90.77368,30.14869],[-90.69471,30.12479],[-90.50812,30.10831],[-90.40546,30.07801],[-90.30624,30.01099],[-90.28976,30.00594],[-90.23998,30.00928],[-90.24178,29.9907],[-90.24668,29.97323],[-90.23436,29.97088]]}},{"type":"Feature","properties":{"day":62,"label":"Day 62","description":"Around New Orleans","miles":43.3},"geometry":{"type":"LineString","coordinates":[[-90.23432,29.9707],[-90.24642,29.97315],[-90.24487,29.97984],[-90.11553,29.97137],[-90.10652,29.96906],[-90.09072,29.96193],[-90.07158,29.98341],[-90.06231,29.9672],[-90.07261,29.95583],[-90.06403,29.94988],[-90.06412,29.94824],[-90.07098,29.95267],[-90.06165,29.96458],[-90.0568,29.96127],[-90.06274,29.95666],[-90.06145,29.95839],[-90.06596,29.96148],[-90.06665,29.96066],[-90.06392,29.95889],[-90.06753,29.9549],[-90.06573,29.95367],[-90.06759,29.95484],[-90.06997,29.95179],[-90.07216,29.94439],[-90.06759,29.94337],[-90.06748,29.94493],[-90.0692,29.94536],[-90.07319,29.93212],[-90.09175,29.92208],[-90.1128,29.92046],[-90.11235,29.92808],[-90.1077,29.92611],[-90.10729,29.93491],[-90.10304,29.93523],[-90.10212,29.92662],[-90.09519,29.9271],[-90.07783,29.93629],[-90.07193,29.94339],[-90.07759,29.93627],[-90.08879,29.92928],[-90.09437,29.92717],[-90.10733,29.92615],[-90.11896,29.93184],[-90.13482,29.94376],[-90.13589,29.95202],[-90.13909,29.95681],[-90.15183,29.96059],[-90.16361,29.957],[-90.20011,29.92872],[-90.20685,29.92682],[-90.20612,29.93586],[-90.21247,29.93839],[-90.21398,29.95088],[-90.222,29.96248],[-90.23419,29.97066]]}},{"type":"Feature","properties":{"day":64,"label":"Day 64","description":"Into Mississippi","miles":111.4},"geometry":{"type":"LineString","coordinates":[[-90.23453,29.97044],[-90.24668,29.97345],[-90.24204,29.99077],[-90.24015,30.00921],[-90.21252,30.0075],[-90.19981,30.00044],[-90.11982,29.99486],[-90.11596,29.99092],[-90.11604,29.98787],[-90.1078,29.96802],[-90.0915,29.95627],[-90.08257,29.9533],[-90.0551,29.98289],[-90.05167,29.99107],[-90.04343,29.9988],[-90.03845,30.00177],[-90.01425,30.00831],[-90.01236,30.0104],[-90.01305,30.02556],[-89.99193,30.03061],[-89.97597,30.03759],[-89.93546,30.06226],[-89.85821,30.15106],[-89.76877,30.23579],[-89.74285,30.30191],[-89.73993,30.30384],[-89.73547,30.30473],[-89.70732,30.29791],[-89.67041,30.29761],[-89.62629,30.3071],[-89.53995,30.33303],[-89.5233,30.33125],[-89.4524,30.34903],[-89.32211,30.38976],[-89.30391,30.39997],[-89.2749,30.40427],[-89.26237,30.40308],[-89.23233,30.40412],[-89.19748,30.41685],[-89.17396,30.41759],[-89.13551,30.4247],[-89.12762,30.4244],[-89.07509,30.43772],[-88.99458,30.45104],[-88.97947,30.46007],[-88.95802,30.46051],[-88.9278,30.44764],[-88.90926,30.44897],[-88.89347,30.454],[-88.84292,30.45437],[-88.83905,30.44379],[-88.83021,30.43535],[-88.82755,30.41596],[-88.80446,30.41626],[-88.7794,30.41204],[-88.77811,30.40412],[-88.77897,30.3959],[-88.79554,30.3979]]}},{"type":"Feature","properties":{"day":65,"label":"Day 65","description":"Into Florida","miles":130},"geometry":{"type":"LineString","coordinates":[[-88.79047,30.39538],[-88.78876,30.39746],[-88.78635,30.39583],[-88.77914,30.39568],[-88.77811,30.40397],[-88.77914,30.41211],[-88.6389,30.38961],[-88.55478,30.3711],[-88.53865,30.3708],[-88.4408,30.43284],[-88.40321,30.47324],[-88.35669,30.49202],[-88.31755,30.50001],[-88.29575,30.50726],[-88.21678,30.54851],[-88.17919,30.57645],[-88.16099,30.5865],[-88.1567,30.59093],[-88.14863,30.60467],[-88.13421,30.62019],[-88.12803,30.62373],[-88.11773,30.62595],[-88.11121,30.6292],[-88.08889,30.64042],[-88.07104,30.65179],[-88.05147,30.66568],[-88.04358,30.6766],[-88.04152,30.68871],[-88.02607,30.6921],[-87.99294,30.68177],[-87.97852,30.67173],[-87.96547,30.66523],[-87.9241,30.65504],[-87.85149,30.66331],[-87.83672,30.66169],[-87.78952,30.65209],[-87.72806,30.65076],[-87.71038,30.64544],[-87.69167,30.64205],[-87.68137,30.63732],[-87.61528,30.6292],[-87.60378,30.62624],[-87.57271,30.61369],[-87.53494,30.58709],[-87.51692,30.58118],[-87.48705,30.58074],[-87.47006,30.57748],[-87.42319,30.57689],[-87.37307,30.56108],[-87.32019,30.52486],[-87.28329,30.50563],[-87.26681,30.50238],[-87.2596,30.50415],[-87.23024,30.50371],[-87.23059,30.48256],[-87.22355,30.45474],[-87.21754,30.44645],[-87.21514,30.43432],[-87.21617,30.43032],[-87.21205,30.417],[-87.20776,30.41581],[-87.19385,30.41804],[-87.17531,30.36962],[-87.17033,30.36606],[-87.16518,30.35836],[-87.16003,30.35777],[-87.14098,30.33332],[-87.15969,30.32843],[-87.24707,30.31806],[-87.27247,30.31954],[-87.29633,30.32873]]}},{"type":"Feature","properties":{"day":66,"label":"Day 66","description":"Across Florida","miles":192.8},"geometry":{"type":"LineString","coordinates":[[-87.29333,30.32718],[-87.26844,30.31821],[-87.23179,30.31903],[-87.15712,30.32873],[-87.13995,30.33347],[-87.09772,30.33962],[-87.09832,30.34125],[-87.10141,30.34133],[-87.12811,30.33488],[-87.14072,30.33362],[-87.14433,30.33636],[-87.16046,30.35799],[-87.16664,30.3591],[-87.17051,30.36628],[-87.17634,30.37154],[-87.19256,30.41522],[-87.19557,30.41841],[-87.20587,30.41759],[-87.21265,30.44749],[-87.21806,30.44675],[-87.22372,30.45459],[-87.23024,30.48093],[-87.22982,30.50186],[-87.22715,30.50393],[-87.1681,30.50297],[-87.12347,30.53388],[-87.07832,30.53447],[-86.97207,30.61546],[-86.9343,30.62875],[-86.84933,30.66996],[-86.77929,30.68856],[-86.73363,30.70509],[-86.68831,30.71468],[-86.6569,30.7166],[-86.62548,30.71306],[-86.5975,30.72014],[-86.58754,30.72457],[-86.55819,30.72649],[-86.50103,30.72664],[-86.47974,30.72074],[-86.43528,30.71749],[-86.36936,30.73372],[-86.33623,30.73284],[-86.3043,30.74523],[-86.27787,30.7501],[-86.24611,30.74833],[-86.23478,30.74611],[-86.21246,30.72782],[-86.18483,30.72147],[-86.14637,30.69476],[-86.1426,30.69373],[-86.11702,30.69166],[-86.02243,30.69033],[-85.96441,30.70125],[-85.9021,30.72782],[-85.85918,30.75113],[-85.79361,30.76042],[-85.72701,30.76013],[-85.70967,30.76308],[-85.65645,30.76205],[-85.63705,30.75703],[-85.56152,30.7501],[-85.54453,30.7467],[-85.47707,30.74479],[-85.41578,30.74744],[-85.37046,30.75511],[-85.33888,30.75762],[-85.32394,30.75644],[-85.3133,30.75806],[-85.28463,30.7574],[-85.22017,30.7287],[-85.16387,30.71646],[-85.10851,30.68546],[-85.08645,30.67955],[-85.06122,30.66966],[-85.02611,30.65061],[-85.01375,30.64899],[-84.99796,30.63983],[-84.98989,30.63865],[-84.965,30.64101],[-84.95487,30.63658],[-84.9317,30.63629],[-84.92105,30.63968],[-84.88844,30.62816],[-84.87059,30.63156],[-84.83437,30.6196],[-84.82424,30.61797],[-84.82012,30.61295],[-84.81171,30.60822],[-84.80707,30.60083],[-84.81154,30.60866],[-84.81857,30.61191],[-84.82286,30.61871],[-84.82784,30.63584],[-84.81909,30.64544],[-84.81857,30.65342],[-84.82063,30.65637],[-84.82613,30.65947],[-84.83952,30.67852],[-84.84192,30.68915],[-84.84055,30.69889],[-84.84329,30.70509],[-84.85291,30.7048],[-84.85754,30.70199]]}},{"type":"Feature","properties":{"day":67,"label":"Day 67","description":"Back into the Swamps","miles":160.7},"geometry":{"type":"LineString","coordinates":[[-84.79969,30.60334],[-84.79866,30.60009],[-84.80347,30.59921],[-84.80759,30.60128],[-84.81136,30.60896],[-84.82063,30.6128],[-84.82201,30.61841],[-84.8172,30.61841],[-84.80381,30.62255],[-84.77325,30.62019],[-84.76124,30.61339],[-84.75403,30.61073],[-84.74716,30.61044],[-84.73618,30.60364],[-84.73068,30.60246],[-84.71695,30.58768],[-84.70699,30.58059],[-84.64897,30.56315],[-84.60674,30.54186],[-84.56898,30.53092],[-84.53773,30.53062],[-84.50134,30.52678],[-84.46598,30.50844],[-84.44538,30.49543],[-84.41174,30.48596],[-84.38667,30.48478],[-84.35886,30.47915],[-84.33106,30.47797],[-84.3029,30.48448],[-84.25964,30.50105],[-84.25381,30.50193],[-84.23424,30.50164],[-84.20574,30.49838],[-84.17965,30.49809],[-84.14806,30.47945],[-84.14394,30.47856],[-84.06429,30.47797],[-84.05605,30.48122],[-84.02069,30.48921],[-83.98979,30.48981],[-83.95271,30.48685],[-83.94035,30.47856],[-83.89881,30.47768],[-83.87787,30.47294],[-83.82362,30.47235],[-83.76457,30.45667],[-83.73985,30.44542],[-83.67497,30.44453],[-83.64681,30.43624],[-83.59737,30.43121],[-83.55926,30.43003],[-83.51772,30.43624],[-83.46485,30.43506],[-83.4494,30.42825],[-83.43086,30.41315],[-83.37044,30.39834],[-83.35224,30.39568],[-83.31619,30.3862],[-83.3004,30.37969],[-83.218,30.36162],[-83.17509,30.3551],[-83.10711,30.33703],[-83.10299,30.33673],[-83.07552,30.34977],[-83.05458,30.34977],[-83.03535,30.35243],[-82.99244,30.34829],[-82.98523,30.34592],[-82.94746,30.31984],[-82.90627,30.29909],[-82.8788,30.29168],[-82.83245,30.28516],[-82.80636,30.27597],[-82.7401,30.26322],[-82.69272,30.24543],[-82.66766,30.24543],[-82.63882,30.24216],[-82.63676,30.18906],[-82.62062,30.18935],[-82.59933,30.18609],[-82.58182,30.18846],[-82.53925,30.18876],[-82.48055,30.19944],[-82.40999,30.20671],[-82.41068,30.22303],[-82.41325,30.23623],[-82.41892,30.23935],[-82.4275,30.24127],[-82.43265,30.23816]]}},{"type":"Feature","properties":{"day":71,"label":"Day 71","description":"To Orlando","miles":165.3},"geometry":{"type":"LineString","coordinates":[[-82.43403,30.23979],[-82.42699,30.24112],[-82.42209,30.24023],[-82.41317,30.23549],[-82.41068,30.22296],[-82.40991,30.20642],[-82.42888,30.20441],[-82.42836,30.19358],[-82.41274,30.17845],[-82.40416,30.15915],[-82.40107,30.14773],[-82.38253,30.13243],[-82.38098,30.11766],[-82.37094,30.09435],[-82.35841,30.07934],[-82.35755,30.02786],[-82.34433,30.02303],[-82.34493,30.01798],[-82.35403,30.01723],[-82.40244,29.97338],[-82.40793,29.96624],[-82.41343,29.95449],[-82.42407,29.95018],[-82.42373,29.9289],[-82.4275,29.91849],[-82.42287,29.9109],[-82.42355,29.88501],[-82.42132,29.88143],[-82.41222,29.87399],[-82.40484,29.85345],[-82.40433,29.83558],[-82.38888,29.82292],[-82.38476,29.79999],[-82.36879,29.77183],[-82.35764,29.75812],[-82.35558,29.75111],[-82.35369,29.73934],[-82.35317,29.71131],[-82.35712,29.70639],[-82.36811,29.70147],[-82.3724,29.69655],[-82.37274,29.62689],[-82.3712,29.60391],[-82.37343,29.60197],[-82.3597,29.58585],[-82.34339,29.55673],[-82.33103,29.5424],[-82.31936,29.53329],[-82.30871,29.52134],[-82.30064,29.51028],[-82.29172,29.49041],[-82.27301,29.4668],[-82.26202,29.42719],[-82.24056,29.39713],[-82.22237,29.35809],[-82.20589,29.30137],[-82.18992,29.25795],[-82.18992,29.23518],[-82.18512,29.22619],[-82.18443,29.22185],[-82.18477,29.07883],[-82.16194,29.03996],[-82.15147,29.00589],[-82.12812,28.9688],[-82.1125,28.93711],[-82.11079,28.91322],[-82.0931,28.88136],[-82.09087,28.8579],[-82.08178,28.84888],[-82.04985,28.83941],[-82.02925,28.82768],[-81.99097,28.79188],[-81.98324,28.78601],[-81.95612,28.77202],[-81.85312,28.67508],[-81.72987,28.61105],[-81.6988,28.57457],[-81.68352,28.56146],[-81.66155,28.55301],[-81.65279,28.55286],[-81.63597,28.54819],[-81.62722,28.54834],[-81.61606,28.54547],[-81.57143,28.54487],[-81.54894,28.54698],[-81.54087,28.54517],[-81.53641,28.54261],[-81.53194,28.53627],[-81.50946,28.52225],[-81.50311,28.51576],[-81.47924,28.50007],[-81.46723,28.4951],[-81.45521,28.48695],[-81.44302,28.47065],[-81.42242,28.45209],[-81.40938,28.43322],[-81.40474,28.43368],[-81.39736,28.4616],[-81.39702,28.47292],[-81.372,28.47284],[-81.37166,28.47122]]}},{"type":"Feature","properties":{"day":75,"label":"Day 75","description":"Into the Magic Kingdom","miles":29.4},"geometry":{"type":"LineString","coordinates":[[-81.37135,28.47118],[-81.37204,28.47284],[-81.39676,28.47265],[-81.39771,28.46156],[-81.40414,28.43862],[-81.40376,28.30446],[-81.46212,28.30487],[-81.47053,28.31934],[-81.4707,28.3258],[-81.4695,28.32577],[-81.46985,28.32403],[-81.46843,28.3235],[-81.47066,28.32354],[-81.4716,28.32818],[-81.47457,28.33169],[-81.47911,28.33302],[-81.48229,28.34069],[-81.49723,28.35764],[-81.51701,28.35885],[-81.53426,28.3655],[-81.54147,28.37992],[-81.5449,28.38294],[-81.55044,28.3834],[-81.54864,28.3797],[-81.55096,28.38223],[-81.56482,28.37894],[-81.56679,28.38072],[-81.57091,28.39359],[-81.57443,28.39529],[-81.57718,28.40182]]}},{"type":"Feature","properties":{"day":78,"label":"Day 78","description":"Out of Orlando","miles":62},"geometry":{"type":"LineString","coordinates":[[-81.46937,28.32456],[-81.47495,28.33181],[-81.47959,28.33317],[-81.48165,28.34042],[-81.50096,28.36233],[-81.50414,28.37645],[-81.47452,28.41118],[-81.47409,28.45677],[-81.47272,28.45949],[-81.46397,28.46643],[-81.45847,28.46869],[-81.45573,28.47367],[-81.43719,28.48891],[-81.42036,28.50747],[-81.41487,28.50913],[-81.39874,28.50958],[-81.38638,28.51803],[-81.38638,28.52904],[-81.38277,28.53643],[-81.38226,28.55316],[-81.3184,28.55407],[-81.29419,28.56734],[-81.23411,28.57035],[-81.19532,28.56553],[-81.14553,28.56553],[-81.09489,28.54954],[-81.08099,28.53808],[-81.07138,28.53612],[-80.98314,28.53688],[-80.93817,28.54381],[-80.89954,28.54412],[-80.8913,28.55015],[-80.88667,28.55075],[-80.85165,28.5512],[-80.85096,28.62084],[-80.86968,28.66612],[-80.875,28.66612],[-80.87517,28.66499]]}},{"type":"Feature","properties":{"day":79,"label":"Day 79","description":"Into Kennedy Space Center","miles":26.8},"geometry":{"type":"LineString","coordinates":[[-80.87525,28.66506],[-80.87611,28.66619],[-80.86324,28.66634],[-80.84847,28.66401],[-80.84495,28.66574],[-80.84187,28.65715],[-80.82041,28.62145],[-80.81672,28.61949],[-80.80796,28.61866],[-80.80839,28.60193],[-80.80273,28.59002],[-80.79809,28.57284],[-80.79869,28.55972],[-80.78942,28.52805],[-80.66428,28.52624],[-80.65561,28.5601],[-80.65553,28.58128],[-80.64883,28.58271],[-80.64471,28.58693],[-80.61836,28.59587]]}},{"type":"Feature","properties":{"day":80,"label":"Day 80","description":"Into St Augustine","miles":133.8},"geometry":{"type":"LineString","coordinates":[[-80.87791,28.66408],[-80.87551,28.66408],[-80.87483,28.66604],[-80.96289,28.66604],[-81.02786,28.71317],[-81.06992,28.71792],[-81.1094,28.72891],[-81.1651,28.77827],[-81.17377,28.78338],[-81.18596,28.78722],[-81.27308,28.78677],[-81.27368,28.81565],[-81.28793,28.81723],[-81.29711,28.8243],[-81.30655,28.8261],[-81.32475,28.83528],[-81.32235,28.84355],[-81.32192,28.85565],[-81.30861,28.88271],[-81.30612,28.89263],[-81.30484,28.90397],[-81.29917,28.92366],[-81.29891,28.94311],[-81.33179,28.94289],[-81.33333,28.94447],[-81.33822,28.94244],[-81.33788,28.94364],[-81.33204,28.94469],[-81.33204,28.94266],[-81.32509,28.94394],[-81.29891,28.94364],[-81.29866,28.97308],[-81.28449,28.9724],[-81.25471,28.9525],[-81.25729,28.9519],[-81.25832,28.9531],[-81.24038,29.00837],[-81.1227,29.13274],[-81.11137,29.14047],[-81.07936,29.15381],[-81.07661,29.15876],[-81.08889,29.17929],[-81.13146,29.30189],[-81.13146,29.34956],[-81.1639,29.4242],[-81.20647,29.53523],[-81.24518,29.59458],[-81.27909,29.65636],[-81.2875,29.66262],[-81.31359,29.67724],[-81.32132,29.68477],[-81.34646,29.74806],[-81.32707,29.75618],[-81.27325,29.75722],[-81.25454,29.77086],[-81.26415,29.79879],[-81.27812,29.85036],[-81.28194,29.85929],[-81.28119,29.85546],[-81.28003,29.85551],[-81.28655,29.8806],[-81.29024,29.88424],[-81.29151,29.88809],[-81.30469,29.89291],[-81.314,29.89273],[-81.31475,29.89775],[-81.32065,29.89738],[-81.32166,29.89334],[-81.32464,29.89087],[-81.32366,29.88674],[-81.32518,29.8811],[-81.32312,29.86715]]}},{"type":"Feature","properties":{"day":82,"label":"Day 82","description":"Around St Augustine","miles":29.9},"geometry":{"type":"LineString","coordinates":[[-81.28183,29.85754],[-81.28155,29.86221],[-81.28651,29.8805],[-81.29007,29.88411],[-81.29162,29.88832],[-81.30484,29.89304],[-81.31402,29.89276],[-81.31475,29.89775],[-81.31674,29.89939],[-81.31462,29.89952],[-81.31267,29.89693],[-81.31142,29.89846],[-81.31344,29.89702],[-81.3128,29.89267],[-81.31619,29.89349],[-81.31037,29.88544],[-81.30919,29.88564],[-81.30954,29.89012],[-81.31371,29.89469],[-81.31194,29.89624],[-81.31507,29.90009],[-81.31975,29.89967],[-81.32151,29.90763],[-81.31638,29.90571],[-81.3211,29.90515],[-81.31973,29.89909],[-81.32155,29.89347],[-81.32477,29.89007],[-81.32207,29.82544],[-81.32301,29.81596],[-81.31288,29.75655],[-81.27381,29.7573],[-81.25432,29.77093],[-81.26385,29.7985],[-81.27827,29.85114],[-81.28179,29.85743]]}},{"type":"Feature","properties":{"day":83,"label":"Day 83","description":"Into GA","miles":103.4},"geometry":{"type":"LineString","coordinates":[[-81.28196,29.85736],[-81.28153,29.86264],[-81.28664,29.88065],[-81.29042,29.88449],[-81.29175,29.88836],[-81.30475,29.89301],[-81.31097,29.89286],[-81.31119,29.8958],[-81.31458,29.89944],[-81.3199,29.89903],[-81.32565,29.92492],[-81.35179,29.96761],[-81.44474,30.07088],[-81.53847,30.16524],[-81.53606,30.16888],[-81.51615,30.17689],[-81.51375,30.18104],[-81.51306,30.18668],[-81.51409,30.24098],[-81.52165,30.273],[-81.5213,30.28872],[-81.52542,30.31806],[-81.52954,30.32814],[-81.53744,30.33703],[-81.55495,30.35155],[-81.55529,30.35629],[-81.55117,30.36636],[-81.55495,30.38058],[-81.56456,30.40249],[-81.5649,30.417],[-81.56765,30.42203],[-81.58962,30.44098],[-81.61297,30.44719],[-81.62498,30.45607],[-81.64558,30.45962],[-81.64833,30.46466],[-81.64181,30.49099],[-81.6346,30.50607],[-81.63425,30.5114],[-81.63769,30.54245],[-81.64696,30.58059],[-81.64455,30.60393],[-81.6758,30.69609],[-81.67648,30.70199],[-81.65039,30.75393],[-81.67202,30.84742],[-81.68541,30.87748],[-81.68644,30.94611],[-81.66515,30.99291],[-81.65039,31.04529],[-81.60576,31.08999],[-81.57666,31.13496],[-81.57374,31.13709],[-81.58473,31.14209],[-81.57597,31.14679]]}},{"type":"Feature","properties":{"day":84,"label":"Day 84","description":"Georgia Coastal Islands","miles":63.9},"geometry":{"type":"LineString","coordinates":[[-81.57636,31.14649],[-81.57494,31.14633],[-81.55842,31.16361],[-81.54091,31.17154],[-81.52508,31.19749],[-81.51993,31.20282],[-81.51662,31.20341],[-81.49753,31.20326],[-81.48899,31.19636],[-81.46912,31.19224],[-81.47654,31.16225],[-81.47512,31.16133],[-81.45066,31.16305],[-81.42796,31.17201],[-81.41672,31.16963],[-81.41075,31.16618],[-81.4044,31.16592],[-81.38668,31.15799],[-81.3808,31.15692],[-81.38093,31.14906],[-81.38294,31.14455],[-81.39041,31.1354],[-81.39625,31.13731],[-81.40127,31.14836],[-81.40646,31.15439],[-81.40878,31.16228],[-81.40659,31.16548],[-81.41032,31.16585],[-81.4159,31.16944],[-81.43088,31.17161],[-81.44963,31.16335],[-81.47723,31.16052],[-81.47873,31.15692],[-81.47667,31.14855],[-81.47916,31.1415],[-81.47924,31.13062],[-81.48808,31.11064],[-81.49341,31.10593],[-81.4716,31.07852],[-81.4347,31.04882],[-81.4159,31.0472],[-81.42011,31.03345],[-81.41959,31.028],[-81.42809,31.02065],[-81.43264,31.01918],[-81.43058,31.01763],[-81.42672,31.01793],[-81.42079,31.02308],[-81.41702,31.02874],[-81.41779,31.03249],[-81.41169,31.04771],[-81.41822,31.04786],[-81.41993,31.04977],[-81.42114,31.05374],[-81.41835,31.05867],[-81.42049,31.06282],[-81.42526,31.06654],[-81.42663,31.07426],[-81.41607,31.09631],[-81.41324,31.10417],[-81.41453,31.10652],[-81.40972,31.10667],[-81.40423,31.10101],[-81.4032,31.08131],[-81.405,31.07161],[-81.40449,31.06543],[-81.40672,31.05896],[-81.41213,31.04742],[-81.43324,31.04779],[-81.46972,31.07668],[-81.49358,31.10557],[-81.50036,31.10586],[-81.53581,31.11483],[-81.55915,31.13114],[-81.58447,31.14172],[-81.57597,31.14554]]}},{"type":"Feature","properties":{"day":85,"label":"Day 85","description":"Into Savannah","miles":121.8},"geometry":{"type":"LineString","coordinates":[[-81.57718,31.14613],[-81.57632,31.14532],[-81.58439,31.14194],[-81.57349,31.13746],[-81.57297,31.14084],[-81.55598,31.16295],[-81.54482,31.18094],[-81.53237,31.21185],[-81.50019,31.24524],[-81.47658,31.31574],[-81.46259,31.34579],[-81.44362,31.41467],[-81.4432,31.42573],[-81.44723,31.47904],[-81.4432,31.55294],[-81.43985,31.56347],[-81.39307,31.65769],[-81.38783,31.73255],[-81.3753,31.79086],[-81.33256,31.87151],[-81.32346,31.89716],[-81.32346,31.90416],[-81.33599,31.94379],[-81.33436,31.95311],[-81.33119,31.95813],[-81.27711,32.01266],[-81.23669,32.09297],[-81.24089,32.14146],[-81.23978,32.1488],[-81.2342,32.15549],[-81.21497,32.16697],[-81.19454,32.19109],[-81.1924,32.18506],[-81.18828,32.18084],[-81.18639,32.16762],[-81.18072,32.15411],[-81.16528,32.15701],[-81.16425,32.16123],[-81.15858,32.16515],[-81.11721,32.16588],[-81.0803,32.17968],[-81.07842,32.18084],[-81.07189,32.20859],[-81.07275,32.21643],[-81.06606,32.20801],[-81.05438,32.20045],[-81.02984,32.19552],[-81.02915,32.18967],[-81.03031,32.18727],[-81.02773,32.17928],[-81.0285,32.17579],[-81.05473,32.15313],[-81.05215,32.13972],[-81.0549,32.13201],[-81.08459,32.10657],[-81.10485,32.08148],[-81.08992,32.07556],[-81.09359,32.07621],[-81.0953,32.07114],[-81.09367,32.07136],[-81.09399,32.07036],[-81.09507,32.07063],[-81.09719,32.0649],[-81.09831,32.06525],[-81.09552,32.07272],[-81.09228,32.07037],[-81.09129,32.07412],[-81.08376,32.07199],[-81.07777,32.06296],[-81.06981,32.06032],[-81.06466,32.04797],[-81.04657,32.04544],[-81.04627,32.04333],[-81.04348,32.04297],[-81.04327,32.04686],[-81.04539,32.04748],[-81.05063,32.04528],[-81.0646,32.0481],[-81.06994,32.06023],[-81.07181,32.06105],[-81.07262,32.05575],[-81.06882,32.04903],[-81.07071,32.04182],[-81.0844,32.03375],[-81.08884,32.02063],[-81.07848,32.00478],[-81.08399,31.99022],[-81.07631,31.98981],[-81.07432,31.98575],[-81.07535,31.98502]]}},{"type":"Feature","properties":{"day":86,"label":"Day 86","description":"Around Savannah","miles":61.2},"geometry":{"type":"LineString","coordinates":[[-81.02846,32.18506],[-81.03001,32.18447],[-81.03035,32.18578],[-81.02966,32.19581],[-81.03807,32.19639],[-81.05558,32.20089],[-81.06503,32.20685],[-81.0755,32.22398],[-81.09678,32.23633],[-81.10468,32.24896],[-81.10588,32.25462],[-81.11996,32.25418],[-81.1282,32.25172],[-81.16373,32.22674],[-81.21368,32.16849],[-81.23548,32.15469],[-81.2396,32.15004],[-81.24115,32.14204],[-81.23651,32.09523],[-81.23737,32.09057],[-81.27634,32.01375],[-81.28458,32.00502],[-81.25368,32.00109],[-81.2499,31.99905],[-81.27239,31.99526],[-81.29145,31.97707],[-81.27188,31.99468],[-81.24922,31.9992],[-81.23737,32.00778],[-81.2166,32.03587],[-81.21386,32.03762],[-81.13472,32.05559],[-81.12069,32.05748],[-81.10202,32.0525],[-81.10172,32.05479],[-81.1003,32.05344],[-81.09065,32.0793],[-81.09695,32.08108],[-81.09906,32.0757],[-81.09631,32.08014],[-81.08472,32.07701],[-81.09464,32.05053],[-81.06412,32.04115],[-81.07902,32.0107],[-81.077,32.00367],[-81.07807,31.99323],[-81.07412,31.98529],[-81.06897,31.98052],[-81.06966,31.96312]]}},{"type":"Feature","properties":{"day":87,"label":"Day 87","description":"to Charleston","miles":166.3},"geometry":{"type":"LineString","coordinates":[[-81.29213,31.9775],[-81.29059,31.97707],[-81.27239,31.99483],[-81.25128,31.99847],[-81.24802,32.00021],[-81.28166,32.00444],[-81.23634,32.09479],[-81.24063,32.14568],[-81.23772,32.1528],[-81.21557,32.16646],[-81.16716,32.22398],[-81.12837,32.25186],[-81.12116,32.25389],[-81.10794,32.25389],[-81.09781,32.25767],[-81.07069,32.28176],[-81.0597,32.30658],[-81.05764,32.31992],[-81.01095,32.41692],[-81.00151,32.42866],[-80.9919,32.44981],[-80.97834,32.46444],[-80.96993,32.47907],[-80.9713,32.50368],[-80.93903,32.57054],[-80.91946,32.59253],[-80.90126,32.60121],[-80.89783,32.60468],[-80.88993,32.61971],[-80.88135,32.63186],[-80.88169,32.63706],[-80.8865,32.64863],[-80.87894,32.69371],[-80.8635,32.71393],[-80.83946,32.74022],[-80.81474,32.76274],[-80.79208,32.77977],[-80.77423,32.79593],[-80.76736,32.80834],[-80.74882,32.82652],[-80.71724,32.87642],[-80.71346,32.88853],[-80.70007,32.90986],[-80.69492,32.92311],[-80.68806,32.93234],[-80.67707,32.96576],[-80.6654,33.02076],[-80.66917,33.04608],[-80.64583,33.09844],[-80.63999,33.12634],[-80.62592,33.14646],[-80.62111,33.16342],[-80.59982,33.2071],[-80.59673,33.22088],[-80.58369,33.23811],[-80.57579,33.25821],[-80.55862,33.29237],[-80.55382,33.30987],[-80.54798,33.31819],[-80.52189,33.29151],[-80.50198,33.2806],[-80.47863,33.26223],[-80.45666,33.23696],[-80.4261,33.22375],[-80.38216,33.18411],[-80.34748,33.15537],[-80.2692,33.11685],[-80.23075,33.09384],[-80.2074,33.08234],[-80.16655,33.05472],[-80.13771,33.02766],[-80.09995,33.00348],[-80.0948,32.99794],[-80.1008,32.98966],[-80.09299,32.98484],[-80.09231,32.98584],[-80.08724,32.98145],[-80.07926,32.97936],[-80.07651,32.97591],[-80.07282,32.96266],[-80.05343,32.94393],[-80.04235,32.92578],[-80.02999,32.91425],[-80.01892,32.89566],[-80.01969,32.88348],[-80.01257,32.8731],[-79.99764,32.86467],[-79.98854,32.85479],[-79.98734,32.84895],[-79.98467,32.84527],[-79.96948,32.84188],[-79.95652,32.83207],[-79.95326,32.82508],[-79.95498,32.81837],[-79.95369,32.81339],[-79.94983,32.80993],[-79.94768,32.80358],[-79.94485,32.80307],[-79.93189,32.78338],[-79.93032,32.77037],[-79.93197,32.77061],[-79.93481,32.77755],[-79.92556,32.77896],[-79.92572,32.78028],[-79.93133,32.7794],[-79.93151,32.78061]]}},{"type":"Feature","properties":{"day":89,"label":"Day 89","description":"To Ft Sumter","miles":47.1},"geometry":{"type":"LineString","coordinates":[[-80.09261,32.98584],[-80.09325,32.98502],[-80.08767,32.9817],[-80.07698,32.97904],[-80.07351,32.96356],[-80.05274,32.94314],[-80.04364,32.92776],[-80.03055,32.91479],[-80.01909,32.89584],[-80.02004,32.88463],[-80.01317,32.87375],[-80.00613,32.86841],[-79.99751,32.86452],[-79.98837,32.85482],[-79.98716,32.84779],[-79.98364,32.84451],[-79.9688,32.84156],[-79.95717,32.83279],[-79.95339,32.82573],[-79.95493,32.81945],[-79.95395,32.81444],[-79.9503,32.81069],[-79.94644,32.80134],[-79.9427,32.79705],[-79.94116,32.79712],[-79.93421,32.78663],[-79.92421,32.79077],[-79.91846,32.77829],[-79.90618,32.76721],[-79.8746,32.75216],[-79.92382,32.79085],[-79.92691,32.7898],[-79.92622,32.78331],[-79.92845,32.78386],[-79.92704,32.77694],[-79.93107,32.77643],[-79.93182,32.78329],[-79.93438,32.78668],[-79.92944,32.78879],[-79.93524,32.80026],[-79.94099,32.80423],[-79.94309,32.8078],[-79.95141,32.81253],[-79.9533,32.83121],[-79.96807,32.84433],[-79.97111,32.85262],[-79.98455,32.86005],[-79.99429,32.87169],[-80.00321,32.87533],[-80.03952,32.93731],[-80.04591,32.96932],[-80.05132,32.97263],[-80.08686,32.98138],[-80.09359,32.98523],[-80.09299,32.9861]]}},{"type":"Feature","properties":{"day":90,"label":"Day 90","description":"Around Charleston","miles":33.1},"geometry":{"type":"LineString","coordinates":[[-80.09252,32.98592],[-80.09329,32.98512],[-80.08819,32.98196],[-80.07711,32.97908],[-80.07261,32.9619],[-80.05368,32.94415],[-80.04317,32.92708],[-80.03051,32.91476],[-80.01926,32.89609],[-80.01978,32.88391],[-80.01188,32.87249],[-79.99828,32.86531],[-79.98764,32.85309],[-79.98184,32.85266],[-79.97888,32.85655],[-79.98193,32.85832],[-79.96892,32.86326],[-79.96742,32.86005],[-79.95656,32.85439],[-79.96163,32.84841],[-79.95665,32.84145],[-79.95232,32.83041],[-79.95081,32.81566],[-79.9421,32.8166],[-79.94249,32.81559],[-79.9409,32.81693],[-79.94669,32.81808],[-79.94519,32.81137],[-79.94906,32.81011],[-79.93914,32.79406],[-79.94253,32.79243],[-79.93991,32.78861],[-79.94124,32.78818],[-79.94403,32.79196],[-79.94729,32.79038],[-79.9397,32.77595],[-79.93953,32.77223],[-79.92871,32.77017],[-79.92713,32.77692],[-79.93112,32.7766],[-79.9309,32.77472],[-79.93249,32.77461],[-79.93288,32.77779],[-79.93609,32.77757],[-79.93635,32.7802],[-79.92863,32.78392],[-79.92906,32.78515],[-79.93451,32.78316],[-79.93537,32.78428],[-79.93622,32.78598],[-79.92953,32.78886],[-79.93494,32.79972],[-79.94094,32.80437],[-79.93343,32.80513],[-79.89945,32.80105],[-79.88949,32.80531],[-79.86417,32.81177],[-79.86622,32.81162],[-79.86681,32.81401]]}},{"type":"Feature","properties":{"day":91,"label":"Day 91","description":"Across South Carolina","miles":99.8},"geometry":{"type":"LineString","coordinates":[[-80.09222,32.98613],[-80.09334,32.98512],[-80.0984,32.98822],[-80.1432,33.01766],[-80.15711,33.0191],[-80.18621,33.03443],[-80.19882,33.03371],[-80.23521,33.05335],[-80.26148,33.0796],[-80.26749,33.09248],[-80.27744,33.09758],[-80.34087,33.13949],[-80.35521,33.14244],[-80.38078,33.13583],[-80.38937,33.1364],[-80.39812,33.14057],[-80.48309,33.16127],[-80.49751,33.16745],[-80.51107,33.1678],[-80.55519,33.17901],[-80.59347,33.19438],[-80.6139,33.19503],[-80.68411,33.22052],[-80.70934,33.22196],[-80.79938,33.24701],[-80.81526,33.2529],[-80.81637,33.24996],[-80.82667,33.25103],[-80.88924,33.23136],[-80.92383,33.24587],[-80.93456,33.25556],[-80.95688,33.26711],[-80.961,33.27357],[-80.9713,33.28146],[-80.9864,33.28469],[-80.9937,33.28469],[-81.06674,33.30514],[-81.07172,33.30772],[-81.10107,33.31532],[-81.12348,33.32565],[-81.14459,33.32666],[-81.16159,33.33483],[-81.19034,33.34351],[-81.21712,33.34881],[-81.22922,33.34924],[-81.24046,33.34344],[-81.25763,33.34831],[-81.26484,33.35333],[-81.2772,33.3539],[-81.28132,33.35605],[-81.3275,33.36623],[-81.37831,33.38086],[-81.39599,33.38788],[-81.42534,33.40293],[-81.43805,33.40422],[-81.45744,33.41296],[-81.46946,33.41439],[-81.47547,33.41711],[-81.49401,33.45422],[-81.50757,33.4724],[-81.50843,33.47813],[-81.5165,33.48414],[-81.51684,33.48973],[-81.51289,33.4986],[-81.50499,33.5092],[-81.50482,33.51607],[-81.49538,33.52723],[-81.48954,33.55055]]}},{"type":"Feature","properties":{"day":96,"label":"Day 96","description":"Into Atlanta","miles":181},"geometry":{"type":"LineString","coordinates":[[-81.48946,33.55048],[-81.49727,33.54933],[-81.51177,33.55291],[-81.54645,33.55055],[-81.55538,33.54776],[-81.58756,33.53231],[-81.60482,33.53131],[-81.61683,33.52766],[-81.62026,33.52422],[-81.63451,33.52766],[-81.64996,33.5361],[-81.6782,33.54483],[-81.68816,33.55084],[-81.72249,33.56228],[-81.71905,33.56972],[-81.72077,33.57458],[-81.71974,33.58574],[-81.72317,33.58946],[-81.72626,33.59918],[-81.72489,33.60833],[-81.73244,33.62062],[-81.73485,33.63092],[-81.74068,33.63949],[-81.78635,33.63377],[-81.8224,33.62262],[-81.84437,33.60719],[-81.866,33.60118],[-81.88625,33.58459],[-81.89999,33.57916],[-81.91338,33.57115],[-81.9381,33.56457],[-81.95355,33.55027],[-82.00298,33.5371],[-82.03388,33.52022],[-82.04727,33.50848],[-82.05997,33.50276],[-82.08435,33.49331],[-82.14924,33.47813],[-82.38339,33.50505],[-82.47574,33.51421],[-82.57084,33.50476],[-82.59933,33.49674],[-82.61993,33.49502],[-82.65667,33.48901],[-82.71298,33.50304],[-82.76585,33.5039],[-82.81391,33.49817],[-82.87708,33.52394],[-82.90695,33.52995],[-82.93201,33.52995],[-82.95055,33.52737],[-82.98729,33.53224],[-83.00068,33.53853],[-83.05613,33.55012],[-83.07861,33.54411],[-83.13217,33.54941],[-83.21182,33.5454],[-83.24547,33.53581],[-83.2901,33.53295],[-83.37181,33.55484],[-83.40546,33.5537],[-83.48648,33.55556],[-83.53781,33.57844],[-83.5651,33.57659],[-83.57712,33.57816],[-83.63102,33.59289],[-83.65848,33.60218],[-83.70981,33.61104],[-83.7505,33.61248],[-83.79152,33.61019],[-83.82345,33.61262],[-83.83495,33.61519],[-83.85847,33.61505],[-83.8686,33.60933],[-83.87632,33.60733],[-83.89435,33.6129],[-83.91306,33.61433],[-83.92628,33.61719],[-83.94379,33.62763],[-83.97323,33.63277],[-84.00215,33.65235],[-84.01983,33.65821],[-84.03236,33.66621],[-84.05554,33.6745],[-84.05949,33.67735],[-84.06876,33.68964],[-84.09433,33.70278],[-84.11304,33.70106],[-84.13227,33.70392],[-84.19046,33.70264],[-84.21106,33.71077],[-84.23698,33.71435],[-84.2387,33.71863],[-84.2308,33.73176],[-84.23218,33.76816],[-84.2363,33.77472],[-84.24488,33.78157],[-84.24917,33.79584],[-84.25072,33.81641],[-84.26115,33.81107],[-84.26848,33.80928],[-84.2675,33.80443]]}},{"type":"Feature","properties":{"day":97,"label":"Day 97","description":"Around Atlanta","miles":22.4},"geometry":{"type":"LineString","coordinates":[[-84.27883,33.80244],[-84.28235,33.79866],[-84.28282,33.79513],[-84.29359,33.78432],[-84.29501,33.78107],[-84.29488,33.77555],[-84.2802,33.77647],[-84.27956,33.77472],[-84.31136,33.76495],[-84.31608,33.76502],[-84.32556,33.76038],[-84.33573,33.76256],[-84.34912,33.76024],[-84.35547,33.75564],[-84.37097,33.75153],[-84.36813,33.74668],[-84.37341,33.74668],[-84.37367,33.73662],[-84.37187,33.73448],[-84.37367,33.73458],[-84.37367,33.73016],[-84.36848,33.73019],[-84.36792,33.74668],[-84.37942,33.7469],[-84.37946,33.7435],[-84.3871,33.74397],[-84.38826,33.74529],[-84.37822,33.75467],[-84.37903,33.76003],[-84.38933,33.76884],[-84.38744,33.76976],[-84.38775,33.78671],[-84.41178,33.78582],[-84.41349,33.78164],[-84.40646,33.77472],[-84.40002,33.77087],[-84.39036,33.77126],[-84.38985,33.76791],[-84.37989,33.75981],[-84.37873,33.75557],[-84.38238,33.75007]]}},{"type":"Feature","properties":{"day":99,"label":"Day 99","description":"To Stone Mountain","miles":52.9},"geometry":{"type":"LineString","coordinates":[[-84.27887,33.8024],[-84.26943,33.80914],[-84.25866,33.81224],[-84.21656,33.8336],[-84.19703,33.83492],[-84.18188,33.83082],[-84.16849,33.8208],[-84.15171,33.82401],[-84.1318,33.82265],[-84.13425,33.81945],[-84.12755,33.81585],[-84.12952,33.81132],[-84.12356,33.80397],[-84.12334,33.79709],[-84.12862,33.79502],[-84.14596,33.79527],[-84.15111,33.7978],[-84.15094,33.79944],[-84.13472,33.79908],[-84.13446,33.80376],[-84.13862,33.81235],[-84.14592,33.81431],[-84.14669,33.81745],[-84.14502,33.81887],[-84.13832,33.81845],[-84.13231,33.8213],[-84.13914,33.82351],[-84.15107,33.82419],[-84.16695,33.82062],[-84.17038,33.82158],[-84.17609,33.8274],[-84.18433,33.83178],[-84.19549,33.83488],[-84.21295,33.8347],[-84.2602,33.81146],[-84.27454,33.80743],[-84.2823,33.79855],[-84.29011,33.79356],[-84.30385,33.79049],[-84.31415,33.7922],[-84.32202,33.78858],[-84.32782,33.79077],[-84.32578,33.78828],[-84.32908,33.78739],[-84.33814,33.79106],[-84.34908,33.77376],[-84.37011,33.7739],[-84.38749,33.77137],[-84.38783,33.79659],[-84.39234,33.79983],[-84.39388,33.80607],[-84.39247,33.81331],[-84.3895,33.81713],[-84.39397,33.80718],[-84.39217,33.79905],[-84.3932,33.79498],[-84.39079,33.78999],[-84.39011,33.76873],[-84.38015,33.76124],[-84.37809,33.75532],[-84.38393,33.74797],[-84.36822,33.74668],[-84.34916,33.74768],[-84.34916,33.76024],[-84.33612,33.76274],[-84.32625,33.76024],[-84.31698,33.76452],[-84.27964,33.77479],[-84.28033,33.77772],[-84.27621,33.78421],[-84.27655,33.79384],[-84.28076,33.80033],[-84.27861,33.80226]]}},{"type":"Feature","properties":{"day":99,"label":"Day 99","description":"Out of Atlanta","miles":118.1},"geometry":{"type":"LineString","coordinates":[[-84.27883,33.8024],[-84.28986,33.79363],[-84.30651,33.79045],[-84.30582,33.79727],[-84.31063,33.80311],[-84.30788,33.81271],[-84.31535,33.82194],[-84.32964,33.82761],[-84.31518,33.83749],[-84.30041,33.83916],[-84.28445,33.84633],[-84.28127,33.85491],[-84.27866,33.85595],[-84.26441,33.85577],[-84.26136,33.85099],[-84.25376,33.84693],[-84.2472,33.84654],[-84.24831,33.83827],[-84.25231,33.82918],[-84.25218,33.82101],[-84.24956,33.8187],[-84.24668,33.8187],[-84.21544,33.83403],[-84.19999,33.83442],[-84.20029,33.85559],[-84.18922,33.85798],[-84.18746,33.86079],[-84.18806,33.86731],[-84.17772,33.8692],[-84.1618,33.88299],[-84.16604,33.88577],[-84.16544,33.89047],[-84.16274,33.89347],[-84.15978,33.90369],[-84.156,33.90608],[-84.15729,33.90967],[-84.16501,33.91826],[-84.17218,33.92257],[-84.17561,33.92773],[-84.16197,33.93417],[-84.15244,33.94122],[-84.09399,33.96927],[-84.08275,33.98999],[-84.06172,34.01951],[-84.0303,34.04391],[-84.02043,34.05934],[-84.0085,34.06809],[-83.99503,34.08387],[-83.97803,34.11202],[-83.96344,34.12793],[-83.9304,34.15585],[-83.91958,34.17268],[-83.89435,34.19952],[-83.88328,34.21365],[-83.86122,34.22841],[-83.84955,34.23231],[-83.84242,34.23714],[-83.83581,34.24544],[-83.8256,34.25296],[-83.82216,34.25757],[-83.82036,34.26679],[-83.81135,34.27623],[-83.8032,34.28913],[-83.80062,34.29084],[-83.79873,34.29722],[-83.78809,34.30984],[-83.78878,34.31934],[-83.78466,34.32841],[-83.77745,34.33748],[-83.76698,34.34712],[-83.75582,34.35166],[-83.74123,34.36441],[-83.71273,34.3807],[-83.70707,34.38595],[-83.65574,34.41711],[-83.64647,34.42688],[-83.62862,34.43934],[-83.6245,34.44528],[-83.6166,34.44981],[-83.58999,34.47713],[-83.56476,34.50868],[-83.54227,34.52296],[-83.54038,34.53725],[-83.53111,34.55308],[-83.52407,34.56029],[-83.51429,34.56369],[-83.48202,34.56468],[-83.47223,34.57217],[-83.46193,34.57655],[-83.44906,34.58941],[-83.44288,34.59195],[-83.44133,34.59591],[-83.44906,34.60834],[-83.44717,34.62417],[-83.45077,34.63942],[-83.45009,34.64549],[-83.43515,34.66004],[-83.43018,34.67275],[-83.42485,34.67995],[-83.42451,34.68969],[-83.41936,34.69787],[-83.40185,34.71269],[-83.39928,34.71848],[-83.39121,34.72426],[-83.38881,34.73301],[-83.39052,34.73611],[-83.39928,34.74119],[-83.40168,34.74584],[-83.40168,34.7481],[-83.39636,34.75487],[-83.39739,34.76855],[-83.3943,34.77363],[-83.3955,34.77729],[-83.39979,34.77927],[-83.40426,34.7866],[-83.42606,34.80309],[-83.42348,34.82043],[-83.4264,34.8317],[-83.42073,34.83889],[-83.41112,34.84621],[-83.40477,34.86354],[-83.39756,34.87635],[-83.39499,34.88663],[-83.3919,34.88987],[-83.39327,34.89565],[-83.39112,34.90592],[-83.38769,34.91036],[-83.39284,34.90839],[-83.39765,34.91528],[-83.40503,34.91522],[-83.40709,34.91747],[-83.41035,34.91395],[-83.41164,34.90973],[-83.40975,34.90698],[-83.41267,34.90635],[-83.40795,34.90592],[-83.40889,34.90698]]}},{"type":"Feature","properties":{"day":100,"label":"Day 100","description":"Into North Carolina","miles":67.3},"geometry":{"type":"LineString","coordinates":[[-83.41052,34.90557],[-83.41275,34.90663],[-83.41026,34.9074],[-83.41155,34.90994],[-83.40777,34.91747],[-83.40477,34.91514],[-83.39812,34.91543],[-83.39262,34.90849],[-83.38773,34.91008],[-83.38546,34.92092],[-83.38906,34.93091],[-83.38915,34.93548],[-83.38614,34.95497],[-83.38889,34.96545],[-83.38366,34.97572],[-83.38451,34.9862],[-83.38168,34.99513],[-83.38391,35.00757],[-83.38743,35.01299],[-83.38202,35.02248],[-83.38537,35.05319],[-83.38863,35.06675],[-83.38511,35.07742],[-83.38323,35.0907],[-83.38606,35.10411],[-83.39825,35.13999],[-83.39172,35.15388],[-83.39052,35.16918],[-83.38331,35.17647],[-83.38417,35.1811],[-83.38314,35.18181],[-83.38606,35.18545],[-83.39018,35.18742],[-83.39035,35.19022],[-83.3931,35.19247],[-83.39035,35.1999],[-83.39979,35.20734],[-83.39979,35.21603],[-83.39687,35.21884],[-83.39722,35.22893],[-83.39413,35.23945],[-83.39481,35.24618],[-83.39653,35.24842],[-83.40151,35.24842],[-83.40511,35.25165],[-83.40477,35.25347],[-83.40735,35.25557],[-83.40941,35.26202],[-83.41421,35.26202],[-83.41661,35.26791],[-83.42159,35.26651],[-83.4276,35.26707],[-83.4288,35.27155],[-83.43893,35.27239],[-83.44305,35.2787],[-83.45232,35.27898],[-83.45352,35.28192],[-83.45798,35.28248],[-83.4585,35.28472],[-83.46399,35.28542],[-83.46931,35.28388],[-83.47189,35.28627],[-83.48476,35.29019],[-83.49215,35.29845],[-83.49043,35.30196],[-83.49197,35.30196],[-83.49403,35.30504],[-83.49472,35.30406],[-83.49987,35.30714],[-83.50365,35.30714],[-83.50674,35.31162],[-83.50433,35.31232],[-83.50176,35.31639],[-83.50828,35.32017],[-83.50759,35.32437],[-83.50983,35.32507],[-83.50965,35.32633],[-83.5033,35.33263],[-83.50502,35.33487],[-83.50347,35.33809],[-83.49935,35.33963],[-83.5009,35.34356],[-83.49884,35.34607],[-83.49901,35.35462],[-83.49644,35.35588],[-83.49747,35.357],[-83.49609,35.35756],[-83.49609,35.36078],[-83.49867,35.36512],[-83.50365,35.36526],[-83.50382,35.37268],[-83.49541,35.38317],[-83.48476,35.38695],[-83.47532,35.39395],[-83.46949,35.40318],[-83.45781,35.40794],[-83.45489,35.412],[-83.44786,35.4141],[-83.43893,35.42039],[-83.43481,35.42529],[-83.40769,35.42613],[-83.39224,35.43536],[-83.37061,35.43788],[-83.36426,35.43242],[-83.35894,35.4313],[-83.34623,35.42277],[-83.33731,35.42263],[-83.33439,35.42067],[-83.32735,35.42543],[-83.32563,35.42725],[-83.32546,35.43788],[-83.31774,35.44403],[-83.31207,35.44473],[-83.30692,35.44878],[-83.30916,35.45396],[-83.31516,35.46095],[-83.3198,35.46291],[-83.32134,35.46654],[-83.31379,35.47241],[-83.32048,35.47689],[-83.32048,35.47954],[-83.31602,35.48374],[-83.31259,35.49953],[-83.30555,35.50023],[-83.2998,35.49897],[-83.29628,35.50247],[-83.30092,35.50771],[-83.30083,35.5112],[-83.298,35.51511],[-83.29542,35.5156],[-83.29165,35.51944],[-83.29104,35.52398],[-83.28152,35.52098],[-83.27695,35.52664],[-83.28523,35.53036],[-83.2827,35.53523]]}},{"type":"Feature","properties":{"day":101,"label":"Day 101","description":"Around Smokey Mountains","miles":80.1},"geometry":{"type":"LineString","coordinates":[[-83.28392,35.53209],[-83.28538,35.5323],[-83.28486,35.52978],[-83.27714,35.52734],[-83.27714,35.52615],[-83.28143,35.52112],[-83.29087,35.52398],[-83.29156,35.51944],[-83.29482,35.51763],[-83.29525,35.51574],[-83.298,35.51511],[-83.30083,35.51092],[-83.30092,35.5075],[-83.29628,35.50205],[-83.2998,35.49911],[-83.30109,35.49967],[-83.29886,35.50191],[-83.2992,35.50358],[-83.30435,35.50659],[-83.30675,35.51015],[-83.30795,35.52077],[-83.30443,35.52538],[-83.30315,35.53586],[-83.30014,35.53844],[-83.2992,35.5418],[-83.30881,35.54808],[-83.31121,35.55485],[-83.32048,35.5573],[-83.33276,35.564],[-83.34048,35.57454],[-83.34538,35.5774],[-83.34666,35.58062],[-83.35078,35.58118],[-83.35267,35.58341],[-83.3652,35.58823],[-83.39293,35.59451],[-83.41498,35.60281],[-83.41576,35.6019],[-83.41232,35.59814],[-83.39756,35.58781],[-83.39756,35.58627],[-83.39928,35.58585],[-83.40443,35.58669],[-83.40563,35.59004],[-83.41061,35.59381],[-83.4173,35.59548],[-83.424,35.60177],[-83.43618,35.60707],[-83.42314,35.61195],[-83.42331,35.61474],[-83.42537,35.61586],[-83.4197,35.61767],[-83.42039,35.61977],[-83.4185,35.62019],[-83.42073,35.6213],[-83.41902,35.62395],[-83.41679,35.62395],[-83.41867,35.62535],[-83.42571,35.61935],[-83.43241,35.61865],[-83.43962,35.6227],[-83.44769,35.62479],[-83.45077,35.62856],[-83.45575,35.63121],[-83.46022,35.63093],[-83.46228,35.63637],[-83.46399,35.63707],[-83.46794,35.63512],[-83.48133,35.64084],[-83.48631,35.63874],[-83.49352,35.63874],[-83.49815,35.64167],[-83.49369,35.63693],[-83.49506,35.63707],[-83.50433,35.64028],[-83.50553,35.64321],[-83.51034,35.6453],[-83.5148,35.65353],[-83.51841,35.65576],[-83.52116,35.6605],[-83.52682,35.66343],[-83.52665,35.67515],[-83.53609,35.68574],[-83.5191,35.7107],[-83.51034,35.7139],[-83.51154,35.71725],[-83.51,35.7245],[-83.51137,35.72673],[-83.51755,35.72673],[-83.52287,35.73871],[-83.51807,35.74108],[-83.51789,35.744],[-83.51875,35.74164],[-83.5227,35.74066],[-83.52356,35.73759],[-83.51944,35.72798],[-83.51446,35.72422],[-83.51704,35.72171],[-83.5215,35.72073],[-83.52236,35.71892],[-83.53352,35.71641],[-83.52682,35.71251],[-83.53317,35.71112],[-83.5342,35.70819],[-83.52871,35.70331],[-83.53128,35.69369],[-83.53678,35.68658],[-83.53626,35.68463],[-83.54176,35.6863],[-83.54622,35.6824],[-83.56493,35.67626],[-83.55892,35.67082],[-83.57506,35.67319],[-83.59823,35.66636],[-83.60201,35.66692],[-83.60681,35.6619],[-83.61214,35.66483],[-83.61763,35.66302],[-83.62158,35.66427],[-83.62364,35.66176],[-83.6245,35.66762],[-83.62638,35.67013],[-83.62827,35.66957],[-83.62793,35.66636],[-83.6305,35.66315],[-83.63462,35.66329],[-83.63737,35.66985],[-83.63995,35.6725],[-83.64527,35.67264],[-83.65076,35.68156],[-83.65437,35.67919],[-83.65711,35.67947],[-83.65557,35.67417],[-83.66243,35.67501],[-83.66518,35.67375],[-83.66295,35.66831],[-83.6693,35.66887],[-83.66981,35.67124],[-83.67239,35.67194],[-83.6772,35.66706],[-83.67891,35.66804],[-83.67874,35.67138],[-83.68338,35.66929],[-83.68149,35.66748],[-83.68303,35.66594],[-83.68595,35.6665],[-83.68887,35.66455],[-83.69024,35.66497],[-83.69179,35.6725],[-83.69436,35.67459],[-83.69453,35.66553],[-83.69986,35.6679],[-83.69848,35.66553],[-83.70037,35.66385],[-83.70054,35.6605],[-83.7026,35.65967],[-83.70346,35.66155],[-83.70638,35.66239],[-83.70672,35.65981],[-83.7099,35.65876],[-83.70887,35.65102],[-83.71222,35.65004],[-83.71428,35.65109],[-83.71865,35.64704],[-83.71702,35.64397],[-83.71453,35.64377],[-83.71462,35.64098],[-83.72337,35.63944],[-83.72252,35.63707],[-83.72578,35.63609],[-83.72621,35.62695],[-83.7299,35.62605],[-83.73333,35.61935],[-83.73797,35.61635],[-83.74071,35.61635],[-83.74474,35.61286],[-83.74577,35.60484],[-83.75582,35.60232],[-83.77908,35.60686],[-83.79067,35.607],[-83.80165,35.60491],[-83.80774,35.60728],[-83.81289,35.60644],[-83.82671,35.60804],[-83.83324,35.60672],[-83.83719,35.60142],[-83.84354,35.60009],[-83.84491,35.58976],[-83.84131,35.58711],[-83.83169,35.58955],[-83.82551,35.58801],[-83.81907,35.58983],[-83.81324,35.58808],[-83.80268,35.58871],[-83.79813,35.59053],[-83.79538,35.59493],[-83.79195,35.59409],[-83.78775,35.59541],[-83.78612,35.59939],[-83.7741,35.60616]]}},{"type":"Feature","properties":{"day":102,"label":"Day 102","description":"Into Tennessee","miles":147.1},"geometry":{"type":"LineString","coordinates":[[-83.28358,35.53223],[-83.28529,35.53265],[-83.28426,35.52957],[-83.27808,35.52776],[-83.27705,35.52615],[-83.28143,35.52098],[-83.28744,35.52391],[-83.29096,35.5237],[-83.29173,35.51937],[-83.298,35.51518],[-83.30083,35.51113],[-83.301,35.50771],[-83.29628,35.50233],[-83.29971,35.4989],[-83.3095,35.5003],[-83.31302,35.49869],[-83.31559,35.48409],[-83.31945,35.48094],[-83.32048,35.47703],[-83.33053,35.47451],[-83.33662,35.47542],[-83.34598,35.47374],[-83.34735,35.47116],[-83.35473,35.46661],[-83.35198,35.46361],[-83.35447,35.46123],[-83.3622,35.45766],[-83.36838,35.45878],[-83.37035,35.4562],[-83.37507,35.45501],[-83.37868,35.44753],[-83.38254,35.44732],[-83.39129,35.45312],[-83.39893,35.45242],[-83.40168,35.44906],[-83.39971,35.44403],[-83.40082,35.44172],[-83.40769,35.43676],[-83.41155,35.43634],[-83.41421,35.43144],[-83.42151,35.43046],[-83.42666,35.4334],[-83.43859,35.43207],[-83.44794,35.42599],[-83.4494,35.42683],[-83.45507,35.42046],[-83.46253,35.41934],[-83.46519,35.41668],[-83.46339,35.4127],[-83.46425,35.40857],[-83.47309,35.40381],[-83.47773,35.39248],[-83.48545,35.38709],[-83.49652,35.38226],[-83.5039,35.37253],[-83.52622,35.37582],[-83.53283,35.37365],[-83.53815,35.374],[-83.54313,35.36861],[-83.5536,35.36379],[-83.55377,35.3598],[-83.55188,35.35812],[-83.55343,35.35168],[-83.56115,35.3439],[-83.56296,35.33837],[-83.57471,35.33564],[-83.57574,35.33151],[-83.57969,35.32857],[-83.58295,35.33263],[-83.58879,35.33403],[-83.59222,35.33109],[-83.59617,35.33333],[-83.59961,35.33109],[-83.60681,35.33109],[-83.61814,35.33543],[-83.62793,35.33249],[-83.62759,35.32899],[-83.63085,35.32745],[-83.63119,35.32241],[-83.63531,35.32045],[-83.6408,35.31162],[-83.65162,35.30462],[-83.66535,35.28851],[-83.6808,35.27842],[-83.68218,35.27702],[-83.68218,35.27253],[-83.68733,35.26777],[-83.69419,35.25571],[-83.69797,35.25179],[-83.70106,35.25095],[-83.70621,35.24253],[-83.72749,35.22655],[-83.73985,35.22964],[-83.75702,35.21281],[-83.78483,35.19485],[-83.80337,35.1985],[-83.81504,35.20692],[-83.82912,35.2072],[-83.83701,35.20551],[-83.85899,35.19261],[-83.89675,35.18279],[-83.90705,35.18363],[-83.92387,35.17577],[-83.93074,35.16876],[-83.94722,35.15753],[-83.95409,35.15725],[-83.9637,35.15163],[-83.97125,35.14321],[-83.98224,35.13676],[-83.99219,35.1244],[-83.9994,35.12215],[-84.00627,35.11345],[-84.00696,35.10952],[-84.01211,35.10109],[-84.02138,35.09323],[-84.02515,35.08311],[-84.04095,35.07862],[-84.04678,35.07412],[-84.05708,35.07131],[-84.06223,35.06513],[-84.06498,35.05726],[-84.06807,35.05361],[-84.0873,35.03983],[-84.11133,35.0269],[-84.1182,35.02831],[-84.12609,35.02522],[-84.1333,35.02578],[-84.13811,35.03056],[-84.15081,35.03309],[-84.18549,35.01678],[-84.19098,35.01678],[-84.20471,35.02831],[-84.21089,35.03056],[-84.21879,35.02494],[-84.22875,35.02297],[-84.23733,35.01931],[-84.25346,35.01987],[-84.26479,35.01116],[-84.26857,35.01285],[-84.27132,35.01734],[-84.27475,35.01791],[-84.27956,35.01369],[-84.28299,35.01369],[-84.28883,35.01734],[-84.29707,35.01285],[-84.31114,35.01453],[-84.31664,35.02184],[-84.3211,35.02325],[-84.33071,35.02381],[-84.34376,35.02212],[-84.34925,35.02522],[-84.36333,35.02325],[-84.36985,35.02494],[-84.37569,35.02887],[-84.39285,35.03028],[-84.41379,35.03506],[-84.44469,35.03646],[-84.44847,35.03899],[-84.45259,35.05333],[-84.4574,35.0567],[-84.46323,35.06934],[-84.47285,35.06878],[-84.47834,35.07047],[-84.48109,35.07665],[-84.48933,35.07834],[-84.48967,35.08283],[-84.49139,35.08339],[-84.49757,35.07693],[-84.50203,35.07665],[-84.50649,35.073],[-84.50924,35.07609],[-84.50615,35.0789],[-84.51233,35.08396],[-84.52846,35.08171],[-84.52778,35.08705],[-84.53533,35.098],[-84.53773,35.09913],[-84.53945,35.09856],[-84.54014,35.09604],[-84.54632,35.09547],[-84.55696,35.10193],[-84.55833,35.10362],[-84.55765,35.10839],[-84.55971,35.11036],[-84.57893,35.11317],[-84.5834,35.11176],[-84.59198,35.11289],[-84.60159,35.10531],[-84.60228,35.10137],[-84.60503,35.09997],[-84.61086,35.09856],[-84.62322,35.09913],[-84.62837,35.10081],[-84.63215,35.10446],[-84.64794,35.09604],[-84.67266,35.11261],[-84.68914,35.11092],[-84.70219,35.12103],[-84.71764,35.12749],[-84.7609,35.13395],[-84.80965,35.14518],[-84.81754,35.14349],[-84.8481,35.15023],[-84.86183,35.1317],[-84.89925,35.13395],[-84.94766,35.15276],[-84.95144,35.14967],[-84.98543,35.14265],[-84.99229,35.13956],[-85.00328,35.13142],[-85.01839,35.12665],[-85.03315,35.12749],[-85.03864,35.12553],[-85.04654,35.11766],[-85.05856,35.0921],[-85.06885,35.08564],[-85.07606,35.08452],[-85.07916,35.08564],[-85.07813,35.09884],[-85.08293,35.10867],[-85.08225,35.11738],[-85.08422,35.12005],[-85.08602,35.12187],[-85.10791,35.12061],[-85.11211,35.12609],[-85.11452,35.13367],[-85.12087,35.13963],[-85.11057,35.14623],[-85.10585,35.1557],[-85.10645,35.16202],[-85.11649,35.17409],[-85.11924,35.17507],[-85.12173,35.175],[-85.12628,35.1696],[-85.12671,35.16784],[-85.12533,35.167]]}},{"type":"Feature","properties":{"day":103,"label":"Day 103","description":"around Chattanooga","miles":50.8},"geometry":{"type":"LineString","coordinates":[[-85.12542,35.16693],[-85.12671,35.16904],[-85.12181,35.175],[-85.11641,35.17367],[-85.10834,35.16497],[-85.10636,35.16146],[-85.10602,35.1557],[-85.11048,35.14651],[-85.11881,35.14216],[-85.12156,35.13823],[-85.12181,35.13381],[-85.12542,35.12651],[-85.1249,35.12208],[-85.12653,35.11689],[-85.14361,35.10896],[-85.16464,35.10334],[-85.19305,35.08571],[-85.20661,35.08255],[-85.19898,35.07503],[-85.18198,35.03126],[-85.17451,35.02599],[-85.18207,35.01397],[-85.20464,35.00708],[-85.22258,35.00455],[-85.25124,35.0139],[-85.26077,35.02107],[-85.26678,35.0198],[-85.27245,35.0146],[-85.28893,35.01875],[-85.29468,35.01875],[-85.30686,35.02768],[-85.30927,35.02993],[-85.30875,35.03175],[-85.31364,35.03337],[-85.30952,35.04054],[-85.30875,35.06267],[-85.30686,35.06246],[-85.30772,35.05614],[-85.29785,35.05094],[-85.28935,35.05241],[-85.27751,35.05719],[-85.27416,35.06028],[-85.27433,35.06344],[-85.25597,35.09344],[-85.23803,35.0966],[-85.22833,35.09309],[-85.22292,35.08873],[-85.21872,35.08971],[-85.20678,35.08234],[-85.2188,35.09014],[-85.22301,35.08887],[-85.22635,35.09238],[-85.23511,35.09575],[-85.2497,35.09512],[-85.25494,35.09358],[-85.26026,35.08866],[-85.27605,35.05824],[-85.28867,35.05234],[-85.2988,35.05052],[-85.30978,35.05234],[-85.30952,35.04033],[-85.32291,35.01643],[-85.32867,35.00764],[-85.33158,35.00624],[-85.33493,34.99766],[-85.33862,34.99492],[-85.34188,34.98943],[-85.34446,34.98838],[-85.34463,34.98191],[-85.34806,34.97635],[-85.35347,34.97593],[-85.35424,34.97087],[-85.3557,34.96981],[-85.35373,34.96756],[-85.35467,34.96144]]}},{"type":"Feature","properties":{"day":103,"label":"Day 103","description":"To get some Ham","miles":78.9},"geometry":{"type":"LineString","coordinates":[[-85.12568,35.167],[-85.12671,35.16932],[-85.12181,35.175],[-85.11632,35.17395],[-85.10817,35.1649],[-85.10593,35.1555],[-85.0789,35.16686],[-85.06465,35.18342],[-85.05358,35.18826],[-85.04843,35.19226],[-85.01203,35.23938],[-84.95925,35.30112],[-84.94886,35.2918],[-84.94517,35.28507],[-84.93213,35.27092],[-84.92346,35.26875],[-84.91582,35.26104],[-84.90097,35.25144],[-84.88578,35.23188],[-84.88363,35.22739],[-84.88252,35.21323],[-84.8899,35.19955],[-84.88715,35.19408],[-84.88492,35.19359],[-84.87514,35.2011],[-84.82072,35.27632],[-84.80355,35.3126],[-84.78664,35.32318],[-84.76613,35.32731],[-84.75652,35.33221],[-84.7312,35.37645],[-84.7003,35.41144],[-84.69257,35.42361],[-84.52846,35.58474],[-84.51576,35.59897],[-84.48229,35.59395],[-84.46341,35.5839],[-84.46152,35.57999],[-84.46478,35.57217],[-84.45551,35.5515],[-84.44675,35.54494],[-84.4404,35.53558],[-84.43422,35.53432],[-84.42942,35.53642],[-84.43354,35.53376],[-84.41139,35.51364],[-84.40659,35.51351],[-84.3944,35.51798],[-84.38135,35.51839],[-84.37672,35.51658],[-84.37157,35.50931],[-84.3635,35.51183],[-84.36024,35.5163],[-84.35251,35.52133],[-84.352,35.52384],[-84.29775,35.56156],[-84.29672,35.56086]]}},{"type":"Feature","properties":{"day":104,"label":"Day 104","description":"To the Treehouse","miles":81.6},"geometry":{"type":"LineString","coordinates":[[-85.12619,35.16946],[-85.12465,35.17254],[-85.1219,35.17395],[-85.11572,35.17381],[-85.10765,35.163],[-85.10576,35.15528],[-85.08087,35.16567],[-85.06388,35.18419],[-85.04894,35.19177],[-85.01255,35.23973],[-84.95968,35.3014],[-84.96792,35.30868],[-84.96586,35.32185],[-84.97101,35.33081],[-84.97135,35.33977],[-84.97616,35.34846],[-84.99161,35.35266],[-84.99367,35.36134],[-84.99023,35.36638],[-84.99676,35.3738],[-85.02388,35.41815],[-85.02525,35.42613],[-85.02285,35.43843],[-85.01083,35.45256],[-85.01032,35.45606],[-85.02165,35.4692],[-85.02113,35.47801],[-85.02525,35.4808],[-85.00843,35.49296],[-85.01221,35.49534],[-85.01049,35.49771],[-85.02302,35.49869],[-85.03263,35.50302],[-85.04053,35.50191],[-85.04087,35.50638],[-85.03727,35.51378],[-85.04122,35.51839],[-85.03984,35.5251],[-85.04448,35.52454],[-85.04929,35.52706],[-85.05032,35.53209],[-85.06885,35.54606],[-85.09375,35.55779],[-85.1013,35.56742],[-85.11503,35.57231],[-85.12001,35.57971],[-85.12619,35.58292],[-85.12877,35.58683],[-85.13632,35.59241],[-85.1437,35.59157],[-85.14593,35.59381],[-85.15022,35.59367],[-85.15434,35.58934],[-85.15417,35.58404],[-85.15606,35.57859],[-85.15297,35.57091],[-85.16138,35.58055],[-85.16687,35.58069],[-85.18765,35.59004],[-85.18833,35.59381],[-85.19091,35.59632],[-85.19074,35.60218],[-85.18662,35.6167],[-85.16464,35.64711],[-85.12653,35.67933],[-85.0692,35.74373],[-85.05856,35.74986],[-85.05632,35.75612],[-85.04877,35.76588],[-85.03315,35.7805],[-85.02113,35.80264],[-85.01856,35.83799],[-85.00397,35.86902],[-85.00156,35.8878],[-84.99315,35.89322],[-84.9935,35.89767],[-84.98611,35.9031],[-84.98526,35.9056],[-85.02233,35.94174],[-85.03023,35.95439],[-85.02424,35.95821],[-85.02233,35.96432],[-85.01667,35.97144],[-85.01412,35.98143],[-85.01163,35.98476],[-84.99835,35.97906],[-84.99493,35.98495]]}},{"type":"Feature","properties":{"day":105,"label":"Day 105","description":"Tennessee Whiskey Country","miles":118.4},"geometry":{"type":"LineString","coordinates":[[-85.12525,35.16686],[-85.12671,35.16918],[-85.12181,35.17507],[-85.11649,35.17388],[-85.10791,35.16476],[-85.10602,35.1557],[-85.11023,35.14672],[-85.12035,35.14062],[-85.12224,35.13247],[-85.12516,35.12749],[-85.12516,35.11921],[-85.12722,35.11668],[-85.12997,35.11415],[-85.14181,35.10952],[-85.16584,35.10306],[-85.19194,35.0862],[-85.20292,35.08452],[-85.20653,35.08241],[-85.19915,35.07567],[-85.18181,35.0314],[-85.17391,35.02719],[-85.17391,35.02494],[-85.18181,35.01453],[-85.20773,35.0068],[-85.22472,35.00497],[-85.23159,35.00652],[-85.25322,35.01481],[-85.26129,35.02128],[-85.26764,35.01903],[-85.2709,35.0151],[-85.27502,35.01439],[-85.28944,35.01875],[-85.29356,35.01833],[-85.30489,35.02676],[-85.31982,35.03239],[-85.32635,35.02156],[-85.33218,35.01847],[-85.33579,35.01945],[-85.34248,35.02536],[-85.35416,35.02943],[-85.37905,35.02353],[-85.39518,35.00694],[-85.39793,34.99752],[-85.4096,34.98275],[-85.41647,34.97811],[-85.42385,34.96995],[-85.43587,34.9677],[-85.44222,34.97164],[-85.45286,34.97319],[-85.45681,34.97881],[-85.46831,34.98557],[-85.47243,34.99063],[-85.48496,34.99147],[-85.49698,34.98754],[-85.50711,34.98908],[-85.5114,34.9971],[-85.51226,35.00371],[-85.515,35.00582],[-85.52685,35.00708],[-85.53062,35.01102],[-85.55448,35.02353],[-85.57938,35.03211],[-85.59637,35.04293],[-85.64152,35.05136],[-85.67036,35.04419],[-85.68186,35.03899],[-85.69044,35.0397],[-85.69902,35.04335],[-85.72151,35.05824],[-85.7349,35.07258],[-85.73748,35.10067],[-85.77868,35.15037],[-85.78468,35.15458],[-85.79103,35.16792],[-85.79515,35.17254],[-85.79515,35.17521],[-85.78554,35.18559],[-85.784,35.1898],[-85.78503,35.19471],[-85.79052,35.20103],[-85.78777,35.21309],[-85.80185,35.21477],[-85.80339,35.21996],[-85.80717,35.22248],[-85.81301,35.2302],[-85.82931,35.23216],[-85.85197,35.24211],[-85.85918,35.24366],[-85.8621,35.2424],[-85.86571,35.23777],[-85.87549,35.23805],[-85.87721,35.23973],[-85.87343,35.24464],[-85.87326,35.25725],[-85.87566,35.26076],[-85.8827,35.26356],[-85.88888,35.26945],[-85.89661,35.29243],[-85.9033,35.30028],[-85.94622,35.3479],[-86.04527,35.44599],[-86.05282,35.45801],[-86.06638,35.46319],[-86.08114,35.47647],[-86.11822,35.41312],[-86.13934,35.39815],[-86.2068,35.35644],[-86.21676,35.36708],[-86.32027,35.35504],[-86.33984,35.35084],[-86.34773,35.34439],[-86.34996,35.32829],[-86.35855,35.31555],[-86.3691,35.28535],[-86.37176,35.28287],[-86.37786,35.2809],[-86.38069,35.27414],[-86.37852,35.27424]]}},{"type":"Feature","properties":{"day":106,"label":"Day 106","description":"Into a Tornado","miles":143.5},"geometry":{"type":"LineString","coordinates":[[-86.24645,35.43843],[-86.23967,35.42543],[-86.23898,35.41613],[-86.23457,35.41287],[-86.23504,35.40924],[-86.22388,35.39829],[-86.22105,35.39321],[-86.21946,35.38961],[-86.22002,35.38597],[-86.21392,35.37117],[-86.21006,35.371],[-86.20508,35.36533],[-86.21148,35.36155],[-86.21667,35.36732],[-86.22628,35.36501],[-86.32945,35.35329],[-86.34078,35.34993],[-86.34507,35.34727],[-86.34808,35.34293],[-86.35039,35.3271],[-86.3582,35.31653],[-86.36962,35.28585],[-86.37237,35.28262],[-86.37777,35.28087],[-86.38052,35.274],[-86.37829,35.27379],[-86.39039,35.26728],[-86.41005,35.24253],[-86.42052,35.22648],[-86.42618,35.22347],[-86.44335,35.22143],[-86.45476,35.21428],[-86.49107,35.20439],[-86.50274,35.19864],[-86.51467,35.18777],[-86.5224,35.17332],[-86.5309,35.16413],[-86.55141,35.16216],[-86.56094,35.15746],[-86.56669,35.15192],[-86.57973,35.15346],[-86.58068,35.1555],[-86.60754,35.15816],[-86.62024,35.16104],[-86.62342,35.16363],[-86.63252,35.17788],[-86.64196,35.18349],[-86.66007,35.18665],[-86.68857,35.19633],[-86.70736,35.19766],[-86.73337,35.21014],[-86.7453,35.20804],[-86.75766,35.20004],[-86.78719,35.20088],[-86.80118,35.19205],[-86.82066,35.18735],[-86.83422,35.18868],[-86.8483,35.18728],[-86.87456,35.19457],[-86.90031,35.19597],[-86.92846,35.1811],[-86.93799,35.18181],[-86.94494,35.179],[-86.95533,35.17739],[-86.98228,35.17753],[-86.9991,35.17514],[-87.01232,35.17037],[-87.02768,35.16925],[-87.03807,35.16644],[-87.04493,35.16932],[-87.05472,35.17079],[-87.05712,35.17283],[-87.06459,35.18882],[-87.06287,35.20488],[-87.08073,35.21162],[-87.09008,35.21218],[-87.09695,35.21042],[-87.11497,35.21365],[-87.11978,35.21659],[-87.13935,35.22297],[-87.14656,35.23076],[-87.15119,35.23258],[-87.15815,35.233],[-87.1742,35.22578],[-87.18681,35.22578],[-87.20089,35.21877],[-87.21565,35.21814],[-87.27325,35.22865],[-87.28243,35.23335],[-87.29685,35.23686],[-87.30449,35.23812],[-87.30947,35.23728],[-87.34045,35.24373],[-87.36045,35.24303],[-87.36568,35.24548],[-87.37435,35.25809],[-87.38105,35.26174],[-87.39057,35.274],[-87.40302,35.28416],[-87.40628,35.28963],[-87.41581,35.2953],[-87.44585,35.30252],[-87.48791,35.30301],[-87.52052,35.31155],[-87.56524,35.31043],[-87.58052,35.32122],[-87.59708,35.32892],[-87.62524,35.32969],[-87.65974,35.34307],[-87.66935,35.34173],[-87.68703,35.3341],[-87.69218,35.32878],[-87.703,35.32332],[-87.71004,35.32178],[-87.7369,35.32626],[-87.74875,35.32332],[-87.76411,35.32843],[-87.77664,35.33018],[-87.78025,35.32815],[-87.78969,35.3145],[-87.79286,35.30616],[-87.79956,35.30028],[-87.81921,35.29621],[-87.84187,35.29649],[-87.85552,35.29166],[-87.88419,35.30357],[-87.91148,35.30658],[-87.92341,35.30987],[-87.95363,35.30805],[-87.9889,35.28213],[-88.03465,35.27351],[-88.09464,35.24576],[-88.12117,35.24408],[-88.12932,35.24786],[-88.14185,35.2473],[-88.1676,35.24352],[-88.18425,35.23328],[-88.19936,35.22662],[-88.24064,35.22655],[-88.24674,35.22339],[-88.24468,35.21435],[-88.24528,35.20299]]}},{"type":"Feature","properties":{"day":107,"label":"Day 107","description":"To Memphis","miles":119},"geometry":{"type":"LineString","coordinates":[[-88.24562,35.20832],[-88.24476,35.214],[-88.24648,35.22459],[-88.30768,35.22683],[-88.31703,35.22171],[-88.33145,35.2215],[-88.34845,35.2229],[-88.37007,35.23258],[-88.39428,35.23595],[-88.402,35.23188],[-88.40321,35.22964],[-88.42054,35.2229],[-88.43702,35.21393],[-88.45865,35.2065],[-88.47925,35.19373],[-88.48852,35.19499],[-88.49745,35.19345],[-88.50466,35.19429],[-88.51667,35.19177],[-88.53333,35.179],[-88.54637,35.17156],[-88.55719,35.16834],[-88.59718,35.14995],[-88.61126,35.15823],[-88.61452,35.18265],[-88.63134,35.18868],[-88.71323,35.20902],[-88.74601,35.21379],[-88.7661,35.21449],[-88.7812,35.21842],[-88.86292,35.2302],[-88.8691,35.23342],[-88.88746,35.23875],[-88.89622,35.23945],[-88.90257,35.24225],[-88.93313,35.24422],[-88.98102,35.25599],[-89.00179,35.25655],[-89.00883,35.26132],[-89.01775,35.27435],[-89.02462,35.27772],[-89.07354,35.278],[-89.07663,35.28024],[-89.0962,35.28528],[-89.10324,35.28865],[-89.12041,35.29803],[-89.12727,35.3154],[-89.13277,35.31989],[-89.16332,35.31807],[-89.17053,35.31625],[-89.24864,35.2836],[-89.25894,35.27071],[-89.26632,35.26552],[-89.30117,35.24758],[-89.30632,35.24646],[-89.33498,35.24127],[-89.34494,35.24338],[-89.35747,35.24352],[-89.39112,35.23637],[-89.49978,35.22922],[-89.54115,35.22879],[-89.57308,35.22669],[-89.61891,35.21982],[-89.63728,35.20986],[-89.6771,35.2114],[-89.69496,35.20664],[-89.70835,35.20551],[-89.77203,35.20411],[-89.82473,35.1804],[-89.87486,35.1602],[-89.88121,35.15458],[-89.8819,35.15065],[-89.87349,35.14363],[-89.86765,35.13535],[-89.87057,35.08971],[-89.87297,35.08691],[-89.88155,35.08396],[-89.89374,35.08325],[-89.9025,35.07946],[-89.91125,35.07791],[-89.9188,35.07778],[-89.94902,35.08255],[-89.97391,35.07651],[-89.99142,35.07623],[-90.02266,35.07145],[-90.02558,35.07019],[-90.02438,35.06471],[-90.0218,35.06316],[-90.02369,35.06134],[-90.02489,35.04827],[-90.02901,35.04883]]}},{"type":"Feature","properties":{"day":109,"label":"Day 109","description":"Around Memphis","miles":28.1},"geometry":{"type":"LineString","coordinates":[[-90.02575,35.04869],[-90.01828,35.08389],[-90.01811,35.0992],[-90.02172,35.10959],[-90.02051,35.13704],[-90.03588,35.13872],[-90.0563,35.14406],[-90.0521,35.15037],[-90.03468,35.14588],[-90.01571,35.14406],[-90.01699,35.12875],[-90.01845,35.12721],[-90.01699,35.12672],[-89.92576,35.12258],[-89.92601,35.11598],[-89.98438,35.11591],[-89.98781,35.08873],[-89.98481,35.07763],[-90.01923,35.07159],[-90.02549,35.07244],[-90.0236,35.06309],[-90.02498,35.04834],[-90.02712,35.04841]]}},{"type":"Feature","properties":{"day":110,"label":"Day 110","description":"Memphis and Arkansas","miles":40.7},"geometry":{"type":"LineString","coordinates":[[-90.02644,35.04827],[-90.02506,35.04848],[-90.02343,35.06246],[-90.01931,35.07855],[-90.0182,35.0992],[-90.02154,35.10881],[-90.02146,35.11886],[-90.03244,35.11949],[-90.03253,35.12454],[-90.03227,35.12742],[-90.02935,35.12742],[-90.03021,35.12138],[-90.02721,35.12145],[-90.02918,35.123],[-90.02927,35.13191],[-90.02635,35.13184],[-90.02086,35.12861],[-90.02175,35.11527],[-90.05527,35.11608],[-90.05515,35.13409],[-90.04708,35.15325],[-90.10171,35.15304],[-90.12385,35.15686],[-90.15166,35.15592],[-90.19192,35.17184],[-90.26848,35.14714],[-90.33234,35.14827],[-90.40031,35.15163],[-90.43602,35.13479],[-90.50674,35.13198]]}},{"type":"Feature","properties":{"day":111,"label":"Day 111","description":"To Nashville","miles":253.6},"geometry":{"type":"LineString","coordinates":[[-90.02723,35.04895],[-90.02506,35.04902],[-90.0233,35.06274],[-90.02275,35.06422],[-90.02137,35.06351],[-90.02515,35.06639],[-90.02549,35.06956],[-90.02172,35.07152],[-89.99125,35.07623],[-89.96266,35.07778],[-89.94996,35.08192],[-89.91769,35.07785],[-89.9079,35.07813],[-89.89391,35.08325],[-89.87615,35.08501],[-89.87185,35.08817],[-89.87005,35.09224],[-89.86748,35.13535],[-89.87005,35.14005],[-89.88121,35.15002],[-89.88138,35.15507],[-89.87675,35.15886],[-89.8316,35.17746],[-89.76208,35.20937],[-89.69358,35.2473],[-89.61548,35.28795],[-89.54836,35.33543],[-89.46871,35.37156],[-89.41532,35.38975],[-89.27919,35.47395],[-89.27319,35.48192],[-89.25705,35.53181],[-89.25224,35.53739],[-89.22323,35.54368],[-89.18907,35.55695],[-89.06067,35.59437],[-89.01878,35.61112],[-88.89622,35.64823],[-88.86738,35.65953],[-88.83596,35.66943],[-88.77399,35.68031],[-88.73125,35.68184],[-88.66636,35.70819],[-88.5989,35.7291],[-88.56594,35.74554],[-88.5002,35.75738],[-88.43702,35.7734],[-88.39737,35.78816],[-88.38261,35.79066],[-88.36046,35.79832],[-88.31978,35.80473],[-88.29884,35.81099],[-88.2645,35.81851],[-88.21335,35.81447],[-88.17078,35.81962],[-88.14743,35.81851],[-88.14074,35.82004],[-88.10829,35.82867],[-88.02795,35.87069],[-87.98006,35.86847],[-87.95122,35.87013],[-87.9332,35.86499],[-87.9217,35.86707],[-87.91243,35.86415],[-87.89337,35.86443],[-87.87706,35.86847],[-87.86831,35.8686],[-87.84342,35.88098],[-87.80874,35.88154],[-87.79552,35.87876],[-87.76617,35.8839],[-87.7466,35.87709],[-87.70815,35.87361],[-87.68703,35.88376],[-87.6642,35.88529],[-87.64103,35.89447],[-87.61837,35.90727],[-87.59674,35.92409],[-87.5849,35.92826],[-87.57923,35.93507],[-87.56979,35.93841],[-87.56584,35.94424],[-87.55571,35.95091],[-87.54782,35.96203],[-87.53717,35.96717],[-87.53134,35.97189],[-87.50404,35.97939],[-87.49083,35.98842],[-87.47057,35.99578],[-87.45667,35.99731],[-87.43847,35.99467],[-87.4328,35.99565],[-87.40894,36.00592],[-87.37392,36.01328],[-87.36139,36.01884],[-87.34182,36.0187],[-87.31213,36.02342],[-87.27625,36.02467],[-87.24689,36.01703],[-87.23162,36.02023],[-87.20724,36.0305],[-87.18784,36.02328],[-87.1839,36.0237],[-87.14716,36.04313],[-87.13806,36.05632],[-87.12072,36.07394],[-87.10905,36.08074],[-87.09772,36.08393],[-87.0718,36.08754],[-87.05292,36.08698],[-87.03661,36.07796],[-87.0318,36.07713],[-86.98923,36.07782],[-86.97155,36.07394],[-86.94151,36.08878],[-86.93121,36.10529],[-86.91456,36.11735],[-86.90803,36.12387],[-86.90065,36.12775],[-86.89447,36.13482],[-86.87662,36.14799],[-86.84967,36.15382],[-86.82547,36.15617],[-86.82289,36.1552],[-86.82272,36.13898],[-86.81362,36.1254],[-86.80572,36.12318],[-86.7992,36.11666],[-86.7762,36.11569],[-86.77174,36.11611],[-86.76281,36.12151],[-86.75508,36.12138],[-86.72813,36.12678],[-86.72659,36.13205],[-86.72728,36.13968],[-86.69363,36.1455],[-86.67801,36.14148],[-86.65501,36.14106],[-86.64917,36.143],[-86.60883,36.16837],[-86.6042,36.16962],[-86.53193,36.16712],[-86.51545,36.17128],[-86.40627,36.185],[-86.29898,36.18209],[-86.31254,36.14827],[-86.32009,36.13801],[-86.33091,36.10251],[-86.33589,36.09392],[-86.32439,36.08805],[-86.32201,36.08325],[-86.30767,36.07219],[-86.2951,36.06799],[-86.29126,36.06452]]}},{"type":"Feature","properties":{"day":114,"label":"Day 114","description":"Around Nashville","miles":50},"geometry":{"type":"LineString","coordinates":[[-86.29126,36.04174],[-86.29486,36.04507],[-86.29126,36.05451],[-86.29812,36.05604],[-86.29675,36.06312],[-86.31821,36.07089],[-86.3249,36.07866],[-86.33915,36.08046],[-86.33709,36.08989],[-86.33091,36.10224],[-86.32267,36.12623],[-86.32027,36.13815],[-86.31323,36.14758],[-86.29898,36.18223],[-86.40678,36.18514],[-86.51236,36.17142],[-86.53072,36.16712],[-86.60111,36.17031],[-86.61261,36.16615],[-86.63853,36.1498],[-86.65638,36.14106],[-86.69483,36.14453],[-86.72745,36.14023],[-86.73843,36.14397],[-86.75886,36.15465],[-86.76075,36.16255],[-86.76453,36.16657],[-86.76783,36.16497],[-86.77079,36.1587],[-86.77453,36.15707],[-86.77581,36.15891],[-86.77084,36.16307],[-86.78208,36.15894],[-86.7868,36.16463],[-86.78688,36.16754],[-86.78495,36.16858],[-86.77903,36.16736],[-86.75066,36.17883],[-86.74178,36.19733],[-86.7326,36.21163],[-86.73878,36.21658],[-86.76169,36.22167],[-86.75933,36.22935],[-86.76047,36.23005]]}},{"type":"Feature","properties":{"day":116,"label":"Day 116","description":"Around Nashville","miles":107.8},"geometry":{"type":"LineString","coordinates":[[-86.30018,36.07019],[-86.30962,36.07325],[-86.32215,36.0831],[-86.32542,36.08837],[-86.33194,36.09322],[-86.33572,36.09392],[-86.33108,36.10265],[-86.33846,36.10432],[-86.3522,36.11458],[-86.36747,36.1211],[-86.3752,36.12651],[-86.38687,36.12665],[-86.40387,36.13247],[-86.42601,36.13718],[-86.43013,36.14051],[-86.43597,36.13926],[-86.43837,36.14203],[-86.45219,36.14647],[-86.49064,36.14723],[-86.50781,36.15042],[-86.52266,36.15687],[-86.53158,36.16726],[-86.60093,36.17052],[-86.61055,36.16768],[-86.65217,36.14224],[-86.66702,36.14113],[-86.69612,36.14425],[-86.72273,36.14058],[-86.73062,36.14099],[-86.73723,36.14328],[-86.75045,36.15118],[-86.75869,36.15423],[-86.76084,36.16241],[-86.76847,36.17176],[-86.78637,36.1639],[-86.78809,36.17204],[-86.78654,36.16941],[-86.79122,36.16719],[-86.79006,36.1656],[-86.79418,36.16383],[-86.79645,36.16716],[-86.79028,36.16982],[-86.79238,36.17308],[-86.81225,36.16927],[-86.81877,36.16442],[-86.82203,36.15908],[-86.82203,36.13794],[-86.81276,36.12443],[-86.80358,36.12172],[-86.79912,36.1168],[-86.78083,36.11604],[-86.77491,36.11437],[-86.77079,36.11077],[-86.76401,36.09974],[-86.76264,36.09475],[-86.7641,36.08129],[-86.76856,36.07491],[-86.77568,36.04903],[-86.78221,36.04251],[-86.78435,36.02717],[-86.78736,36.02189],[-86.78504,36.01051],[-86.7962,35.99849],[-86.81414,35.94765],[-86.8271,35.94591],[-86.83396,35.94035],[-86.83937,35.94091],[-86.8519,35.94667],[-86.86628,35.92652],[-86.88078,35.91976],[-86.86615,35.92656],[-86.86233,35.9325],[-86.85482,35.92941],[-86.84182,35.9296],[-86.82396,35.92643],[-86.82394,35.93528],[-86.81877,35.93411],[-86.82255,35.92312],[-86.82289,35.91394],[-86.80675,35.90852],[-86.80143,35.90435],[-86.79182,35.90351],[-86.78255,35.90031],[-86.76298,35.89128],[-86.75474,35.8846],[-86.72127,35.86944],[-86.69432,35.86666],[-86.68041,35.85928],[-86.66994,35.85775],[-86.64951,35.85163],[-86.62085,35.85163],[-86.61346,35.84927],[-86.60488,35.85149],[-86.58497,35.85107],[-86.5418,35.84328],[-86.5109,35.84147],[-86.48472,35.84433],[-86.44506,35.84488],[-86.43519,35.84766],[-86.42481,35.84613],[-86.40284,35.84711],[-86.39056,35.86047],[-86.38593,35.86979],[-86.38215,35.8871],[-86.3837,35.92068],[-86.37846,35.93674],[-86.37709,35.94702],[-86.37846,35.97703],[-86.36558,36.00176],[-86.36301,36.01731],[-86.34705,36.06187],[-86.34052,36.07283],[-86.33589,36.09336]]}},{"type":"Feature","properties":{"day":117,"label":"Day 117","description":"Around Kentucky","miles":90.6},"geometry":{"type":"LineString","coordinates":[[-86.30035,36.07019],[-86.30979,36.07352],[-86.3225,36.08351],[-86.32507,36.08851],[-86.33211,36.09322],[-86.33589,36.09364],[-86.33142,36.1021],[-86.33915,36.10432],[-86.34722,36.10917],[-86.35048,36.11347],[-86.36747,36.12096],[-86.37503,36.12623],[-86.38481,36.12637],[-86.40078,36.13164],[-86.40163,36.13704],[-86.39854,36.16781],[-86.4079,36.18576],[-86.51261,36.17169],[-86.53193,36.16719],[-86.60145,36.17059],[-86.60651,36.1807],[-86.61243,36.18482],[-86.61898,36.19478],[-86.62284,36.20725],[-86.62286,36.21031],[-86.62085,36.21088],[-86.62087,36.21237],[-86.61583,36.21291],[-86.61595,36.21481],[-86.61346,36.21412],[-86.61303,36.21634],[-86.61651,36.21467],[-86.61651,36.21319],[-86.62269,36.21249],[-86.62544,36.22271],[-86.62548,36.23396],[-86.64934,36.25358],[-86.66037,36.26047],[-86.66488,36.26618],[-86.66917,36.26732],[-86.67839,36.2622],[-86.69586,36.26452],[-86.71062,36.263],[-86.73672,36.26462],[-86.73333,36.27995],[-86.70904,36.30257],[-86.70101,36.31433],[-86.72015,36.3555],[-86.71912,36.36103],[-86.7138,36.36698],[-86.71148,36.37292],[-86.71732,36.398],[-86.71989,36.40201],[-86.72101,36.41217],[-86.70693,36.43572],[-86.68213,36.46899],[-86.66874,36.49749],[-86.64617,36.52019],[-86.63612,36.54385],[-86.61209,36.58066],[-86.60832,36.58507],[-86.59287,36.59651],[-86.58093,36.60919],[-86.5666,36.65245],[-86.53587,36.68962],[-86.5139,36.73118],[-86.49073,36.75071],[-86.47493,36.79004],[-86.47201,36.81973],[-86.43717,36.90076],[-86.41863,36.93411],[-86.42103,36.94097],[-86.42069,36.9359],[-86.42532,36.92849],[-86.43642,36.91757],[-86.43518,36.91559]]}},{"type":"Feature","properties":{"day":118,"label":"Day 118","description":"To Mammoth Cave","miles":47.4},"geometry":{"type":"LineString","coordinates":[[-86.43691,36.91401],[-86.43768,36.91655],[-86.42395,36.93062],[-86.42052,36.93741],[-86.42069,36.94022],[-86.41666,36.93336],[-86.41666,36.93775],[-86.41005,36.94879],[-86.39889,36.96258],[-86.38301,36.99206],[-86.37065,37.00468],[-86.36481,37.00605],[-86.37443,37.00776],[-86.37219,37.0044],[-86.38026,36.99926],[-86.39056,37.0105],[-86.42086,37.00783],[-86.44476,36.99697],[-86.4406,36.99292],[-86.43923,36.99371],[-86.44026,36.99474],[-86.44421,36.99227],[-86.44614,36.99426],[-86.43343,37.00235],[-86.42073,37.00766],[-86.39563,37.01071],[-86.37863,37.0093],[-86.36816,37.00608],[-86.34258,37.01078],[-86.29452,37.01242],[-86.28353,37.01434],[-86.25229,37.02202],[-86.24645,37.02558],[-86.23856,37.03408],[-86.21727,37.04202],[-86.18294,37.04093],[-86.14929,37.04915],[-86.14243,37.04942],[-86.13144,37.05518],[-86.11668,37.05655],[-86.06655,37.08312],[-86.05591,37.09736],[-86.06621,37.12364],[-86.06655,37.12967],[-86.07273,37.13706],[-86.08509,37.14089],[-86.08887,37.14664],[-86.09891,37.15183],[-86.09968,37.15396],[-86.09779,37.16141],[-86.08887,37.16558],[-86.08741,37.16846],[-86.08973,37.18008],[-86.09239,37.18261],[-86.09814,37.18432],[-86.09968,37.18733],[-86.10243,37.1876]]}},{"type":"Feature","properties":{"day":120,"label":"Day 120","description":"to Bardstown","miles":75.3},"geometry":{"type":"LineString","coordinates":[[-86.10251,37.1876],[-86.09994,37.1874],[-86.09831,37.18453],[-86.09007,37.18036],[-86.08852,37.17167],[-86.0838,37.17078],[-86.07453,37.16456],[-86.06578,37.1556],[-86.04707,37.15252],[-86.04054,37.148],[-86.03814,37.14397],[-86.03934,37.13774],[-86.03582,37.13405],[-86.02776,37.13138],[-86.00707,37.13425],[-86.00175,37.13302],[-85.99059,37.13541],[-85.97789,37.13562],[-85.97248,37.14171],[-85.97119,37.1454],[-85.96948,37.16025],[-85.93858,37.19417],[-85.93592,37.21386],[-85.9221,37.2621],[-85.9124,37.27535],[-85.90116,37.29618],[-85.90742,37.33714],[-85.89111,37.37261],[-85.88339,37.39539],[-85.88116,37.40753],[-85.88425,37.4382],[-85.88047,37.4912],[-85.88785,37.50278],[-85.88802,37.50836],[-85.85249,37.67037],[-85.84408,37.68124],[-85.84202,37.69034],[-85.83361,37.70134],[-85.82777,37.71465],[-85.81627,37.72049],[-85.81009,37.72606],[-85.79824,37.72837],[-85.78915,37.73285],[-85.78365,37.73746],[-85.77507,37.7395],[-85.76855,37.74303],[-85.75069,37.74303],[-85.74554,37.74629],[-85.74177,37.74669],[-85.721,37.75877],[-85.67654,37.77926],[-85.67465,37.78238],[-85.67499,37.78591],[-85.66881,37.79012],[-85.66023,37.79174],[-85.64787,37.78672],[-85.63208,37.79975],[-85.61165,37.80544],[-85.59551,37.80775],[-85.58264,37.80775],[-85.57715,37.80992],[-85.54556,37.80884],[-85.52942,37.81087],[-85.51466,37.80694],[-85.50333,37.80639],[-85.49526,37.81101],[-85.48239,37.81141],[-85.45235,37.80667],[-85.45715,37.79771],[-85.45818,37.79921]]}},{"type":"Feature","properties":{"day":121,"label":"Day 121","description":"To the Distilleries!","miles":2.3},"geometry":{"type":"LineString","coordinates":[[-85.45853,37.79961],[-85.45612,37.79893],[-85.452,37.80653],[-85.4731,37.81048],[-85.47677,37.80711]]}},{"type":"Feature","properties":{"day":123,"label":"Day 123","description":"Into Louisville","miles":53.4},"geometry":{"type":"LineString","coordinates":[[-85.4587,37.79921],[-85.45707,37.79805],[-85.45226,37.80646],[-85.46067,37.80809],[-85.45029,37.81345],[-85.44402,37.82131],[-85.47235,37.8285],[-85.50548,37.84924],[-85.55045,37.88752],[-85.57543,37.90364],[-85.58865,37.90825],[-85.59388,37.91671],[-85.59646,37.91827],[-85.61628,37.92768],[-85.6277,37.9249],[-85.63868,37.91976],[-85.64452,37.92084],[-85.6483,37.92443],[-85.65113,37.92497],[-85.67928,37.92362],[-85.68615,37.9249],[-85.6877,37.92809],[-85.68932,37.95259],[-85.69387,37.96119],[-85.69645,37.97587],[-85.70529,37.99596],[-85.69705,38.01037],[-85.69645,38.01625],[-85.69636,38.04194],[-85.69808,38.0489],[-85.70091,38.08654],[-85.70203,38.12787],[-85.72065,38.1623],[-85.71945,38.17546],[-85.72057,38.18032],[-85.73301,38.19489],[-85.73628,38.2019],[-85.75267,38.20898],[-85.75078,38.23346],[-85.7531,38.23845],[-85.75232,38.24856],[-85.75078,38.25079],[-85.74348,38.25341],[-85.74151,38.26049],[-85.74647,38.27036],[-85.74539,38.27784],[-85.75484,38.27853],[-85.75348,38.2803],[-85.75456,38.27997],[-85.75451,38.2786],[-85.74529,38.27789],[-85.74576,38.27254],[-85.74932,38.27269],[-85.74709,38.27129],[-85.74258,38.2629],[-85.74149,38.25967],[-85.7426,38.25406],[-85.74951,38.25266],[-85.74986,38.25586],[-85.76498,38.25779],[-85.75125,38.25894],[-85.74268,38.25791],[-85.74045,38.25903],[-85.74674,38.27211],[-85.74536,38.27787],[-85.75475,38.27859],[-85.75343,38.28045]]}},{"type":"Feature","properties":{"day":125,"label":"Day 125","description":"Distillery time","miles":64.6},"geometry":{"type":"LineString","coordinates":[[-85.75391,38.2799],[-85.75619,38.28465],[-85.75009,38.27949],[-85.74147,38.26042],[-85.7425,38.25416],[-85.75087,38.25079],[-85.75224,38.24829],[-85.75323,38.24],[-85.75069,38.23373],[-85.75069,38.22389],[-85.7531,38.21107],[-85.75224,38.20838],[-85.73576,38.2015],[-85.73353,38.19893],[-85.7337,38.19556],[-85.72014,38.17937],[-85.71911,38.17573],[-85.72031,38.17303],[-85.72014,38.16048],[-85.70246,38.12956],[-85.69954,38.06472],[-85.69645,38.04214],[-85.69679,38.01185],[-85.70538,37.99576],[-85.69576,37.97465],[-85.6937,37.96017],[-85.68941,37.95218],[-85.68804,37.93066],[-85.68924,37.92538],[-85.681,37.92348],[-85.65572,37.92467],[-85.65307,37.92661],[-85.6542,37.93109],[-85.65314,37.92616],[-85.65564,37.92473],[-85.64941,37.92484],[-85.64066,37.91956],[-85.635,37.92071],[-85.6295,37.92423],[-85.6144,37.92741],[-85.59543,37.91786],[-85.58693,37.9071],[-85.57732,37.90506],[-85.55242,37.88854],[-85.50693,37.85005],[-85.47192,37.82809],[-85.46144,37.82565],[-85.46677,37.80884],[-85.45235,37.80639],[-85.45286,37.80341],[-85.45784,37.79676],[-85.46299,37.79337],[-85.46642,37.78455],[-85.45887,37.77411],[-85.46179,37.7642],[-85.4575,37.75619],[-85.45801,37.75104],[-85.45475,37.74561],[-85.45544,37.73936],[-85.45938,37.73407],[-85.45732,37.72158],[-85.46316,37.71438],[-85.45698,37.70053],[-85.45853,37.68871],[-85.45578,37.68341],[-85.44805,37.67744],[-85.44496,37.67159],[-85.44342,37.66453],[-85.44411,37.65719],[-85.4266,37.6349],[-85.4278,37.62756],[-85.42213,37.62579],[-85.41853,37.62688],[-85.41059,37.63344],[-85.40248,37.63575],[-85.39488,37.63405],[-85.36789,37.64818],[-85.36441,37.64822],[-85.35969,37.6453],[-85.35162,37.64615],[-85.35021,37.64829]]}},{"type":"Feature","properties":{"day":126,"label":"Day 126","description":"Into Horse Country","miles":98},"geometry":{"type":"LineString","coordinates":[[-85.75396,38.27986],[-85.75623,38.28465],[-85.75039,38.28007],[-85.7416,38.25975],[-85.72786,38.26218],[-85.71516,38.25085],[-85.7004,38.24694],[-85.6937,38.24263],[-85.68375,38.24195],[-85.65886,38.23589],[-85.63757,38.23589],[-85.62555,38.23845],[-85.58126,38.22416],[-85.57234,38.22267],[-85.54367,38.22389],[-85.50573,38.22281],[-85.39278,38.21579],[-85.29888,38.19988],[-85.24601,38.18571],[-85.19348,38.18436],[-85.1722,38.17843],[-85.15486,38.17114],[-85.14576,38.16952],[-85.13392,38.16412],[-85.11057,38.16399],[-85.08791,38.15697],[-85.05924,38.15143],[-84.9995,38.14482],[-84.9741,38.14684],[-84.95418,38.15143],[-84.93994,38.15184],[-84.92895,38.15535],[-84.90732,38.15872],[-84.89342,38.15805],[-84.8996,38.1679],[-84.8996,38.1706],[-84.89432,38.18069],[-84.88642,38.18531],[-84.87981,38.18629],[-84.8823,38.19482],[-84.88496,38.19839],[-84.88269,38.20251],[-84.88436,38.20622],[-84.879,38.20204],[-84.86767,38.21357],[-84.86969,38.2166],[-84.8681,38.21721],[-84.86604,38.21542],[-84.85801,38.21724],[-84.85329,38.21529],[-84.85728,38.20645],[-84.86578,38.20193],[-84.87256,38.20065],[-84.87449,38.19765],[-84.8778,38.1985],[-84.879,38.19492],[-84.87436,38.19479],[-84.87398,38.19765],[-84.87102,38.19826],[-84.85977,38.19866],[-84.85376,38.18436],[-84.85943,38.17532],[-84.85754,38.17438],[-84.85136,38.16223],[-84.85085,38.15737],[-84.85394,38.15413],[-84.85256,38.14914],[-84.84312,38.14657],[-84.83368,38.14941],[-84.83196,38.14387],[-84.82267,38.13839],[-84.82183,38.13537],[-84.82407,38.13113],[-84.82286,38.12551],[-84.82743,38.12215],[-84.82595,38.11835],[-84.81152,38.11243],[-84.81071,38.11568],[-84.80783,38.11639],[-84.80969,38.12061],[-84.80883,38.12946],[-84.81016,38.13365],[-84.79484,38.13229],[-84.7875,38.13709],[-84.73515,38.06526],[-84.72339,38.06053],[-84.71377,38.05086],[-84.65,38.04356],[-84.63593,38.04066],[-84.62374,38.04302],[-84.57636,38.0441],[-84.52323,38.04998],[-84.52486,38.05323],[-84.52409,38.05762],[-84.5319,38.05836],[-84.5513,38.06505],[-84.56938,38.07845],[-84.58239,38.08475],[-84.59616,38.08831],[-84.60449,38.09226],[-84.60383,38.09537],[-84.60058,38.09684],[-84.60333,38.10017],[-84.60086,38.1049],[-84.59732,38.10586],[-84.59661,38.0978],[-84.59855,38.09556],[-84.60091,38.0964]]}},{"type":"Feature","properties":{"day":128,"label":"Day 128","description":"across kentucky","miles":173.1},"geometry":{"type":"LineString","coordinates":[[-85.75396,38.27922],[-85.7543,38.28307],[-85.75627,38.28461],[-85.75018,38.27963],[-85.74151,38.2582],[-85.74246,38.25416],[-85.75215,38.2493],[-85.75335,38.23953],[-85.75061,38.2336],[-85.7525,38.20898],[-85.73576,38.2015],[-85.73284,38.19435],[-85.72083,38.18072],[-85.71928,38.17681],[-85.72083,38.16196],[-85.70263,38.1297],[-85.70177,38.12497],[-85.70091,38.08809],[-85.69834,38.05215],[-85.69628,38.04255],[-85.69628,38.01456],[-85.70572,37.9963],[-85.69679,37.97682],[-85.6937,37.9599],[-85.68924,37.9534],[-85.68718,37.91603],[-85.6877,37.91238],[-85.6992,37.89572],[-85.69868,37.88596],[-85.70829,37.85751],[-85.71379,37.85005],[-85.71705,37.83541],[-85.72254,37.82633],[-85.7452,37.80748],[-85.75464,37.79256],[-85.77095,37.78659],[-85.77335,37.77913],[-85.79172,37.76746],[-85.79704,37.75769],[-85.79412,37.74425],[-85.8264,37.72321],[-85.8288,37.71927],[-85.83223,37.70419],[-85.84116,37.69075],[-85.84339,37.68205],[-85.84837,37.67676],[-85.8518,37.67676],[-85.8585,37.68002],[-85.86279,37.67947],[-85.87292,37.67281],[-85.89077,37.65338],[-85.89798,37.64958],[-85.90965,37.64876],[-86.02192,37.57615],[-86.0899,37.55302],[-86.11942,37.54975],[-86.14517,37.52661],[-86.15273,37.51163],[-86.15822,37.50727],[-86.16165,37.50183],[-86.17916,37.49611],[-86.20045,37.49229],[-86.27563,37.46641],[-86.28799,37.46668],[-86.29726,37.46505],[-86.31374,37.45524],[-86.32233,37.45197],[-86.36799,37.44188],[-86.38241,37.4337],[-86.39133,37.4228],[-86.41262,37.41435],[-86.46412,37.40835],[-86.506,37.41325],[-86.5424,37.40916],[-86.56334,37.39716],[-86.57433,37.39471],[-86.61449,37.39144],[-86.65604,37.38407],[-86.67423,37.38844],[-86.69277,37.38735],[-86.7144,37.39307],[-86.74942,37.39225],[-86.75766,37.39335],[-86.79405,37.39089],[-86.85413,37.36224],[-86.89396,37.35215],[-86.91044,37.35488],[-86.92108,37.3516],[-86.93928,37.34178],[-86.96743,37.33004],[-86.98219,37.3314],[-86.98872,37.3284],[-86.99696,37.32103],[-87.00245,37.31939],[-87.0258,37.32021],[-87.03198,37.32185],[-87.04914,37.31693],[-87.06047,37.30819],[-87.06287,37.3041],[-87.0797,37.29591],[-87.08519,37.28853],[-87.09755,37.28443],[-87.09995,37.28225],[-87.1106,37.28198],[-87.13532,37.27515],[-87.15626,37.27241],[-87.17583,37.25848],[-87.18647,37.25493],[-87.23556,37.24837],[-87.24827,37.24427],[-87.25788,37.23853],[-87.29256,37.22951],[-87.31968,37.23634],[-87.35435,37.23525],[-87.35882,37.23251],[-87.37461,37.22924],[-87.40379,37.21283],[-87.4728,37.21229],[-87.60326,37.18849],[-87.66541,37.19971],[-87.70145,37.19533],[-87.73647,37.17673],[-87.74197,37.17071],[-87.75398,37.16661],[-87.7636,37.1595],[-87.77355,37.15594],[-87.78763,37.15348],[-87.81029,37.14144],[-87.84908,37.13979],[-87.87106,37.13268],[-87.87346,37.12145],[-87.8817,37.1105]]}},{"type":"Feature","properties":{"day":129,"label":"Day 129","description":"Illinois and Missouri","miles":135.4},"geometry":{"type":"LineString","coordinates":[[-87.90803,37.10763],[-87.89719,37.1174],[-87.88663,37.11066],[-87.88157,37.10927],[-87.89713,37.11757],[-87.89303,37.12356],[-87.95019,37.10954],[-87.96427,37.11105],[-87.9859,37.10667],[-88.02658,37.10954],[-88.03551,37.10462],[-88.05954,37.1001],[-88.09061,37.08545],[-88.104,37.08312],[-88.12031,37.0749],[-88.12511,37.07463],[-88.1337,37.07737],[-88.14503,37.07079],[-88.16082,37.06887],[-88.17833,37.06121],[-88.18502,37.06093],[-88.20013,37.06422],[-88.23309,37.05668],[-88.26467,37.04271],[-88.29609,37.01749],[-88.31514,37.01228],[-88.32012,37.009],[-88.3287,36.9983],[-88.33591,36.99213],[-88.35772,36.98953],[-88.43325,36.99254],[-88.44355,36.99446],[-88.49831,36.99542],[-88.52783,36.99323],[-88.53298,36.99405],[-88.56766,37.009],[-88.59512,37.0153],[-88.62877,37.03654],[-88.64868,37.04696],[-88.65692,37.05682],[-88.694,37.04696],[-88.70361,37.04586],[-88.7146,37.04093],[-88.73726,37.03435],[-88.74962,37.0338],[-88.75786,37.02777],[-88.81073,37.01242],[-88.843,37.00529],[-88.86978,37.0042],[-88.88489,36.99049],[-88.95699,36.98939],[-88.98102,36.99104],[-88.98445,36.98555],[-88.99475,36.98555],[-89.02016,36.97842],[-89.03732,36.97787],[-89.05037,36.97239],[-89.07715,36.96855],[-89.08333,36.96471],[-89.09294,36.96471],[-89.09569,36.97348],[-89.11972,36.99652],[-89.13963,37.00091],[-89.15199,36.98884],[-89.16229,36.99542],[-89.16367,36.99926],[-89.18014,37.00584],[-89.18632,37.02394],[-89.1877,37.03928],[-89.20212,37.04312],[-89.2028,37.0349],[-89.23233,36.99597],[-89.33533,36.90598],[-89.43901,36.90598],[-89.61136,36.84501],[-89.72465,36.83842],[-89.94146,36.81629],[-89.96979,36.80915],[-89.97047,36.79458]]}},{"type":"Feature","properties":{"day":130,"label":"Day 130","description":"Into Illinois","miles":99.9},"geometry":{"type":"LineString","coordinates":[[-89.98386,36.80358],[-89.97013,36.80358],[-89.96979,36.8086],[-89.9667,36.81011],[-89.93717,36.81726],[-89.71847,36.83897],[-89.60998,36.84611],[-89.43661,36.90653],[-89.33739,36.90653],[-89.33258,36.90927],[-89.23233,36.99597],[-89.2028,37.03517],[-89.19903,37.05024],[-89.18976,37.06641],[-89.18735,37.10859],[-89.16367,37.16278],[-89.15749,37.1915],[-89.15749,37.27241],[-89.1544,37.42389],[-89.15405,37.42852],[-89.14341,37.4487],[-89.16779,37.45333],[-89.20212,37.45687],[-89.21448,37.4626],[-89.22752,37.46369],[-89.23302,37.47867],[-89.23233,37.50019],[-89.22684,37.52361],[-89.22237,37.53287],[-89.22169,37.5424],[-89.23645,37.57778],[-89.23267,37.60281],[-89.23426,37.61522],[-89.22752,37.61583],[-89.22392,37.61338],[-89.21577,37.61284],[-89.21173,37.61375],[-89.21049,37.61525],[-89.21117,37.6178],[-89.20916,37.61767],[-89.20585,37.6214],[-89.20572,37.62446],[-89.19967,37.62562],[-89.1971,37.62259],[-89.19233,37.6214],[-89.19126,37.61974],[-89.19388,37.61277],[-89.19444,37.60447],[-89.19336,37.60345],[-89.18856,37.60332],[-89.18281,37.6107],[-89.17221,37.61087],[-89.16757,37.60682],[-89.16791,37.60522]]}},{"type":"Feature","properties":{"day":133,"label":"Day 133","description":"Towards Chicago","miles":278.1},"geometry":{"type":"LineString","coordinates":[[-89.16744,37.60512],[-89.17173,37.61076],[-89.18298,37.6107],[-89.18126,37.61886],[-89.16384,37.62626],[-89.16246,37.64727],[-89.16581,37.6523],[-89.17191,37.65515],[-89.17148,37.67513],[-89.17911,37.69414],[-89.18555,37.70365],[-89.18512,37.73393],[-89.18641,37.73543],[-89.1816,37.73801],[-89.1592,37.74377],[-89.1471,37.74486],[-88.9787,37.74493],[-88.95638,37.73929],[-88.95844,37.74004],[-88.94531,37.77669],[-88.94583,37.81616],[-88.94136,37.87946],[-88.94651,37.89829],[-88.94669,37.92822],[-88.94583,37.93283],[-88.93621,37.94691],[-88.93536,37.9507],[-88.93501,37.99386],[-88.92592,38.01415],[-88.92386,38.06499],[-88.91235,38.08742],[-88.91167,38.13807],[-88.91373,38.15683],[-88.9048,38.17735],[-88.90394,38.18342],[-88.90463,38.19111],[-88.91081,38.20312],[-88.91064,38.2108],[-88.90617,38.22362],[-88.906,38.24384],[-88.90772,38.25004],[-88.91012,38.25261],[-88.92849,38.26218],[-88.9321,38.26743],[-88.93278,38.27323],[-88.94308,38.29209],[-88.95269,38.31486],[-88.95527,38.32509],[-88.9539,38.34166],[-88.94995,38.35189],[-88.94892,38.38258],[-88.94995,38.4306],[-88.95973,38.46421],[-88.95956,38.51083],[-88.96454,38.53071],[-88.9642,38.59393],[-88.96849,38.60507],[-88.97244,38.62921],[-88.97261,38.68256],[-88.97072,38.68765],[-88.94394,38.70909],[-88.90875,38.74163],[-88.90051,38.74739],[-88.88695,38.7672],[-88.8751,38.77697],[-88.86635,38.78232],[-88.84455,38.79102],[-88.83631,38.79624],[-88.82052,38.81336],[-88.79356,38.82928],[-88.77846,38.8488],[-88.74172,38.87486],[-88.71666,38.89745],[-88.67409,38.92469],[-88.64662,38.94673],[-88.61555,38.97983],[-88.59221,38.99411],[-88.58809,39.00038],[-88.58654,39.04692],[-88.58225,39.05732],[-88.5807,39.08917],[-88.57418,39.10129],[-88.56474,39.13232],[-88.55736,39.13911],[-88.55066,39.14191],[-88.50861,39.14963],[-88.5062,39.15296],[-88.50449,39.18783],[-88.50174,39.19634],[-88.49659,39.20432],[-88.48492,39.21576],[-88.48286,39.23278],[-88.46535,39.27851],[-88.45711,39.29206],[-88.44097,39.30986],[-88.43823,39.31544],[-88.43788,39.32075],[-88.39291,39.41683],[-88.32252,39.46403],[-88.32115,39.46986],[-88.32218,39.50325],[-88.31325,39.52126],[-88.31222,39.58373],[-88.29403,39.6123],[-88.29334,39.66465],[-88.29163,39.67469],[-88.29163,39.70085],[-88.293,39.70639],[-88.29231,39.74415],[-88.29025,39.74917],[-88.26416,39.77477],[-88.26519,39.89077],[-88.26691,39.89499],[-88.27171,39.89946],[-88.29884,39.92001],[-88.30227,39.92554],[-88.3033,39.93343],[-88.30502,40.12403],[-88.30364,40.12875],[-88.26141,40.16602],[-88.22021,40.2051],[-88.20339,40.22345],[-88.18279,40.27298],[-88.18417,40.31357],[-88.18211,40.31959],[-88.14468,40.36721],[-88.11276,40.43676],[-88.11241,40.46131],[-88.0846,40.50806],[-88.08426,40.52241],[-88.08186,40.52763],[-88.06538,40.54355],[-88.06057,40.55137],[-88.06057,40.59492],[-88.0592,40.6017],[-88.04031,40.61812],[-88.03825,40.62333],[-88.03825,40.63454],[-88.03448,40.64548],[-88.03585,40.68012],[-88.02761,40.69183],[-88.02761,40.71734],[-88.02624,40.7215],[-88.00976,40.73607],[-88.00633,40.74309],[-88.00633,40.78028],[-88.0053,40.78366],[-87.99946,40.78886],[-87.99843,40.79328],[-87.99774,40.83174],[-87.99019,40.84239],[-87.98916,40.86342],[-87.98435,40.87069],[-87.96787,40.88289],[-87.94865,40.9174],[-87.93182,40.92622],[-87.92667,40.9353],[-87.92702,40.94386],[-87.92461,40.9532],[-87.90882,40.99363],[-87.90505,40.99907],[-87.9047,41.01151],[-87.88341,41.06744],[-87.87968,41.07185],[-87.86863,41.07655]]}},{"type":"Feature","properties":{"day":134,"label":"Day 134","description":"Around Chicago","miles":76.4},"geometry":{"type":"LineString","coordinates":[[-87.86917,41.07663],[-87.852,41.07715],[-87.84634,41.07883],[-87.83792,41.08375],[-87.83432,41.091],[-87.83638,41.14311],[-87.84582,41.16586],[-87.86419,41.17349],[-87.86573,41.17736],[-87.86711,41.21766],[-87.82179,41.31405],[-87.81389,41.35246],[-87.78025,41.38248],[-87.76154,41.40733],[-87.75673,41.45881],[-87.74368,41.49328],[-87.74282,41.49906],[-87.74317,41.56126],[-87.73888,41.56768],[-87.70437,41.58245],[-87.68583,41.58297],[-87.67038,41.57809],[-87.63708,41.57821],[-87.62455,41.57975],[-87.59108,41.5777],[-87.53031,41.57796],[-87.51297,41.57423],[-87.44774,41.57385],[-87.43607,41.57064],[-87.36156,41.56987],[-87.34508,41.56768],[-87.30646,41.5682],[-87.27488,41.57398],[-87.23179,41.58592],[-87.21411,41.59606],[-87.18304,41.60196],[-87.17411,41.60235],[-87.17342,41.613],[-87.17016,41.6166],[-87.15866,41.61673],[-87.15368,41.61981],[-87.13188,41.61801],[-87.12158,41.62045],[-87.11437,41.62661],[-87.07111,41.63931],[-87.04742,41.64944],[-87.04863,41.65662],[-87.05257,41.65855]]}},{"type":"Feature","properties":{"day":136,"label":"Day 136","description":"Into Chicago","miles":64.4},"geometry":{"type":"LineString","coordinates":[[-87.05618,41.65714],[-87.05292,41.65791],[-87.04845,41.65637],[-87.0476,41.64931],[-87.07232,41.6388],[-87.11283,41.62725],[-87.12141,41.62045],[-87.13257,41.61762],[-87.15557,41.61968],[-87.19883,41.61557],[-87.25565,41.60158],[-87.26149,41.59824],[-87.28517,41.59478],[-87.30131,41.59529],[-87.31024,41.60171],[-87.33736,41.60492],[-87.35384,41.60903],[-87.38354,41.60941],[-87.39744,41.60697],[-87.42285,41.61018],[-87.47675,41.61108],[-87.48859,41.61685],[-87.49168,41.62443],[-87.50439,41.63315],[-87.50628,41.63623],[-87.50679,41.6429],[-87.51486,41.65342],[-87.52258,41.67522],[-87.52173,41.69676],[-87.52276,41.70112],[-87.52636,41.70534],[-87.5358,41.71393],[-87.54627,41.72021],[-87.62026,41.77464],[-87.6261,41.77502],[-87.63073,41.77848],[-87.63056,41.84297],[-87.64309,41.84783],[-87.64532,41.85205],[-87.64395,41.85844],[-87.64601,41.88643],[-87.65871,41.89717],[-87.66094,41.90611],[-87.66849,41.91658],[-87.67776,41.92233],[-87.67897,41.96153],[-87.66592,41.96166],[-87.66472,41.9586],[-87.65991,41.96128],[-87.65905,41.96],[-87.66129,41.95757],[-87.66438,41.95796],[-87.65047,41.93996],[-87.63845,41.94034],[-87.6333,41.93638],[-87.63142,41.93357],[-87.63193,41.92961],[-87.62884,41.91799],[-87.62558,41.91224],[-87.62386,41.90253],[-87.61957,41.90074],[-87.61408,41.89193],[-87.61391,41.88432],[-87.62069,41.88458],[-87.62077,41.881],[-87.62464,41.88106],[-87.62464,41.88822],[-87.63262,41.88701],[-87.63279,41.88464],[-87.6279,41.88458],[-87.62781,41.87576],[-87.62412,41.8757],[-87.62412,41.88445]]}},{"type":"Feature","properties":{"day":137,"label":"Day 137","description":"Around Chicago","miles":55.3},"geometry":{"type":"LineString","coordinates":[[-87.05704,41.66137],[-87.0488,41.66137],[-87.04468,41.65008],[-87.06974,41.63982],[-87.11266,41.62699],[-87.12296,41.61981],[-87.13429,41.61827],[-87.15935,41.61981],[-87.19265,41.61621],[-87.25685,41.60209],[-87.26303,41.59773],[-87.27573,41.59773],[-87.29153,41.5949],[-87.35264,41.60877],[-87.38148,41.61005],[-87.3983,41.60646],[-87.41856,41.60954],[-87.4752,41.61082],[-87.48928,41.6175],[-87.49203,41.62597],[-87.50542,41.63469],[-87.50748,41.64418],[-87.514,41.65034],[-87.52258,41.67625],[-87.52224,41.69932],[-87.5243,41.70291],[-87.53769,41.7147],[-87.54524,41.71854],[-87.55005,41.72418],[-87.62077,41.7749],[-87.6273,41.7749],[-87.63107,41.78027],[-87.63176,41.80817],[-87.62936,41.81278],[-87.63107,41.84348],[-87.64412,41.84834],[-87.64549,41.85294],[-87.64412,41.85627],[-87.64575,41.88215],[-87.64764,41.88873],[-87.64764,41.8925],[-87.63253,41.89244],[-87.63322,41.91135],[-87.63159,41.91109],[-87.63125,41.89666],[-87.67708,41.89602],[-87.67734,41.91045],[-87.6727,41.90726],[-87.67545,41.90554],[-87.6745,41.9072],[-87.67708,41.90879]]}},{"type":"Feature","properties":{"day":138,"label":"Day 138","description":"RV History Museum and Michigan","miles":145.7},"geometry":{"type":"LineString","coordinates":[[-87.05704,41.65765],[-87.05069,41.65932],[-87.04845,41.65637],[-87.04828,41.6488],[-87.06322,41.64341],[-87.06253,41.63931],[-87.0591,41.63546],[-87.04845,41.62879],[-87.04554,41.62468],[-87.03009,41.62494],[-87.02305,41.62686],[-86.964,41.65816],[-86.87593,41.65816],[-86.87078,41.65996],[-86.85551,41.67278],[-86.83165,41.67676],[-86.81328,41.68766],[-86.80778,41.69342],[-86.73655,41.68561],[-86.73861,41.67932],[-86.73861,41.66329],[-86.7314,41.6647],[-86.73122,41.66637],[-86.72075,41.67086],[-86.70942,41.6733],[-86.69912,41.67471],[-86.67681,41.67355],[-86.67217,41.67484],[-86.66548,41.68086],[-86.64642,41.68945],[-86.63492,41.69881],[-86.62651,41.70329],[-86.60128,41.72482],[-86.59596,41.72649],[-86.57381,41.72674],[-86.54068,41.73622],[-86.53296,41.74007],[-86.52369,41.74237],[-86.50291,41.74314],[-86.45966,41.75582],[-86.45227,41.75518],[-86.43717,41.74865],[-86.40781,41.74801],[-86.3879,41.73545],[-86.37949,41.73187],[-86.36988,41.73033],[-86.31168,41.7302],[-86.30499,41.72892],[-86.29194,41.7229],[-86.25006,41.72239],[-86.24062,41.71777],[-86.22911,41.71649],[-86.17418,41.71662],[-86.16543,41.71854],[-86.14414,41.73033],[-86.13144,41.73353],[-86.11033,41.73379],[-86.0911,41.73123],[-86.02364,41.73328],[-85.90519,41.72943],[-85.88785,41.7302],[-85.88579,41.72905],[-85.88459,41.73046],[-85.88596,41.73763],[-85.88888,41.73942],[-85.88871,41.7261],[-85.88339,41.72642],[-85.87918,41.72924],[-85.88287,41.72642],[-85.88871,41.72578],[-85.88871,41.74007],[-85.88622,41.74224],[-85.88056,41.74256],[-85.87772,41.74673],[-85.87772,41.78334],[-85.8942,41.77874],[-85.90279,41.7731],[-85.95085,41.76875],[-85.9687,41.77387],[-85.98312,41.78258],[-86.03977,41.7964],[-86.04664,41.79666],[-86.05488,41.79998],[-86.06964,41.79819],[-86.07685,41.80049],[-86.13968,41.78539],[-86.16509,41.78181],[-86.19358,41.78258],[-86.20834,41.78949],[-86.21864,41.80485],[-86.22517,41.80485],[-86.23135,41.80126],[-86.26705,41.80152],[-86.2952,41.8051],[-86.39717,41.80536],[-86.42052,41.79384],[-86.44524,41.79358],[-86.46172,41.79845],[-86.71715,41.79921],[-86.72058,41.80049],[-86.73466,41.79794],[-86.76521,41.7859],[-86.81225,41.75236],[-86.87267,41.72674],[-86.90391,41.71906],[-86.91318,41.71444],[-86.92451,41.70598],[-86.93276,41.70522],[-86.9331,41.69548],[-86.9973,41.66804],[-87.06356,41.64264],[-87.06905,41.65265],[-87.05841,41.65701]]}},{"type":"Feature","properties":{"day":139,"label":"Day 139","description":"Illinois Beach State Park","miles":97.6},"geometry":{"type":"LineString","coordinates":[[-87.05601,41.65791],[-87.06287,41.65521],[-87.06339,41.64316],[-87.06219,41.63854],[-87.05875,41.63559],[-87.08674,41.62353],[-87.096,41.61326],[-87.11334,41.60453],[-87.13394,41.60043],[-87.17995,41.5985],[-87.19797,41.59067],[-87.22046,41.59426],[-87.27316,41.5976],[-87.28243,41.59555],[-87.30251,41.59567],[-87.33221,41.6044],[-87.35247,41.60838],[-87.37976,41.60992],[-87.39778,41.6071],[-87.43401,41.61031],[-87.4752,41.61133],[-87.48928,41.61775],[-87.49168,41.62519],[-87.50542,41.63392],[-87.50713,41.6429],[-87.51469,41.65342],[-87.5219,41.67573],[-87.52361,41.70265],[-87.55005,41.72392],[-87.61837,41.77336],[-87.62798,41.77541],[-87.6321,41.7813],[-87.63039,41.81406],[-87.63107,41.84425],[-87.64103,41.84783],[-87.64515,41.85166],[-87.64446,41.86956],[-87.64584,41.88643],[-87.64755,41.88899],[-87.65957,41.89819],[-87.66129,41.90662],[-87.66781,41.91607],[-87.71622,41.94264],[-87.71965,41.94774],[-87.74643,41.96357],[-87.74815,41.96945],[-87.74677,41.98017],[-87.75227,41.98884],[-87.74849,42.0016],[-87.74952,42.01028],[-87.76909,42.02609],[-87.76874,42.03374],[-87.7636,42.04062],[-87.76119,42.05465],[-87.75501,42.06102],[-87.75501,42.06663],[-87.75845,42.07147],[-87.75845,42.08905],[-87.78557,42.12929],[-87.78831,42.13846],[-87.80067,42.15526],[-87.81269,42.16697],[-87.81578,42.17536],[-87.84702,42.21962],[-87.85664,42.23614],[-87.86247,42.24072],[-87.86282,42.26283],[-87.86556,42.27147],[-87.87003,42.27807],[-87.87071,42.28442],[-87.8762,42.29077],[-87.87552,42.30601],[-87.88616,42.33901],[-87.89234,42.34839],[-87.89509,42.35651],[-87.89475,42.36768],[-87.89818,42.37529],[-87.91672,42.38061],[-87.93766,42.40799],[-87.93869,42.42878],[-87.8532,42.42878],[-87.8429,42.43081],[-87.81647,42.42947],[-87.80977,42.43036],[-87.80994,42.4348],[-87.80849,42.4348]]}},{"type":"Feature","properties":{"day":140,"label":"Day 140","description":"Into Wisconsin","miles":135.4},"geometry":{"type":"LineString","coordinates":[[-87.80806,42.43397],[-87.80806,42.43004],[-87.82574,42.42979],[-87.82522,42.4707],[-87.82196,42.48729],[-87.82368,42.50653],[-87.82265,42.5126],[-87.82642,42.53057],[-87.82471,42.53588],[-87.82539,42.56674],[-87.82162,42.57912],[-87.82333,42.6044],[-87.82093,42.6092],[-87.82093,42.61678],[-87.82539,42.61981],[-87.80994,42.66174],[-87.80926,42.66906],[-87.79621,42.69707],[-87.79312,42.6996],[-87.79389,42.71549],[-87.79046,42.71561],[-87.80668,42.71404],[-87.81587,42.71845],[-87.93079,42.72015],[-87.95414,42.72558],[-87.95225,42.84123],[-87.94933,42.84551],[-87.93818,42.85508],[-87.93749,42.85936],[-87.93406,42.96245],[-87.93165,42.96522],[-87.91878,42.9671],[-87.91552,42.96949],[-87.91655,42.98154],[-87.91363,42.9882],[-87.91637,43.00251],[-87.91603,43.01758],[-87.91964,43.02134],[-87.92273,43.02887],[-87.9229,43.03439],[-87.92444,43.03552],[-87.9435,43.03565],[-87.95208,43.03238],[-87.96822,43.03358],[-87.97307,43.04214],[-87.97268,43.04471],[-87.97092,43.04427],[-87.97105,43.04264],[-87.96457,43.04198],[-87.95757,43.04394],[-87.96727,43.04597],[-87.97111,43.0443],[-87.97118,43.04275],[-87.97358,43.04364],[-87.9715,43.03845],[-87.97216,43.03326],[-87.97834,43.03075],[-87.99585,43.03038],[-88.00873,43.02749],[-88.02881,43.02799],[-88.03431,43.02649],[-88.03637,43.02435],[-88.03911,42.98117],[-88.03808,42.96723],[-88.04083,42.95994],[-88.04838,42.95705],[-88.07911,42.95868],[-88.09765,42.95806],[-88.12563,42.94185],[-88.18228,42.9279],[-88.20717,42.91482],[-88.25746,42.89873],[-88.29969,42.86565],[-88.32201,42.85155],[-88.35617,42.82487],[-88.37059,42.80623],[-88.38123,42.79943],[-88.38862,42.78368],[-88.39548,42.77802],[-88.42672,42.76794],[-88.43857,42.75344],[-88.45196,42.74323],[-88.48251,42.70805],[-88.50466,42.69203],[-88.53024,42.66628],[-88.53573,42.65896],[-88.56131,42.64621],[-88.59341,42.64444],[-88.60147,42.64242],[-88.63546,42.61539],[-88.64267,42.61261],[-88.65194,42.61324],[-88.66774,42.62019],[-88.67409,42.62095],[-88.72061,42.61059],[-88.75597,42.58684],[-88.76421,42.5833],[-88.79305,42.57799],[-88.81004,42.5723],[-88.86601,42.57192],[-88.88283,42.57331],[-88.89244,42.57268],[-88.90257,42.56914],[-88.95699,42.53411],[-88.97535,42.52766],[-88.9757,42.51754],[-88.97776,42.51349],[-88.99063,42.5021],[-88.99372,42.49336],[-88.99492,42.45715],[-89.07234,42.45563]]}},{"type":"Feature","properties":{"day":141,"label":"Day 141","description":"Into Iowa","miles":164.6},"geometry":{"type":"LineString","coordinates":[[-89.02702,42.45462],[-89.02737,42.45652],[-89.01466,42.4569],[-89.01484,42.46057],[-89.01449,42.45639],[-88.99733,42.45715],[-88.98565,42.42536],[-88.98548,42.40863],[-88.96437,42.36463],[-88.96505,42.25393],[-88.96076,42.24796],[-88.96574,42.23945],[-88.97999,42.22623],[-88.99183,42.22064],[-89.00591,42.22026],[-89.01329,42.21263],[-89.01243,42.20869],[-89.01415,42.20551],[-89.02205,42.20029],[-89.02376,42.19508],[-89.02256,42.07045],[-89.01896,42.0572],[-89.02067,42.04458],[-89.02033,41.97787],[-89.02411,41.96153],[-89.02308,41.90866],[-89.02702,41.90432],[-89.05552,41.90036],[-89.07166,41.90023],[-89.09002,41.89142],[-89.14083,41.87953],[-89.16023,41.87148],[-89.21946,41.85422],[-89.27868,41.83312],[-89.29705,41.82327],[-89.43781,41.82263],[-89.44914,41.82468],[-89.46768,41.82046],[-89.47987,41.81674],[-89.4924,41.80766],[-89.5245,41.79512],[-89.54252,41.78219],[-89.56621,41.77822],[-89.60432,41.76645],[-89.62543,41.76606],[-89.645,41.75274],[-89.65376,41.75134],[-89.7547,41.75121],[-89.79899,41.76529],[-89.84139,41.76504],[-89.84928,41.76184],[-89.8601,41.75287],[-89.9061,41.73007],[-89.94301,41.72777],[-90.03073,41.70714],[-90.0503,41.70611],[-90.05733,41.70381],[-90.07536,41.69201],[-90.08446,41.68945],[-90.11621,41.68907],[-90.13321,41.67958],[-90.14437,41.66163],[-90.16222,41.64457],[-90.19072,41.62712],[-90.19398,41.62327],[-90.19449,41.61647],[-90.19226,41.60119],[-90.19484,41.59298],[-90.2556,41.54597],[-90.26693,41.54238],[-90.28376,41.54122],[-90.30933,41.53415],[-90.31586,41.5339],[-90.33886,41.53814],[-90.34161,41.54263],[-90.34229,41.55664],[-90.34727,41.56357],[-90.35929,41.57115],[-90.37113,41.59028],[-90.37474,41.59349],[-90.40907,41.59747],[-90.5579,41.59465],[-90.59309,41.59953],[-90.63,41.59991],[-90.67068,41.6044],[-90.72201,41.60376],[-90.7984,41.61955],[-90.83685,41.63264],[-90.90139,41.63302],[-90.92852,41.63469],[-91.0195,41.63354],[-91.054,41.64175],[-91.08095,41.6447],[-91.11185,41.64508],[-91.11679,41.64816],[-91.11756,41.64553],[-91.13206,41.64601]]}},{"type":"Feature","properties":{"day":142,"label":"Day 142","description":"across iowa","miles":274.4},"geometry":{"type":"LineString","coordinates":[[-91.12953,41.64585],[-91.11692,41.64566],[-91.11666,41.64803],[-91.11425,41.64495],[-91.16404,41.64662],[-91.19476,41.65675],[-91.23819,41.66329],[-91.25004,41.66265],[-91.24935,41.60055],[-91.25416,41.59516],[-91.25931,41.58001],[-91.26034,41.56743],[-91.25691,41.56511],[-91.2521,41.55201],[-91.25279,41.4826],[-91.28574,41.48106],[-91.33656,41.48466],[-91.35441,41.49598],[-91.53431,41.49623],[-91.55182,41.48698],[-91.56692,41.48595],[-91.58203,41.48003],[-91.57104,41.48569],[-91.55216,41.48698],[-91.55113,41.53557],[-91.54392,41.54893],[-91.54633,41.58874],[-91.55045,41.6044],[-91.55079,41.61596],[-91.57276,41.6388],[-91.62872,41.67932],[-91.63851,41.69419],[-91.73859,41.69483],[-91.77927,41.68727],[-91.93857,41.68791],[-91.95557,41.68676],[-92.04895,41.68714],[-92.14542,41.69586],[-92.44085,41.69612],[-92.50488,41.69471],[-92.55312,41.69676],[-92.7059,41.69496],[-92.72581,41.69637],[-92.7471,41.69496],[-92.85868,41.69496],[-92.89335,41.68342],[-92.94228,41.67983],[-93.05025,41.68394],[-93.07617,41.68368],[-93.09643,41.68112],[-93.12252,41.68163],[-93.16818,41.68637],[-93.20372,41.69958],[-93.20955,41.69996],[-93.24698,41.69342],[-93.24663,41.71406],[-93.2511,41.71995],[-93.25135,41.74519],[-93.25075,41.72059],[-93.24637,41.71367],[-93.24706,41.69317],[-93.27049,41.68714],[-93.29693,41.68259],[-93.4013,41.68035],[-93.4576,41.66958],[-93.48112,41.66227],[-93.50721,41.66201],[-93.60334,41.64944],[-93.7175,41.65291],[-93.769,41.65111],[-93.77535,41.64778],[-93.77689,41.64406],[-93.77706,41.57025],[-93.77621,41.54752],[-93.77295,41.52631],[-93.77415,41.52015],[-93.77998,41.51333],[-93.78084,41.38788],[-93.7793,41.34666],[-93.78015,41.32268],[-93.77827,41.31289],[-93.77981,41.29341],[-93.77861,41.27948],[-93.78101,41.2551],[-93.78033,41.23006],[-93.78702,41.19958],[-93.78393,41.18343],[-93.7841,41.16276],[-93.78736,41.15087],[-93.78822,41.13717],[-93.78239,41.12695],[-93.78187,41.11247],[-93.77741,41.10083],[-93.78136,41.08453],[-93.7817,41.05295],[-93.7944,41.03677],[-93.79406,41.01851],[-93.80058,41.00128],[-93.79784,40.9878],[-93.79715,40.96642],[-93.80007,40.94295],[-93.79698,40.92895],[-93.79801,40.91273],[-93.79646,40.90158],[-93.8011,40.88847],[-93.80453,40.84524],[-93.80608,40.84044],[-93.82461,40.81745],[-93.8344,40.79562],[-93.83732,40.75636],[-93.84247,40.74049],[-93.84556,40.71656],[-93.84659,40.68767],[-93.85689,40.65668],[-93.86616,40.64548],[-93.94924,40.56442],[-94.01138,40.34497],[-94.01344,40.26512],[-94.02683,40.26538]]}},{"type":"Feature","properties":{"day":143,"label":"Day 143","description":"into kansas","miles":148.7},"geometry":{"type":"LineString","coordinates":[[-94.02615,40.26538],[-94.01276,40.26512],[-94.01585,40.17809],[-94.06735,40.10906],[-94.09344,40.08096],[-94.09653,40.00973],[-94.09447,39.97344],[-94.1082,39.95344],[-94.13807,39.92448],[-94.16863,39.87154],[-94.21703,39.76395],[-94.22012,39.75392],[-94.22047,39.72858],[-94.23592,39.66835],[-94.23351,39.66544],[-94.23729,39.65989],[-94.23866,39.61812],[-94.23454,39.60913],[-94.23695,39.47066],[-94.24381,39.46562],[-94.24381,39.46217],[-94.22939,39.44865],[-94.22974,39.37996],[-94.23454,39.37279],[-94.23549,39.36496],[-94.24381,39.34585],[-94.24905,39.34074],[-94.24922,39.33808],[-94.23154,39.33815],[-94.23094,39.33695],[-94.22811,39.33914],[-94.22424,39.33881],[-94.2233,39.34226],[-94.22424,39.33808],[-94.22699,39.33729],[-94.22708,39.33463],[-94.22793,39.33775],[-94.23085,39.33662],[-94.23205,39.33848],[-94.24948,39.33788],[-94.24948,39.3408],[-94.28467,39.3258],[-94.30355,39.32474],[-94.35024,39.30242],[-94.38148,39.29313],[-94.40311,39.28967],[-94.44843,39.26309],[-94.45049,39.2522],[-94.47384,39.21762],[-94.48895,39.20725],[-94.50783,39.20007],[-94.51607,39.18809],[-94.53735,39.17426],[-94.55589,39.17159],[-94.56963,39.18011],[-94.58542,39.18011],[-94.60465,39.18889],[-94.61666,39.19129],[-94.62181,39.18597],[-94.62868,39.16201],[-94.64653,39.15908],[-94.65786,39.14737],[-94.66644,39.1455],[-94.6764,39.13778],[-94.67743,39.12314],[-94.68189,39.11754],[-94.68189,39.10609],[-94.76429,39.10502],[-94.8127,39.10715],[-94.84943,39.10502],[-94.9126,39.08957],[-94.91878,39.08957],[-94.92943,39.08504],[-94.972,39.07944],[-94.99912,39.07225],[-95.02831,39.06771],[-95.03792,39.06531],[-95.05611,39.05625],[-95.07603,39.05092],[-95.09251,39.04372],[-95.1265,39.02532],[-95.13645,39.02158],[-95.15499,39.00905],[-95.16632,39.00638],[-95.18932,38.99624],[-95.20306,38.99384],[-95.22812,38.9933],[-95.25799,38.98957],[-95.2906,38.99731],[-95.31635,38.99864],[-95.33386,38.99597],[-95.34382,38.99811],[-95.34347,38.9917],[-95.33558,38.97996],[-95.33386,38.97142],[-95.33489,38.95727],[-95.33764,38.94633],[-95.33695,38.94286],[-95.34107,38.94446],[-95.34759,38.94392],[-95.35583,38.93965],[-95.36648,38.93805],[-95.37231,38.93431]]}},{"type":"Feature","properties":{"day":144,"label":"Day 144","description":"around kansas","miles":161},"geometry":{"type":"LineString","coordinates":[[-95.36957,38.93805],[-95.35583,38.93858],[-95.34416,38.94392],[-95.33695,38.94446],[-95.33318,38.96074],[-95.33455,38.97756],[-95.33524,38.9805],[-95.3421,38.98904],[-95.34347,38.99624],[-95.35824,38.99731],[-95.36888,38.99998],[-95.41351,39.00051],[-95.43205,39.00264],[-95.49145,39.01785],[-95.52715,39.01838],[-95.56595,39.02905],[-95.60303,39.03199],[-95.61195,39.03119],[-95.62843,39.02479],[-95.67409,38.99197],[-95.69366,38.99117],[-95.7074,38.9789],[-95.72182,38.96181],[-95.73177,38.95941],[-95.73727,38.95567],[-95.75684,38.93351],[-95.77023,38.92683],[-95.7867,38.90947],[-95.80456,38.89504],[-95.8231,38.88275],[-95.8437,38.8619],[-95.85743,38.85548],[-95.87013,38.84024],[-95.8897,38.82821],[-95.90412,38.80092],[-95.93124,38.76238],[-95.96798,38.72302],[-95.98412,38.70802],[-96.00575,38.67613],[-96.01673,38.66809],[-96.03973,38.63752],[-96.04626,38.62277],[-96.05587,38.61177],[-96.12591,38.54682],[-96.13483,38.5342],[-96.15269,38.50089],[-96.18668,38.4716],[-96.19663,38.45547],[-96.22169,38.43638],[-96.25431,38.39146],[-96.26598,38.38042],[-96.27216,38.36912],[-96.29002,38.34973],[-96.29551,38.34058],[-96.30581,38.33142],[-96.33774,38.31203],[-96.34941,38.30179],[-96.35353,38.29398],[-96.37241,38.27619],[-96.37928,38.26703],[-96.3913,38.25705],[-96.39507,38.24061],[-96.41293,38.22739],[-96.42666,38.22497],[-96.4349,38.21633],[-96.43696,38.20689],[-96.44108,38.20365],[-96.44314,38.19799],[-96.4579,38.18369],[-96.47198,38.17397],[-96.49361,38.15076],[-96.52485,38.14185],[-96.56914,38.11592],[-96.57463,38.10863],[-96.5839,38.08944],[-96.59283,38.07809],[-96.64123,38.0462],[-96.75281,37.94203],[-96.76483,37.93418],[-96.77753,37.93039],[-96.80122,37.91522],[-96.82766,37.90384],[-96.83212,37.89978],[-96.84551,37.87594],[-96.85478,37.87106],[-96.86131,37.85588],[-96.9025,37.81873],[-96.91521,37.81087],[-96.94439,37.78537],[-96.97357,37.77017],[-96.99074,37.76339],[-97.09511,37.7281],[-97.16515,37.69686],[-97.18162,37.6879],[-97.1854,37.68409],[-97.1854,37.68056],[-97.20806,37.67866],[-97.20806,37.57778],[-97.24514,37.57724]]}},{"type":"Feature","properties":{"day":148,"label":"Day 148","description":"Into Northern Kansas","miles":271.8},"geometry":{"type":"LineString","coordinates":[[-97.24445,37.57724],[-97.28119,37.57778],[-97.28325,37.58866],[-97.28874,37.59818],[-97.29595,37.62728],[-97.30797,37.64115],[-97.31243,37.65746],[-97.31278,37.68627],[-97.3217,37.71506],[-97.31655,37.73434],[-97.31895,37.7395],[-97.32067,37.76339],[-97.32513,37.77316],[-97.32513,37.78645],[-97.32857,37.79541],[-97.32616,37.81033],[-97.32788,37.84016],[-97.32616,37.85127],[-97.32788,37.93066],[-97.32651,37.98182],[-97.32788,38.01185],[-97.32754,38.02943],[-97.32273,38.0389],[-97.32342,38.06782],[-97.33269,38.07864],[-97.35638,38.08863],[-97.39414,38.12159],[-97.40479,38.13456],[-97.43053,38.15562],[-97.44255,38.17127],[-97.48066,38.19664],[-97.5071,38.22308],[-97.52529,38.23521],[-97.53387,38.24438],[-97.61644,38.31405],[-97.62176,38.32684],[-97.62108,38.46838],[-97.61833,38.48746],[-97.62005,38.49606],[-97.62211,38.72275],[-97.61799,38.73132],[-97.6173,38.79691],[-97.63344,38.81269],[-97.64751,38.84559],[-97.6458,38.87473],[-97.67429,38.87874],[-97.85934,38.87847],[-97.88166,38.87981],[-97.89471,38.87794],[-98.01521,38.87874],[-98.03341,38.8742],[-98.05092,38.87446],[-98.0698,38.86858],[-98.09315,38.86805],[-98.10825,38.85923],[-98.12027,38.85628],[-98.14087,38.85628],[-98.15597,38.85014],[-98.22464,38.84773],[-98.24249,38.84933],[-98.46737,38.8496],[-98.46737,38.86083],[-98.47527,38.8758],[-98.47012,38.89344],[-98.47629,38.91641],[-98.47767,38.93004],[-98.48316,38.93511],[-98.48968,38.94659],[-98.48934,38.95754],[-98.48694,38.96315],[-98.50204,38.96875],[-98.50651,38.97296],[-98.5114,38.97376],[-98.52127,38.98023],[-98.52264,38.98316],[-98.52264,39.05332],[-98.52848,39.05758],[-98.5326,39.06325],[-98.53801,39.06645],[-98.53809,39.05818],[-98.53149,39.05825],[-98.53131,39.05958],[-98.52934,39.05965],[-98.52213,39.05332],[-98.50522,39.04939],[-98.49792,39.04585],[-98.48797,39.03625],[-98.45673,39.03039],[-98.33313,39.03065],[-98.30669,39.04585],[-98.24593,39.04612],[-98.23082,39.05305],[-98.22258,39.05332],[-98.14259,39.05092],[-98.13881,39.04852],[-98.12851,39.03199],[-98.12542,39.03119],[-97.98466,39.03092],[-97.96474,39.01678],[-97.96131,39.01625],[-97.72476,39.01678],[-97.72373,39.0893],[-97.73352,39.08863],[-97.72322,39.0885],[-97.72407,39.01652],[-97.64271,39.01625],[-97.63927,39.00798],[-97.6391,38.97449],[-97.64116,38.96101],[-97.63824,38.94779],[-97.647,38.90573],[-97.64528,38.8913],[-97.64563,38.85722],[-97.64751,38.84332],[-97.63258,38.81283],[-97.61885,38.79985],[-97.61661,38.78647],[-97.61867,38.72824],[-97.62142,38.72155],[-97.62108,38.62344],[-97.6288,38.61271],[-97.63412,38.60869],[-97.70348,38.60923],[-97.70348,38.61151],[-97.7021,38.61151],[-97.70348,38.60855],[-97.70348,38.56562],[-97.68013,38.56629],[-97.67567,38.56924],[-97.66657,38.56911],[-97.66708,38.44942],[-97.62108,38.44942]]}},{"type":"Feature","properties":{"day":153,"label":"Day 153","description":"To the Observatory!","miles":63.4},"geometry":{"type":"LineString","coordinates":[[-97.24428,37.5771],[-97.28016,37.57683],[-97.28394,37.5907],[-97.28891,37.59832],[-97.29097,37.60607],[-97.32428,37.60825],[-97.32788,37.61464],[-97.33681,37.61845],[-97.34041,37.62429],[-97.34642,37.62783],[-97.38642,37.63014],[-97.39431,37.63544],[-97.40118,37.65529],[-97.40135,37.67472],[-97.40873,37.68532],[-97.40925,37.70392],[-97.37474,37.73678],[-97.37406,37.75239],[-97.37577,37.7547],[-97.3847,37.75484],[-97.39981,37.75959],[-97.4398,37.75972],[-97.44598,37.76189],[-97.46332,37.78455],[-97.49491,37.80354],[-97.51362,37.82321],[-97.52048,37.82497],[-97.53765,37.82497],[-97.55773,37.82768],[-97.57318,37.83989],[-97.60563,37.8529],[-97.61713,37.86144],[-97.62709,37.87296],[-97.63378,37.87567],[-97.66365,37.87675],[-97.69129,37.87404],[-97.76356,37.89328],[-97.79017,37.8968],[-97.79823,37.90493],[-97.86638,37.93716],[-97.8669,38.05796],[-97.922,38.05755],[-97.92217,38.07229]]}},{"type":"Feature","properties":{"day":155,"label":"Day 155","description":"Into Oklahoma","miles":142.4},"geometry":{"type":"LineString","coordinates":[[-97.2448,37.57724],[-97.2805,37.57751],[-97.27467,37.55792],[-97.27123,37.55193],[-97.26952,37.52307],[-97.26677,37.51626],[-97.25475,37.50292],[-97.25098,37.49338],[-97.24171,37.48467],[-97.16583,37.43043],[-97.14317,37.42225],[-97.11708,37.39116],[-97.1109,37.39007],[-97.00653,37.3898],[-97.00653,37.27733],[-97.00104,37.26886],[-96.99966,37.24864],[-96.99726,37.24645],[-96.99623,37.23907],[-96.97563,37.24044],[-96.96705,37.24564],[-96.71745,37.24427],[-96.71505,37.24181],[-96.71539,37.20545],[-96.71093,37.19533],[-96.71093,37.17865],[-96.71436,37.17263],[-96.71539,37.11078],[-96.59866,37.11187],[-96.58321,37.10722],[-96.53961,37.10722],[-96.53069,37.1105],[-96.51318,37.1105],[-96.50253,37.11598],[-96.40537,37.11242],[-96.39542,37.11406],[-96.37241,37.11269],[-96.35456,37.11379],[-96.26049,37.11269],[-96.23268,37.099],[-96.22066,37.08586],[-96.20556,37.08257],[-96.18187,37.08394],[-96.11561,37.0823],[-96.06342,37.06997],[-96.04454,37.07079],[-96.02085,37.06778],[-95.92575,37.06696],[-95.92781,37.05983],[-95.9285,37.00118],[-95.9182,36.97815],[-95.91717,36.92355],[-95.91511,36.90241],[-95.91614,36.89363],[-95.93468,36.87358],[-95.93545,36.79918],[-95.93815,36.79918],[-95.9382,36.79808],[-95.93558,36.79805],[-95.93554,36.75071],[-95.97601,36.75102],[-95.97704,36.74659],[-95.96322,36.74621],[-95.95334,36.74253],[-95.93742,36.7426],[-95.93528,36.74494],[-95.93515,36.75068],[-95.9282,36.7503],[-95.91721,36.74377],[-95.91704,36.75181],[-95.91283,36.75126],[-95.91348,36.7535],[-95.91725,36.75192],[-95.91725,36.75704],[-95.93532,36.75701],[-95.93541,36.73541],[-95.94197,36.73744],[-95.94129,36.73637],[-95.94292,36.73548],[-95.94086,36.73376],[-95.93524,36.73524],[-95.93506,36.71364],[-95.9597,36.71367],[-95.95948,36.71584],[-95.9582,36.71508],[-95.95991,36.71384]]}},{"type":"Feature","properties":{"day":157,"label":"Day 157","description":"To Lawrence","miles":175.3},"geometry":{"type":"LineString","coordinates":[[-97.24411,37.57669],[-97.2805,37.57724],[-97.29698,37.62946],[-97.3066,37.63979],[-97.31209,37.65773],[-97.3114,37.67839],[-97.29218,37.67893],[-97.29286,37.69034],[-97.31346,37.6898],[-97.31346,37.67839],[-97.23038,37.67839],[-97.23175,37.67404],[-97.19742,37.67567],[-97.18574,37.68382],[-97.13013,37.71207],[-97.09305,37.72891],[-97.04704,37.74629],[-97.02507,37.75171],[-97.00516,37.75986],[-96.98181,37.76637],[-96.96533,37.77289],[-96.89941,37.82172],[-96.86165,37.85534],[-96.85753,37.86727],[-96.84586,37.87594],[-96.83212,37.90032],[-96.79916,37.91441],[-96.77582,37.93066],[-96.76346,37.93391],[-96.63917,38.04755],[-96.59386,38.07674],[-96.58012,38.09296],[-96.56982,38.11403],[-96.51489,38.14536],[-96.49498,38.14968],[-96.47095,38.17397],[-96.44348,38.19772],[-96.44005,38.20365],[-96.43456,38.20743],[-96.4325,38.21876],[-96.42769,38.2247],[-96.40297,38.23225],[-96.39336,38.24195],[-96.38992,38.25598],[-96.37894,38.2673],[-96.37138,38.27862],[-96.3549,38.29263],[-96.3398,38.30934],[-96.29723,38.33789],[-96.24023,38.40948],[-96.22238,38.4353],[-96.1956,38.45681],[-96.18187,38.47456],[-96.15784,38.49444],[-96.15166,38.50197],[-96.13174,38.54118],[-96.06789,38.60185],[-96.05621,38.61097],[-96.04523,38.62331],[-96.04042,38.63618],[-96.02806,38.64905],[-96.01639,38.66728],[-96.00815,38.67533],[-95.98206,38.70748],[-95.92506,38.76908],[-95.90859,38.7937],[-95.90035,38.80333],[-95.89005,38.8242],[-95.87974,38.83543],[-95.85846,38.85468],[-95.83992,38.86377],[-95.82138,38.88302],[-95.80284,38.8937],[-95.76851,38.92683],[-95.75615,38.93431],[-95.73143,38.95834],[-95.7177,38.96315],[-95.70877,38.97863],[-95.69984,38.98717],[-95.69092,38.99144],[-95.67444,38.99251],[-95.65933,38.99998],[-95.65384,39.00585],[-95.64148,39.01331],[-95.63049,39.02452],[-95.60852,39.03092],[-95.58929,39.03199],[-95.56595,39.02985],[-95.52612,39.01865],[-95.49248,39.01865],[-95.43274,39.00211],[-95.3627,38.99891],[-95.3318,38.99517],[-95.31738,38.99838],[-95.28511,38.99677],[-95.25902,38.98984],[-95.22949,38.99357],[-95.23567,38.98023],[-95.24116,38.97649],[-95.25352,38.97222],[-95.25352,38.96742],[-95.2391,38.96795],[-95.2391,38.97382]]}},{"type":"Feature","properties":{"day":158,"label":"Day 158","description":"Into Kansas City","miles":42.5},"geometry":{"type":"LineString","coordinates":[[-95.25421,38.97062],[-95.25421,38.96688],[-95.23704,38.96795],[-95.23292,38.99357],[-95.20134,38.99304],[-95.18143,38.99784],[-95.16563,39.00585],[-95.14847,39.01225],[-95.0901,39.04372],[-95.03655,39.06611],[-95.01251,39.06878],[-94.96925,39.07944],[-94.92737,39.08371],[-94.91913,39.08904],[-94.90814,39.0901],[-94.84909,39.10449],[-94.81338,39.10609],[-94.75639,39.10396],[-94.74197,39.10662],[-94.71794,39.10396],[-94.70215,39.10609],[-94.68155,39.10502],[-94.66301,39.09756],[-94.6479,39.0965],[-94.62799,39.09063],[-94.62524,39.08317],[-94.62524,39.07411],[-94.61494,39.06878],[-94.61289,39.05865],[-94.60671,39.05652],[-94.60327,39.05705],[-94.60396,39.04265],[-94.62112,39.04372]]}},{"type":"Feature","properties":{"day":159,"label":"Day 159","description":"Back to Iowa","miles":212.6},"geometry":{"type":"LineString","coordinates":[[-94.60327,39.05279],[-94.60465,39.04212],[-94.59847,39.04212],[-94.59503,39.05758],[-94.59435,39.07891],[-94.59091,39.0965],[-94.57718,39.09543],[-94.57237,39.09703],[-94.57169,39.10609],[-94.56482,39.10982],[-94.56482,39.11994],[-94.56894,39.12953],[-94.56619,39.14071],[-94.56139,39.14497],[-94.55864,39.1684],[-94.56139,39.17532],[-94.56688,39.17958],[-94.58611,39.18011],[-94.59572,39.18543],[-94.61563,39.19182],[-94.64928,39.22321],[-94.6582,39.23757],[-94.65958,39.26097],[-94.68498,39.29445],[-94.68842,39.31199],[-94.70009,39.32155],[-94.75639,39.3497],[-94.76807,39.35872],[-94.77493,39.37359],[-94.78935,39.38367],[-94.79004,39.42771],[-94.78523,39.49556],[-94.78867,39.55965],[-94.78867,39.74363],[-94.79622,39.79218],[-94.80514,39.81856],[-94.80583,39.85336],[-94.91226,39.92185],[-94.97337,39.9687],[-95.02007,39.97607],[-95.09628,40.02183],[-95.19241,40.07492],[-95.20958,40.0807],[-95.21301,40.08805],[-95.21576,40.10486],[-95.2343,40.12324],[-95.24391,40.14476],[-95.25284,40.15211],[-95.27687,40.15893],[-95.30777,40.17677],[-95.32425,40.18412],[-95.35034,40.18727],[-95.35995,40.19146],[-95.38055,40.21349],[-95.42175,40.23865],[-95.47119,40.27743],[-95.48218,40.28791],[-95.49728,40.32037],[-95.49728,40.33398],[-95.51926,40.35806],[-95.53574,40.37166],[-95.55496,40.40618],[-95.54398,40.42081],[-95.52612,40.42081],[-95.51445,40.41716],[-95.48767,40.42395],[-95.39703,40.42395],[-95.39017,40.43859],[-95.18829,40.4344],[-95.15808,40.44381],[-95.11826,40.44277],[-95.10452,40.4459],[-95.06058,40.44381],[-95.05371,40.44172],[-95.02625,40.44277],[-95.0235,40.47202],[-95.03311,40.48456],[-95.02899,40.65772],[-95.03998,40.67126],[-95.03655,40.74206],[-95.20889,40.74206],[-95.21164,40.74101],[-95.44029,40.74361],[-95.45197,40.74986],[-95.61813,40.74986],[-95.62706,40.74674],[-95.62775,40.74049],[-95.64697,40.72905],[-95.64629,40.71292],[-95.64835,40.68845],[-95.66277,40.68845],[-95.68611,40.68064],[-95.69916,40.68637],[-95.70671,40.67543],[-95.7074,40.67022],[-95.70396,40.66762],[-95.69641,40.66866]]}},{"type":"Feature","properties":{"day":160,"label":"Day 160","description":"Into Nebraska","miles":195.8},"geometry":{"type":"LineString","coordinates":[[-95.69881,40.66866],[-95.68851,40.68298],[-95.70019,40.68767],[-95.78224,40.68949],[-95.80318,40.7163],[-95.81589,40.72619],[-95.81829,40.73087],[-95.81726,40.75818],[-95.80765,40.77638],[-95.80593,40.80783],[-95.80765,40.82394],[-95.80524,40.85459],[-95.79872,40.88756],[-95.79838,40.91792],[-95.80078,40.94905],[-95.79906,40.96227],[-95.80078,40.98456],[-95.81966,41.04389],[-95.82104,41.06097],[-95.83134,41.0954],[-95.82069,41.13109],[-95.82344,41.2112],[-95.84438,41.23135],[-95.90103,41.23238],[-95.93296,41.22928],[-95.94189,41.22618],[-95.96008,41.22722],[-95.98618,41.22205],[-96.00197,41.2236],[-96.04317,41.22386],[-96.0696,41.22205],[-96.08471,41.22412],[-96.0902,41.22283],[-96.09055,41.21276],[-96.09535,41.20242],[-96.09638,41.19493],[-96.13586,41.16367],[-96.15303,41.15281],[-96.16573,41.13807],[-96.17123,41.13471],[-96.21345,41.11868],[-96.23028,41.10626],[-96.25431,41.09436],[-96.25362,41.09074],[-96.26976,41.08427],[-96.26976,41.08246],[-96.25328,41.0897],[-96.25294,41.0941],[-96.27354,41.08504],[-96.29448,41.0602],[-96.29688,41.05321],[-96.29105,41.03301],[-96.30684,41.01436],[-96.30993,41.01333],[-96.31885,41.01566],[-96.3192,41.01773],[-96.32091,41.01747],[-96.32091,41.01514],[-96.34392,41.01566],[-96.34907,41.01851],[-96.34975,41.02731],[-96.35147,41.02938],[-96.3604,41.03068],[-96.36829,41.03741],[-96.36864,41.08789],[-96.42323,41.08867],[-96.42597,41.091],[-96.42597,41.14376],[-96.42838,41.14609],[-96.48228,41.1479],[-96.48365,41.23445],[-96.50288,41.23445],[-96.50185,41.36702],[-96.50356,41.39948],[-96.49876,41.42934],[-96.49773,41.45173],[-96.49738,41.53428],[-96.50253,41.54507],[-96.50185,41.58874],[-96.50494,41.59362],[-96.53,41.5949],[-96.54202,41.59799],[-96.57909,41.61724],[-96.6045,41.62545],[-96.62991,41.63854],[-96.68552,41.67983],[-96.70853,41.70496],[-96.7099,41.7129],[-96.70544,41.72495],[-96.71127,41.77234],[-96.7099,41.83043],[-96.71196,41.86317],[-96.76311,41.90125],[-96.85272,41.9503],[-96.8771,41.96128],[-96.91383,41.98757],[-96.92825,41.99471],[-96.95023,42.00977],[-96.96842,42.01844],[-97.42607,42.01818],[-97.43294,42.01844],[-97.44324,42.02583]]}},{"type":"Feature","properties":{"day":161,"label":"Day 161","description":"Into South Dakota","miles":320.4},"geometry":{"type":"LineString","coordinates":[[-97.4707,42.03246],[-97.42641,42.03297],[-97.42607,42.69051],[-97.40616,42.70666],[-97.40753,42.72785],[-97.40616,42.80699],[-97.40101,42.84375],[-97.39586,42.85483],[-97.39826,42.86036],[-97.39655,42.881],[-97.39895,42.96622],[-97.39655,42.97727],[-97.39861,42.98481],[-97.39929,43.16537],[-97.40273,43.16863],[-97.41268,43.16963],[-97.41749,43.17238],[-97.41886,43.17614],[-97.42127,43.49502],[-97.41474,43.50001],[-97.39208,43.501],[-97.38899,43.50374],[-97.38865,43.62663],[-97.38419,43.63906],[-97.38453,43.64527],[-97.38831,43.65247],[-97.38865,43.66663],[-97.49474,43.66415],[-97.64786,43.66539],[-97.77386,43.66415],[-97.81471,43.66589],[-97.85076,43.67979],[-97.87651,43.69369],[-97.88475,43.69494],[-97.94827,43.69494],[-98.01315,43.69146],[-98.04714,43.6922],[-98.0468,43.70164],[-98.02963,43.70263],[-98.03066,43.72918],[-98.02586,43.72868],[-98.02586,43.7138],[-98.03066,43.71355],[-98.0286,43.70188],[-98.04886,43.70188],[-98.04817,43.6922],[-98.05366,43.69171],[-98.07014,43.69394],[-98.14774,43.69543],[-98.45638,43.69494],[-98.49621,43.70784],[-98.5017,43.70834],[-98.67233,43.70883],[-98.69534,43.71578],[-98.73859,43.7195],[-98.74649,43.72248],[-98.764,43.7334],[-98.77224,43.73638],[-98.78357,43.73786],[-98.99025,43.73762],[-99.02836,43.74952],[-99.06097,43.75225],[-99.16225,43.752],[-99.18148,43.75349],[-99.20174,43.752],[-99.26045,43.7525],[-99.32842,43.77729],[-99.3401,43.79266],[-99.36276,43.80653],[-99.37237,43.80554],[-99.38404,43.80034],[-99.3964,43.80133],[-99.39468,43.80331],[-99.38301,43.80331],[-99.39846,43.80133],[-99.40464,43.80282],[-99.43245,43.81793],[-99.45991,43.82908],[-99.4891,43.84418],[-99.51759,43.84716],[-99.55673,43.8479],[-99.61922,43.8682],[-99.71226,43.86869],[-99.74247,43.87637],[-99.80152,43.87736],[-99.87431,43.89715],[-100.14896,43.89789],[-100.18707,43.9115],[-100.19394,43.91224],[-100.31342,43.91224],[-100.42774,43.90878],[-100.63511,43.90853],[-100.64575,43.90581],[-100.68317,43.88527],[-100.70583,43.8828],[-100.75562,43.88701],[-100.88093,43.88676],[-100.92007,43.90037],[-100.92762,43.90136],[-101.08383,43.90086],[-101.10409,43.89764],[-101.11816,43.89319],[-101.14181,43.88197],[-101.14383,43.89044],[-101.14893,43.8914]]}},{"type":"Feature","properties":{"day":162,"label":"Day 162","description":"Into the Badlands","miles":63.8},"geometry":{"type":"LineString","coordinates":[[-101.14846,43.8909],[-101.14383,43.89041],[-101.14254,43.88348],[-101.13585,43.88564],[-101.14263,43.88323],[-101.14177,43.88193],[-101.14503,43.87933],[-101.15945,43.87203],[-101.18031,43.86436],[-101.22133,43.84431],[-101.22974,43.8427],[-101.31866,43.84307],[-101.35763,43.84963],[-101.39625,43.85198],[-101.49273,43.8505],[-101.54045,43.83626],[-101.88944,43.83552],[-101.89957,43.84183],[-101.89974,43.81211],[-101.90626,43.79402],[-101.90283,43.78783],[-101.90283,43.78448],[-101.91107,43.77543],[-101.92583,43.76899],[-101.92944,43.75969],[-101.93476,43.76229],[-101.9375,43.76167],[-101.9363,43.7551],[-101.93235,43.74977],[-101.93991,43.75051],[-101.94797,43.74766],[-101.97424,43.73327],[-101.97973,43.72769],[-101.97475,43.73241],[-101.94832,43.74717],[-101.95003,43.75126],[-101.95759,43.75188],[-101.96274,43.75535],[-101.96549,43.75473],[-101.97184,43.75783],[-101.97973,43.75882],[-101.98196,43.75634],[-101.98746,43.75448],[-101.99415,43.75523],[-101.99741,43.75857],[-102.00789,43.7639],[-102.00823,43.76787],[-102.00291,43.7706],[-102.00239,43.77308],[-102.00789,43.77952],[-102.01389,43.78138],[-102.02145,43.78832],[-102.03003,43.7908],[-102.03278,43.78894],[-102.04033,43.79476],[-102.04325,43.79539],[-102.04617,43.79315],[-102.05011,43.79415],[-102.05406,43.80009],[-102.06024,43.80121],[-102.06144,43.79675],[-102.06745,43.79328],[-102.07329,43.79501],[-102.08496,43.79055]]}},{"type":"Feature","properties":{"day":163,"label":"Day 163","description":"Where in the world is Wall Drug?","miles":67.1},"geometry":{"type":"LineString","coordinates":[[-101.97922,43.73055],[-101.97699,43.72918],[-101.97321,43.73327],[-101.9478,43.74741],[-101.94025,43.75014],[-101.93373,43.7494],[-101.93167,43.75064],[-101.93562,43.7546],[-101.93733,43.76192],[-101.92858,43.76031],[-101.92703,43.7675],[-101.92291,43.77085],[-101.9169,43.77184],[-101.91227,43.77457],[-101.90197,43.78584],[-101.90643,43.79576],[-101.89974,43.81161],[-101.89974,43.84183],[-101.95553,43.86622],[-101.95982,43.86944],[-101.96016,43.87822],[-101.96205,43.8776],[-101.96085,43.87686],[-101.96102,43.86944],[-101.96686,43.87018],[-102.04874,43.90618],[-102.1423,43.92893],[-102.15002,43.9366],[-102.1586,43.93635],[-102.15878,43.93153],[-102.16032,43.93153],[-102.15869,43.93159],[-102.15895,43.93635],[-102.15174,43.93647],[-102.18676,43.97033],[-102.20873,43.98602],[-102.21499,43.9875],[-102.23911,43.98707],[-102.23894,43.9946],[-102.2422,43.99448],[-102.24186,43.9922],[-102.2404,43.99201],[-102.24031,43.9943],[-102.24049,43.98892],[-102.23851,43.98824],[-102.24014,43.97256],[-102.23877,43.96712],[-102.23877,43.87414],[-102.23019,43.86609],[-102.22847,43.86746],[-102.22572,43.86325],[-102.22074,43.85991],[-102.21834,43.85297],[-102.21147,43.84654],[-102.20684,43.84604],[-102.20564,43.84394],[-102.19551,43.84369],[-102.19482,43.84579],[-102.19122,43.84691],[-102.18864,43.84084],[-102.17663,43.8349],[-102.17697,43.82425],[-102.16805,43.81744],[-102.16478,43.81186],[-102.16204,43.81285],[-102.14453,43.81013],[-102.12874,43.79997],[-102.09286,43.78993],[-102.08324,43.79117],[-102.07398,43.79489],[-102.06677,43.79315],[-102.06127,43.79625],[-102.06127,43.80084],[-102.05355,43.79984],[-102.052,43.79563],[-102.04908,43.79377],[-102.04531,43.79328],[-102.04411,43.79514],[-102.04033,43.79526],[-102.03466,43.78968],[-102.0302,43.7903],[-102.02093,43.78807],[-102.01407,43.78151],[-102.00789,43.77952],[-102.00256,43.77457],[-102.00274,43.77047],[-102.00668,43.76936],[-102.0084,43.7644],[-101.9969,43.75795],[-101.99518,43.75547],[-101.98729,43.7546],[-101.98179,43.75659],[-101.98059,43.75857],[-101.97802,43.75857],[-101.97184,43.75771],[-101.96909,43.75547],[-101.96308,43.75547],[-101.95742,43.75188],[-101.94986,43.75113],[-101.9478,43.74679],[-101.97441,43.73278],[-101.97767,43.72893],[-101.98025,43.73042]]}},{"type":"Feature","properties":{"day":164,"label":"Day 164","description":"Into the Black Hills","miles":178.3},"geometry":{"type":"LineString","coordinates":[[-101.97956,43.73079],[-101.97716,43.7293],[-101.98145,43.72472],[-101.99553,43.71963],[-102.03775,43.71727],[-102.04428,43.71119],[-102.04926,43.70921],[-102.09423,43.70908],[-102.11105,43.71554],[-102.1162,43.71603],[-102.13457,43.71305],[-102.17955,43.7195],[-102.24787,43.71901],[-102.26864,43.71628],[-102.32288,43.71591],[-102.37936,43.71268],[-102.40906,43.71814],[-102.42193,43.72906],[-102.46639,43.73712],[-102.47755,43.74072],[-102.48201,43.74394],[-102.49334,43.74481],[-102.5009,43.74952],[-102.50897,43.75907],[-102.53334,43.77692],[-102.54862,43.77952],[-102.55257,43.7825],[-102.55566,43.78572],[-102.55926,43.80344],[-102.56304,43.80889],[-102.62861,43.87525],[-102.63943,43.89393],[-102.64629,43.89999],[-102.66638,43.90148],[-102.6796,43.90408],[-102.6844,43.90729],[-102.71221,43.91446],[-102.74534,43.91904],[-102.75495,43.93449],[-102.76577,43.93956],[-102.80405,43.94055],[-102.81727,43.94241],[-102.8595,43.95452],[-102.88216,43.95847],[-102.88834,43.96193],[-102.89898,43.9728],[-102.9055,43.97651],[-102.93846,43.97898],[-103.12111,44.04145],[-103.16437,44.06588],[-103.16608,44.06341],[-103.16471,44.05749],[-103.16643,44.05034],[-103.17398,44.04096],[-103.17707,44.03923],[-103.19252,44.03824],[-103.19183,44.02269],[-103.18222,44.0064],[-103.17947,43.99306],[-103.18119,43.97626],[-103.18428,43.97206],[-103.1884,43.94562],[-103.19733,43.93598],[-103.19939,43.93079],[-103.19973,43.82412],[-103.20385,43.81397],[-103.21964,43.79786],[-103.22102,43.79439],[-103.21861,43.78547],[-103.21896,43.71479],[-103.23063,43.70412],[-103.24985,43.69915],[-103.25912,43.69394],[-103.25912,43.67656],[-103.2732,43.65794],[-103.29243,43.63955],[-103.29483,43.63409],[-103.29964,43.58785],[-103.30856,43.56024],[-103.32333,43.5473],[-103.32813,43.52963],[-103.32642,43.51694],[-103.33225,43.502],[-103.33225,43.4873],[-103.33363,43.48407],[-103.34187,43.47809],[-103.34976,43.46588],[-103.3501,43.45591],[-103.3762,43.43198],[-103.38821,43.41802],[-103.39405,43.40854],[-103.39577,43.40131],[-103.39851,43.40056],[-103.41259,43.40355],[-103.42358,43.40405],[-103.43456,43.40255],[-103.43628,43.40779],[-103.44074,43.40879],[-103.44349,43.41228],[-103.4634,43.42275],[-103.46993,43.42051],[-103.47885,43.42126],[-103.48332,43.42325],[-103.48297,43.42425],[-103.48572,43.4235],[-103.48537,43.42251],[-103.49808,43.42999],[-103.47508,43.43123],[-103.48194,43.43497],[-103.4816,43.43771],[-103.48023,43.44071],[-103.47542,43.44071],[-103.4737,43.45965],[-103.46134,43.4868],[-103.46169,43.50822],[-103.47233,43.51968],[-103.47748,43.52142],[-103.4864,43.52017],[-103.50014,43.53138],[-103.49636,43.53834],[-103.48366,43.54233],[-103.47611,43.54979],[-103.47233,43.55004],[-103.4713,43.55253],[-103.46684,43.55477],[-103.47199,43.56149],[-103.47714,43.56447],[-103.4792,43.5682],[-103.48812,43.57392],[-103.48469,43.58089],[-103.48984,43.58039],[-103.49155,43.58263],[-103.48881,43.58586],[-103.48692,43.58487],[-103.48675,43.59183],[-103.48949,43.59282],[-103.49155,43.59904],[-103.49464,43.60128],[-103.49018,43.60103],[-103.49327,43.60811],[-103.49224,43.60998],[-103.49344,43.61396],[-103.48743,43.63334],[-103.48486,43.63595],[-103.47834,43.63645],[-103.47233,43.63943],[-103.46186,43.63955],[-103.46066,43.64092],[-103.46083,43.64924],[-103.46306,43.65458],[-103.46666,43.65657],[-103.46838,43.66005],[-103.46958,43.66688],[-103.46787,43.67036],[-103.47096,43.67644],[-103.46649,43.68438],[-103.47937,43.69903],[-103.47748,43.70908],[-103.48005,43.71169],[-103.47954,43.71467],[-103.4828,43.71677],[-103.48812,43.71504],[-103.49104,43.72496],[-103.49344,43.72633],[-103.49138,43.72918],[-103.48623,43.73079],[-103.48383,43.73724],[-103.47696,43.74121],[-103.47576,43.74406],[-103.47508,43.75175],[-103.47765,43.75337],[-103.48194,43.75138],[-103.48314,43.75225],[-103.48091,43.75374],[-103.48229,43.76006],[-103.47078,43.76254],[-103.46272,43.76229],[-103.46289,43.7644],[-103.46014,43.76713],[-103.4428,43.76849],[-103.42615,43.77642],[-103.42066,43.77308],[-103.41534,43.77841],[-103.41156,43.77816],[-103.40813,43.77432],[-103.4059,43.77543],[-103.40538,43.77866],[-103.39748,43.77518],[-103.39525,43.77171],[-103.39611,43.77023],[-103.3889,43.76799],[-103.38821,43.7649],[-103.38049,43.76477],[-103.37019,43.76018],[-103.36161,43.7608],[-103.35783,43.7618],[-103.35852,43.76291],[-103.35371,43.76638],[-103.34358,43.76539],[-103.34204,43.77023],[-103.33826,43.7732],[-103.33277,43.77184],[-103.33088,43.77481],[-103.32436,43.7758],[-103.31852,43.78151],[-103.30513,43.78225],[-103.2914,43.78907],[-103.28779,43.79142],[-103.28299,43.7996],[-103.255,43.8157],[-103.24745,43.81768],[-103.24522,43.81508],[-103.23852,43.81793],[-103.23543,43.81533],[-103.22205,43.81781],[-103.21896,43.82078],[-103.21844,43.82425],[-103.21638,43.82511],[-103.20042,43.82536],[-103.20299,43.81818],[-103.21106,43.8079]]}},{"type":"Feature","properties":{"day":165,"label":"Day 165","description":"Around the Black Hills","miles":126.6},"geometry":{"type":"LineString","coordinates":[[-103.20162,43.82276],[-103.1999,43.82301],[-103.19939,43.83676],[-103.2181,43.83453],[-103.22411,43.83056],[-103.22926,43.83143],[-103.23852,43.83007],[-103.2423,43.82586],[-103.24453,43.82561],[-103.25106,43.8297],[-103.25088,43.83614],[-103.25277,43.83725],[-103.25809,43.83614],[-103.26496,43.83725],[-103.27337,43.84963],[-103.2847,43.85483],[-103.29878,43.85681],[-103.30101,43.86498],[-103.30942,43.87129],[-103.32144,43.87302],[-103.32865,43.86449],[-103.33225,43.86424],[-103.33517,43.87179],[-103.34187,43.87414],[-103.34787,43.87228],[-103.35028,43.87612],[-103.35972,43.87748],[-103.37105,43.88527],[-103.37843,43.88713],[-103.38341,43.89109],[-103.40212,43.89826],[-103.40401,43.90123],[-103.40675,43.90204],[-103.41808,43.89932],[-103.41834,43.89406],[-103.42521,43.89369],[-103.42761,43.89121],[-103.4277,43.88991],[-103.42486,43.88929],[-103.42581,43.88781],[-103.43473,43.88725],[-103.43825,43.88558],[-103.44177,43.88707],[-103.44624,43.88589],[-103.44761,43.88379],[-103.44649,43.87964],[-103.45216,43.87797],[-103.4519,43.8755],[-103.45387,43.87408],[-103.45576,43.87556],[-103.46066,43.8742],[-103.46091,43.87853],[-103.46435,43.8836],[-103.46932,43.88676],[-103.47499,43.8867],[-103.4792,43.88868],[-103.47971,43.89498],[-103.48563,43.89845],[-103.49095,43.89783],[-103.5022,43.90006],[-103.51516,43.89517],[-103.5337,43.90142],[-103.54434,43.89734],[-103.55395,43.89746],[-103.56545,43.89196],[-103.57884,43.89734],[-103.58854,43.89171],[-103.59301,43.88515],[-103.59661,43.88404],[-103.60202,43.88564],[-103.60897,43.88224],[-103.61412,43.87674],[-103.61627,43.87241],[-103.62322,43.86659],[-103.63498,43.85217],[-103.63566,43.84561],[-103.64107,43.83063],[-103.6391,43.82035],[-103.62665,43.83317],[-103.64013,43.82028],[-103.64099,43.83143],[-103.63489,43.84734],[-103.63472,43.85248],[-103.62296,43.8669],[-103.61627,43.87253],[-103.61395,43.87692],[-103.60897,43.88206],[-103.60305,43.88534],[-103.59575,43.88416],[-103.59301,43.88509],[-103.58966,43.88936],[-103.58657,43.8896],[-103.58271,43.88688],[-103.58459,43.88348],[-103.58108,43.88274],[-103.5767,43.87866],[-103.57867,43.87729],[-103.57807,43.87358],[-103.58477,43.86851],[-103.58399,43.86634],[-103.58597,43.86319],[-103.58236,43.86164],[-103.58151,43.85898],[-103.57455,43.85205],[-103.57464,43.84982],[-103.57644,43.85149],[-103.57713,43.8479],[-103.57747,43.84994],[-103.57799,43.84486],[-103.57584,43.84394],[-103.57224,43.84567],[-103.56743,43.84412],[-103.56297,43.84041],[-103.56202,43.84344],[-103.55627,43.84022],[-103.55086,43.84326],[-103.54537,43.84369],[-103.54494,43.84177],[-103.54211,43.84245],[-103.53996,43.84028],[-103.53619,43.84214],[-103.53602,43.84028],[-103.53524,43.84165],[-103.53413,43.83954],[-103.53567,43.83849],[-103.53198,43.83533],[-103.53224,43.83385],[-103.52838,43.83273],[-103.52863,43.83087],[-103.52417,43.82821],[-103.52494,43.82617],[-103.52245,43.82524],[-103.52374,43.82196],[-103.52185,43.82084],[-103.50846,43.82561],[-103.4967,43.82549],[-103.4919,43.8235],[-103.49001,43.81967],[-103.48314,43.82115],[-103.48246,43.81812],[-103.47851,43.81737],[-103.4713,43.81874],[-103.46486,43.81793],[-103.45997,43.81248],[-103.45327,43.81137],[-103.45448,43.80821],[-103.45061,43.803],[-103.44649,43.80232],[-103.44486,43.7996],[-103.44263,43.80239],[-103.43748,43.80226],[-103.43628,43.8035],[-103.43491,43.80251],[-103.44624,43.79018],[-103.45036,43.78188],[-103.44933,43.77934],[-103.45465,43.77277],[-103.45508,43.7693],[-103.46254,43.76514],[-103.46314,43.76198],[-103.46993,43.76266],[-103.48203,43.76025],[-103.48108,43.75436],[-103.48263,43.75144],[-103.47756,43.75299],[-103.47508,43.75169],[-103.47593,43.74239],[-103.48426,43.73675],[-103.48632,43.73079],[-103.49112,43.7298],[-103.49293,43.72602],[-103.49078,43.7244],[-103.48803,43.71491],[-103.4834,43.71684],[-103.47988,43.71566],[-103.47988,43.71156],[-103.47756,43.70902],[-103.47902,43.69884],[-103.46692,43.68438],[-103.4707,43.67656],[-103.46795,43.67172],[-103.46924,43.66824],[-103.46847,43.66085],[-103.46074,43.64943],[-103.46143,43.63993],[-103.47224,43.63943],[-103.47765,43.6367],[-103.48546,43.6357],[-103.48829,43.63272],[-103.49327,43.61433],[-103.49344,43.60799],[-103.48967,43.60265],[-103.49104,43.60115],[-103.49482,43.60103],[-103.49087,43.59867],[-103.48915,43.59289],[-103.4864,43.59158],[-103.48597,43.58791],[-103.48589,43.58561],[-103.48906,43.58505],[-103.49181,43.58263],[-103.49147,43.58126],[-103.4846,43.5812],[-103.487,43.57722],[-103.48726,43.5733],[-103.48005,43.56571],[-103.47971,43.558],[-103.47765,43.55433],[-103.47207,43.55408],[-103.46692,43.55464],[-103.46701,43.55576],[-103.47284,43.56223],[-103.48743,43.57293],[-103.487,43.57741],[-103.4846,43.58101],[-103.48941,43.58045],[-103.4919,43.58269],[-103.48915,43.58537],[-103.48572,43.58605],[-103.48709,43.58959],[-103.48632,43.59202],[-103.48906,43.59258],[-103.49121,43.5991],[-103.49482,43.60134],[-103.49044,43.60122],[-103.48967,43.60258],[-103.49344,43.6088],[-103.49233,43.61023],[-103.49276,43.61967],[-103.48795,43.63291],[-103.48555,43.6357],[-103.47791,43.63663],[-103.47044,43.63974],[-103.46074,43.64048],[-103.46151,43.6521],[-103.46829,43.66042],[-103.46924,43.66849],[-103.46787,43.67091],[-103.47078,43.67625],[-103.46692,43.68457],[-103.47937,43.69953],[-103.47817,43.70555],[-103.47207,43.7053],[-103.46718,43.70232],[-103.46357,43.69363],[-103.44357,43.67954],[-103.44229,43.67582],[-103.4337,43.66589],[-103.42924,43.66297],[-103.42246,43.66061],[-103.42109,43.66222],[-103.42083,43.66036],[-103.41929,43.66067],[-103.41937,43.66222],[-103.41662,43.65899],[-103.41208,43.65837],[-103.40667,43.65477],[-103.40495,43.65005],[-103.38718,43.64645],[-103.37551,43.6403],[-103.36744,43.64092],[-103.36126,43.64545],[-103.36392,43.66489],[-103.36204,43.67253],[-103.36015,43.67613],[-103.35757,43.67582],[-103.35525,43.67756],[-103.35628,43.6801],[-103.35525,43.68234],[-103.35002,43.68699],[-103.34616,43.6873],[-103.34684,43.69084],[-103.33998,43.69382],[-103.33912,43.70331],[-103.34084,43.70945],[-103.34624,43.71857],[-103.34573,43.7205],[-103.35191,43.73135],[-103.35508,43.73284],[-103.35895,43.7378],[-103.3598,43.74704],[-103.36264,43.75113],[-103.36753,43.75368],[-103.37028,43.76012],[-103.35809,43.76198],[-103.35474,43.76607],[-103.3435,43.76533],[-103.34204,43.77029],[-103.33878,43.77302],[-103.33363,43.77171],[-103.33114,43.77463],[-103.3259,43.77487],[-103.31809,43.78132],[-103.30564,43.78219],[-103.29646,43.78646],[-103.28736,43.79154],[-103.28153,43.80034],[-103.25543,43.81564],[-103.24865,43.81775],[-103.24582,43.8149],[-103.23861,43.81799],[-103.23475,43.81558],[-103.22505,43.81713],[-103.22042,43.81905],[-103.21767,43.82493],[-103.19964,43.82536],[-103.20222,43.81706],[-103.20402,43.81713]]}},{"type":"Feature","properties":{"day":169,"label":"Day 169","description":"To Deadwood","miles":96.3},"geometry":{"type":"LineString","coordinates":[[-103.20351,43.81967],[-103.2011,43.81991],[-103.19939,43.82511],[-103.19904,43.93375],[-103.18977,43.94488],[-103.18394,43.97009],[-103.18119,43.97602],[-103.17982,43.99306],[-103.18256,44.00788],[-103.19115,44.0222],[-103.19218,44.08734],[-103.18291,44.09326],[-103.17982,44.09942],[-103.18394,44.09967],[-103.19595,44.10484],[-103.25123,44.10632],[-103.26496,44.10953],[-103.27457,44.11742],[-103.27698,44.13146],[-103.29552,44.14132],[-103.30582,44.15906],[-103.31921,44.16866],[-103.31921,44.17211],[-103.34598,44.19525],[-103.36865,44.21912],[-103.38409,44.22823],[-103.39542,44.24176],[-103.42598,44.28626],[-103.43285,44.29904],[-103.43628,44.31599],[-103.43491,44.32606],[-103.44727,44.34448],[-103.46752,44.36706],[-103.48057,44.37761],[-103.4864,44.38669],[-103.50288,44.39479],[-103.51559,44.39871],[-103.53172,44.41931],[-103.57361,44.42912],[-103.58734,44.44211],[-103.60313,44.45388],[-103.62339,44.4627],[-103.64159,44.4752],[-103.67798,44.47936],[-103.69926,44.48671],[-103.71746,44.48842],[-103.74106,44.47869],[-103.72398,44.46074],[-103.71978,44.45137],[-103.71471,44.43035],[-103.71909,44.42348],[-103.71746,44.41735],[-103.71154,44.41441],[-103.71162,44.41294],[-103.71901,44.4084],[-103.72038,44.39994],[-103.70888,44.39381],[-103.70785,44.39086],[-103.72158,44.38473],[-103.72433,44.38056],[-103.73248,44.37467],[-103.72888,44.37485],[-103.72682,44.37234],[-103.72356,44.37436],[-103.72682,44.37528],[-103.72501,44.37252],[-103.72604,44.37154],[-103.7342,44.36902],[-103.73282,44.36534],[-103.73935,44.36191],[-103.73815,44.35957],[-103.74493,44.35595],[-103.75471,44.35534],[-103.76252,44.35153],[-103.77214,44.3516],[-103.7766,44.34865],[-103.77634,44.35129],[-103.77677,44.34853],[-103.77145,44.35147],[-103.76029,44.35239],[-103.75402,44.35571],[-103.74501,44.35571],[-103.73815,44.35945],[-103.73943,44.36209],[-103.733,44.36547],[-103.7348,44.36853],[-103.72699,44.37148],[-103.72896,44.37485],[-103.7275,44.37878],[-103.72459,44.3797],[-103.71875,44.38608],[-103.70785,44.39074],[-103.70793,44.39332],[-103.72064,44.40092],[-103.71866,44.40877],[-103.71223,44.4122],[-103.71145,44.41416],[-103.71806,44.41938],[-103.71901,44.42361],[-103.71489,44.43016],[-103.71866,44.44843],[-103.72415,44.46135],[-103.74184,44.47954],[-103.75222,44.47544],[-103.78321,44.47538],[-103.82389,44.4785],[-103.83994,44.48604],[-103.84715,44.49363],[-103.8623,44.49072],[-103.85968,44.48056],[-103.85809,44.47948]]}},{"type":"Feature","properties":{"day":170,"label":"Day 170","description":"to devils tower","miles":68.9},"geometry":{"type":"LineString","coordinates":[[-103.85943,44.48016],[-103.86208,44.49069],[-103.84715,44.49381],[-103.85582,44.50116],[-103.86105,44.51781],[-103.86346,44.51964],[-103.90183,44.52319],[-103.92654,44.52295],[-103.93993,44.52491],[-103.965,44.54375],[-103.98216,44.54791],[-103.99315,44.5462],[-104.03847,44.54644],[-104.05563,44.54228],[-104.11537,44.54448],[-104.15588,44.53543],[-104.18678,44.532],[-104.19983,44.52907],[-104.21356,44.52001],[-104.21837,44.51487],[-104.22592,44.49724],[-104.24103,44.47765],[-104.27124,44.45731],[-104.28326,44.44457],[-104.34609,44.41392],[-104.35776,44.40509],[-104.3763,44.39749],[-104.39243,44.39699],[-104.39827,44.39258],[-104.43123,44.39749],[-104.44119,44.4019],[-104.44874,44.39994],[-104.4532,44.40411],[-104.45904,44.40607],[-104.46762,44.40239],[-104.48547,44.41024],[-104.48856,44.41],[-104.49852,44.40337],[-104.53594,44.39969],[-104.55894,44.40141],[-104.57062,44.40018],[-104.57783,44.40264],[-104.58195,44.40828],[-104.58229,44.41245],[-104.58984,44.41343],[-104.60117,44.42446],[-104.60735,44.42569],[-104.61491,44.43084],[-104.61491,44.43476],[-104.64066,44.4529],[-104.64237,44.45682],[-104.64546,44.45878],[-104.64374,44.46515],[-104.64786,44.47128],[-104.65164,44.48353],[-104.66228,44.48744],[-104.66915,44.49308],[-104.68941,44.50312],[-104.69387,44.51414],[-104.68906,44.5183],[-104.68941,44.52368],[-104.68254,44.52809],[-104.67739,44.54253],[-104.67808,44.54718],[-104.68872,44.56381],[-104.69147,44.57109],[-104.69439,44.5739],[-104.69662,44.57897],[-104.69533,44.58215],[-104.6967,44.58325],[-104.69679,44.58772],[-104.7028,44.5898],[-104.70975,44.5846],[-104.71971,44.58283],[-104.72305,44.58313],[-104.72597,44.58588],[-104.72417,44.59536],[-104.71928,44.59499],[-104.72005,44.59108],[-104.71417,44.59737],[-104.70855,44.59728],[-104.70614,44.59441],[-104.70627,44.59114],[-104.7155,44.58872],[-104.72035,44.59086],[-104.71932,44.59524],[-104.72383,44.59514],[-104.72511,44.59441],[-104.72576,44.5861],[-104.72327,44.58313],[-104.71026,44.58435],[-104.70344,44.58982],[-104.69863,44.58891],[-104.69941,44.59068],[-104.69765,44.59086],[-104.69799,44.58982]]}},{"type":"Feature","properties":{"day":171,"label":"Day 171","description":"Into Montana","miles":225.3},"geometry":{"type":"LineString","coordinates":[[-104.69885,44.59034],[-104.69679,44.5879],[-104.69593,44.58215],[-104.68082,44.5923],[-104.67979,44.59511],[-104.68288,44.60477],[-104.68254,44.622],[-104.67979,44.62542],[-104.6719,44.62957],[-104.65198,44.63006],[-104.64889,44.63226],[-104.64786,44.63666],[-104.63654,44.64252],[-104.63036,44.64838],[-104.62967,44.65278],[-104.61731,44.66572],[-104.60049,44.67573],[-104.60117,44.67866],[-104.61456,44.6811],[-104.62486,44.68721],[-104.62315,44.6938],[-104.63173,44.71039],[-104.63139,44.71527],[-104.63757,44.7243],[-104.63757,44.72722],[-104.62658,44.73161],[-104.62418,44.73454],[-104.62418,44.74186],[-104.61285,44.74649],[-104.61147,44.74868],[-104.61319,44.7521],[-104.60873,44.75722],[-104.60873,44.76063],[-104.61903,44.77696],[-104.61628,44.78476],[-104.61971,44.79158],[-104.62006,44.82179],[-104.61388,44.83031],[-104.60186,44.83688],[-104.59843,44.84662],[-104.59259,44.85051],[-104.56856,44.85295],[-104.53388,44.86585],[-104.52667,44.86633],[-104.52015,44.86901],[-104.51637,44.89334],[-104.51431,44.89528],[-104.48959,44.89601],[-104.4865,44.89747],[-104.48582,44.90525],[-104.47414,44.9213],[-104.46213,44.92616],[-104.45423,44.93977],[-104.43329,44.96091],[-104.42883,44.97281],[-104.4223,44.97937],[-104.41921,44.98787],[-104.41132,44.99855],[-104.4096,45.01651],[-104.40685,45.02234],[-104.45561,45.05048],[-104.54349,45.09243],[-104.66194,45.12635],[-104.71069,45.1496],[-104.80167,45.18059],[-104.87583,45.2176],[-104.88613,45.22074],[-104.94827,45.2309],[-104.9572,45.23404],[-105.04681,45.27658],[-105.06603,45.28914],[-105.15667,45.32053],[-105.16628,45.32198],[-105.19066,45.33212],[-105.24181,45.34684],[-105.28061,45.36807],[-105.31082,45.37627],[-105.34309,45.3929],[-105.37743,45.40761],[-105.4073,45.43098],[-105.40901,45.44327],[-105.42172,45.44327],[-105.45879,45.46495],[-105.50857,45.47554],[-105.53226,45.47337],[-105.60162,45.48036],[-105.66822,45.49552],[-105.76607,45.52944],[-105.7822,45.53088],[-105.84606,45.54603],[-105.8828,45.55277],[-105.92159,45.55156],[-105.93189,45.5494],[-105.98202,45.55998],[-106.00365,45.56575],[-106.0112,45.57007],[-106.03249,45.57176],[-106.07265,45.57007],[-106.08913,45.56719],[-106.11729,45.56647],[-106.12415,45.56815],[-106.20071,45.56767],[-106.20861,45.57368],[-106.23058,45.57944],[-106.24844,45.58737],[-106.26286,45.5893],[-106.2735,45.59554],[-106.29959,45.59098],[-106.31332,45.59819],[-106.36105,45.6126],[-106.37924,45.61452],[-106.39092,45.61836],[-106.46404,45.62508],[-106.474,45.62868],[-106.47469,45.63036],[-106.49151,45.63205],[-106.50764,45.62844],[-106.54438,45.63373],[-106.5873,45.63469],[-106.59725,45.63685],[-106.61201,45.63325],[-106.62987,45.63253],[-106.66695,45.62316],[-106.67793,45.62268],[-106.68926,45.61788],[-106.69476,45.61836],[-106.71433,45.62532],[-106.72291,45.62532],[-106.73424,45.63157],[-106.73904,45.63181],[-106.75861,45.62172],[-106.78848,45.61019],[-106.83826,45.59482],[-106.84685,45.58858],[-106.8774,45.57656],[-106.89388,45.57272],[-106.94916,45.53882],[-106.95843,45.52992],[-106.96255,45.52848],[-107.03705,45.52944],[-107.10674,45.52752],[-107.15584,45.51838],[-107.19635,45.52872],[-107.21249,45.52439],[-107.22244,45.52824],[-107.23171,45.52776],[-107.28115,45.53569],[-107.30141,45.53497],[-107.33437,45.54579],[-107.35771,45.55853],[-107.44217,45.57824],[-107.43256,45.57103],[-107.42792,45.57073],[-107.41925,45.56388],[-107.42045,45.56076],[-107.4226,45.55986],[-107.41848,45.55012],[-107.4135,45.54934],[-107.40483,45.54459],[-107.40398,45.5384],[-107.39977,45.53521],[-107.39496,45.53605],[-107.3881,45.52722],[-107.38071,45.52523],[-107.37754,45.52217],[-107.38063,45.52499],[-107.38827,45.52734],[-107.39479,45.53605],[-107.39977,45.53509],[-107.40398,45.53852],[-107.40509,45.54459],[-107.41247,45.54904],[-107.41779,45.54964],[-107.42088,45.55355],[-107.4226,45.56022],[-107.42002,45.561],[-107.41891,45.56322],[-107.42792,45.57073],[-107.43402,45.572],[-107.442,45.57866],[-107.45015,45.57999],[-107.44998,45.57872],[-107.45556,45.57848],[-107.45316,45.5759],[-107.4535,45.57109],[-107.45032,45.56274],[-107.42088,45.52878],[-107.41865,45.52908],[-107.42088,45.52842],[-107.39805,45.50268],[-107.39222,45.48968],[-107.38758,45.49227],[-107.3778,45.49203],[-107.37548,45.48944],[-107.37745,45.48818]]}},{"type":"Feature","properties":{"day":172,"label":"Day 172","description":"Deeper into Montana","miles":288.8},"geometry":{"type":"LineString","coordinates":[[-107.37556,45.48962],[-107.37711,45.49179],[-107.38432,45.49251],[-107.39187,45.4901],[-107.39822,45.5031],[-107.42071,45.52788],[-107.41882,45.52908],[-107.42397,45.53281],[-107.44818,45.55938],[-107.4535,45.5726],[-107.45247,45.57596],[-107.4547,45.58233],[-107.45813,45.58569],[-107.46328,45.59879],[-107.46586,45.62376],[-107.4741,45.64657],[-107.50414,45.68064],[-107.50843,45.68304],[-107.53899,45.71625],[-107.59186,45.7462],[-107.77794,45.74405],[-107.83836,45.74668],[-107.85072,45.74956],[-107.86858,45.75914],[-107.90497,45.76752],[-107.92316,45.76704],[-107.93072,45.76896],[-107.95475,45.78069],[-108.00041,45.78093],[-108.01758,45.78285],[-108.06427,45.78309],[-108.07869,45.78141],[-108.0938,45.78404],[-108.10993,45.78021],[-108.14426,45.77854],[-108.1628,45.78021],[-108.18375,45.77662],[-108.22529,45.7862],[-108.23696,45.78644],[-108.27164,45.79314],[-108.30837,45.80439],[-108.31936,45.80535],[-108.33309,45.81181],[-108.34167,45.81923],[-108.36536,45.82377],[-108.38493,45.82473],[-108.39455,45.82856],[-108.43094,45.80607],[-108.45428,45.79793],[-108.46012,45.79793],[-108.4639,45.79578],[-108.47282,45.79673],[-108.48175,45.7941],[-108.48106,45.79961],[-108.47763,45.80415],[-108.5099,45.79961],[-108.53702,45.80272],[-108.55488,45.80272],[-108.56827,45.80535],[-108.58028,45.80439],[-108.61942,45.80894],[-108.63522,45.82066],[-108.64037,45.84148],[-108.65479,45.863],[-108.66989,45.87615],[-108.6668,45.91079],[-108.66989,45.92513],[-108.67367,45.92823],[-108.69907,45.93802],[-108.84945,46.05775],[-108.86352,46.07299],[-108.87554,46.09776],[-108.8776,46.10752],[-108.88172,46.11347],[-108.88893,46.13155],[-108.89305,46.14797],[-108.89545,46.15035],[-108.90095,46.16533],[-108.9061,46.17198],[-108.93631,46.24065],[-108.93803,46.26558],[-108.94043,46.27412],[-108.93768,46.30615],[-109.0115,46.3071],[-109.02489,46.30069],[-109.05235,46.29927],[-109.06334,46.30117],[-109.10866,46.30046],[-109.13235,46.31469],[-109.16222,46.31967],[-109.18144,46.31896],[-109.1914,46.30923],[-109.21543,46.30022],[-109.24187,46.29714],[-109.29439,46.29903],[-109.30778,46.29809],[-109.33216,46.30141],[-109.36409,46.3116],[-109.38435,46.31516],[-109.43413,46.31943],[-109.46812,46.3282],[-109.49558,46.33152],[-109.60236,46.37702],[-109.69299,46.40733],[-109.70398,46.41325],[-109.72973,46.42011],[-109.78466,46.42603],[-109.8056,46.43265],[-109.81419,46.43738],[-109.80423,46.43975],[-109.76955,46.46695],[-109.76578,46.47452],[-109.76578,46.63294],[-109.75239,46.67465],[-109.75204,46.68525],[-109.73728,46.70644],[-109.73728,46.71091],[-109.75101,46.75162],[-109.75651,46.76221],[-109.75616,46.80076],[-109.76543,46.84587],[-109.76578,46.91017],[-109.75101,46.94675],[-109.74483,46.96666],[-109.74552,46.98306],[-109.80423,46.99805],[-109.86774,47.00391],[-109.87221,47.00789],[-109.87255,47.01959],[-109.90311,47.05211],[-109.9165,47.05515],[-110.06207,47.05515],[-110.09193,47.05819],[-110.09983,47.06217],[-110.11459,47.0755],[-110.14412,47.07737],[-110.14961,47.08111],[-110.15648,47.0928],[-110.23647,47.15494],[-110.24506,47.15797],[-110.29587,47.16801],[-110.41569,47.21024],[-110.42736,47.2149],[-110.49019,47.25617],[-110.62717,47.25686],[-110.68451,47.25919],[-110.68726,47.26129],[-110.70305,47.26572],[-110.72399,47.26409],[-110.76347,47.28133],[-110.80055,47.28435],[-110.81909,47.29041],[-110.82836,47.29367],[-110.8342,47.30601],[-110.84759,47.31346],[-110.85136,47.31974],[-110.86166,47.32393],[-110.87608,47.33719],[-110.88398,47.34022],[-110.89771,47.34952],[-110.91454,47.36906],[-110.94681,47.38115],[-110.95333,47.38557],[-110.9626,47.41903],[-110.96878,47.42391],[-111.00964,47.43459],[-111.04054,47.45224],[-111.12637,47.46222],[-111.15589,47.47939],[-111.1813,47.48798],[-111.20258,47.48867],[-111.21494,47.49331],[-111.21632,47.51813],[-111.21769,47.51975],[-111.24138,47.52068],[-111.2455,47.52207],[-111.26919,47.51697],[-111.27537,47.51906],[-111.29219,47.51813],[-111.29013,47.52508],[-111.30112,47.52508]]}},{"type":"Feature","properties":{"day":173,"label":"Day 173","description":"Into Glacier National Park","miles":216.6},"geometry":{"type":"LineString","coordinates":[[-111.30249,47.52474],[-111.29013,47.52462],[-111.29211,47.51761],[-111.29196,47.51084],[-111.28337,47.51071],[-111.28346,47.49415],[-111.31869,47.4928],[-111.34298,47.48592],[-111.34266,47.50468],[-111.34403,47.50816],[-111.35055,47.51256],[-111.37665,47.51952],[-111.38283,47.52624],[-111.44428,47.54525],[-111.52599,47.55823],[-111.53389,47.56193],[-111.56994,47.6013],[-111.58848,47.63902],[-111.6647,47.71785],[-111.66641,47.72385],[-111.66573,47.81454],[-111.70349,47.84634],[-111.71036,47.86616],[-111.71139,47.8855],[-111.76289,47.97751],[-111.81267,48.01381],[-111.90914,48.13677],[-111.9342,48.1757],[-111.93626,48.18097],[-111.92459,48.20317],[-111.93626,48.2233],[-111.93592,48.36355],[-111.93386,48.37062],[-111.90777,48.41348],[-111.88374,48.43467],[-111.88374,48.47042],[-111.88717,48.48316],[-111.88339,48.49408],[-111.88236,48.50819],[-111.87653,48.5157],[-111.88545,48.52047],[-111.93146,48.5282],[-111.94794,48.52797],[-112.09419,48.55571],[-112.12543,48.55548],[-112.27787,48.61135],[-112.33761,48.63903],[-112.34036,48.63903],[-112.34825,48.63382],[-112.36164,48.6286],[-112.38636,48.62497],[-112.67475,48.62429],[-112.78118,48.60204],[-112.79285,48.59636],[-112.82959,48.58365],[-112.86392,48.57638],[-112.96143,48.53002],[-112.97585,48.53275],[-112.98889,48.5398],[-113.00297,48.54093],[-113.00709,48.54298],[-113.01018,48.55525],[-113.02254,48.55639],[-113.03009,48.54411],[-113.12004,48.49773],[-113.15437,48.467],[-113.19557,48.45175],[-113.20896,48.45038],[-113.21892,48.44309],[-113.22269,48.44492],[-113.22578,48.45038],[-113.22063,48.43991],[-113.21308,48.43376],[-113.21137,48.42282],[-113.2505,48.40117],[-113.2608,48.38909],[-113.27213,48.38339],[-113.27934,48.37153],[-113.27969,48.36811],[-113.28484,48.36264],[-113.29411,48.35899],[-113.30887,48.34849],[-113.31574,48.34667],[-113.35007,48.32225],[-113.36243,48.309],[-113.36483,48.30284],[-113.37925,48.30055],[-113.38921,48.29324],[-113.40225,48.29073],[-113.41633,48.29096],[-113.42251,48.28662],[-113.42526,48.27931],[-113.47298,48.24731],[-113.47984,48.24663],[-113.48877,48.24228],[-113.52619,48.23885],[-113.52997,48.23634],[-113.55057,48.23291],[-113.56533,48.23474],[-113.56979,48.23702],[-113.56842,48.24114],[-113.56567,48.2432],[-113.56567,48.24777],[-113.56945,48.25074],[-113.57014,48.25623],[-113.57666,48.2624],[-113.58593,48.26651],[-113.60104,48.2672],[-113.60687,48.27931],[-113.60653,48.28388],[-113.62507,48.31106],[-113.63468,48.32156],[-113.6412,48.33252],[-113.64258,48.33662],[-113.64086,48.34028],[-113.64498,48.35009],[-113.66764,48.36788],[-113.68,48.36902],[-113.69373,48.38521],[-113.70609,48.39137],[-113.71502,48.40208],[-113.72326,48.40892],[-113.72669,48.41507],[-113.73116,48.41918],[-113.76,48.41872],[-113.77647,48.42556],[-113.79227,48.42556],[-113.79982,48.43307],[-113.80978,48.43854],[-113.81458,48.44856],[-113.84651,48.47725],[-113.85063,48.48453],[-113.85819,48.48953],[-113.86574,48.49158],[-113.86917,48.48976],[-113.87501,48.49022],[-113.88668,48.495],[-113.90968,48.49249],[-113.91792,48.49636],[-113.91895,48.49886],[-113.92754,48.49886],[-113.932,48.50159],[-113.93646,48.50159],[-113.94402,48.49977],[-113.94951,48.49363],[-113.96839,48.49864],[-113.9756,48.49864],[-113.99968,48.48544],[-113.99487,48.48084],[-113.99563,48.4828]]}},{"type":"Feature","properties":{"day":174,"label":"Day 174","description":"Around Glacier","miles":166.9},"geometry":{"type":"LineString","coordinates":[[-113.99534,48.48248],[-113.9968,48.48208],[-113.9998,48.48527],[-113.99706,48.48783],[-113.98092,48.49511],[-113.98865,48.5025],[-113.98633,48.50984],[-113.99036,48.51825],[-113.98848,48.52178],[-113.98109,48.52195],[-113.97397,48.53241],[-113.95595,48.54593],[-113.94239,48.55258],[-113.93749,48.55974],[-113.92771,48.5632],[-113.90445,48.57871],[-113.89136,48.59199],[-113.88153,48.61166],[-113.86179,48.63189],[-113.86411,48.63915],[-113.86205,48.64062],[-113.85115,48.64164],[-113.84402,48.64714],[-113.83578,48.66234],[-113.82196,48.67521],[-113.81956,48.67951],[-113.82153,48.67555],[-113.83467,48.6637],[-113.83965,48.65695],[-113.84222,48.64924],[-113.84909,48.64448],[-113.84986,48.64198],[-113.86334,48.63972],[-113.86419,48.63756],[-113.86179,48.63183],[-113.87449,48.61833],[-113.87999,48.61509],[-113.87999,48.61271],[-113.89157,48.59182],[-113.90488,48.57837],[-113.92676,48.56372],[-113.93663,48.56048],[-113.94273,48.55264],[-113.95629,48.54565],[-113.97397,48.53235],[-113.98092,48.52184],[-113.98856,48.52166],[-113.99045,48.51888],[-113.98624,48.51035],[-113.98865,48.5033],[-113.98796,48.50085],[-113.98118,48.49488],[-113.97715,48.49727],[-113.96968,48.49858],[-113.94942,48.49312],[-113.94487,48.49591],[-113.94299,48.50011],[-113.93329,48.50171],[-113.92573,48.49761],[-113.91869,48.49812],[-113.91784,48.49562],[-113.90943,48.49238],[-113.88496,48.49426],[-113.87089,48.48982],[-113.86136,48.4913],[-113.85072,48.48498],[-113.84771,48.47941],[-113.81613,48.44919],[-113.81012,48.43883],[-113.79948,48.43341],[-113.79175,48.42516],[-113.77682,48.42544],[-113.75759,48.41826],[-113.73047,48.41878],[-113.70558,48.39131],[-113.68867,48.38008],[-113.67906,48.36874],[-113.66524,48.36651],[-113.64395,48.3494],[-113.64052,48.33799],[-113.64223,48.33548],[-113.63262,48.31882],[-113.62713,48.3138],[-113.60653,48.28388],[-113.60722,48.27885],[-113.60378,48.27383],[-113.60275,48.2688],[-113.59726,48.26651],[-113.58936,48.26697],[-113.57803,48.26308],[-113.57117,48.25691],[-113.56602,48.24731],[-113.56533,48.24297],[-113.56911,48.23817],[-113.56808,48.23474],[-113.55194,48.23268],[-113.53271,48.23565],[-113.52722,48.23794],[-113.48877,48.2416],[-113.48122,48.24571],[-113.47298,48.24663],[-113.4256,48.27931],[-113.41839,48.29005],[-113.40878,48.29187],[-113.40225,48.29073],[-113.39024,48.29347],[-113.37959,48.30033],[-113.3741,48.30033],[-113.3638,48.30352],[-113.36243,48.30969],[-113.34835,48.3227],[-113.31677,48.34598],[-113.3075,48.34849],[-113.29582,48.35739],[-113.28552,48.36241],[-113.27969,48.36788],[-113.279,48.37244],[-113.27213,48.38293],[-113.26012,48.38932],[-113.25119,48.40049],[-113.21377,48.421],[-113.21068,48.42464],[-113.21068,48.4292],[-113.21377,48.43444],[-113.22441,48.44742],[-113.2275,48.45926],[-113.22441,48.46177],[-113.23025,48.46268],[-113.23368,48.46587],[-113.2354,48.46996],[-113.26149,48.49318],[-113.26801,48.50023],[-113.26904,48.50455],[-113.27282,48.5066],[-113.27351,48.50978],[-113.27694,48.51251],[-113.28552,48.51842],[-113.30063,48.52343],[-113.3075,48.52752],[-113.30818,48.53093],[-113.30406,48.5423],[-113.29994,48.54252],[-113.29582,48.54071],[-113.29067,48.54593],[-113.28037,48.54048],[-113.28072,48.54275],[-113.27694,48.54752],[-113.26973,48.54707],[-113.2711,48.55707],[-113.27488,48.55957],[-113.27419,48.5632],[-113.27831,48.57161],[-113.27797,48.57343],[-113.27522,48.57365],[-113.27557,48.58615],[-113.27145,48.58637],[-113.27076,48.5916],[-113.28415,48.60181],[-113.28655,48.60794],[-113.29926,48.61725],[-113.30475,48.62542],[-113.30784,48.62542],[-113.31162,48.63041],[-113.31127,48.64153],[-113.31299,48.64561],[-113.31642,48.64766],[-113.31814,48.64652],[-113.31951,48.65038],[-113.33359,48.65922],[-113.33977,48.65854],[-113.34389,48.66625],[-113.34423,48.67101],[-113.34938,48.67464],[-113.35007,48.67804],[-113.35693,48.68099],[-113.35728,48.68348],[-113.35556,48.68575],[-113.3511,48.68779],[-113.3614,48.68643],[-113.38474,48.69096],[-113.38783,48.69391],[-113.38886,48.69799],[-113.40019,48.70116],[-113.41152,48.70048],[-113.41496,48.70252],[-113.41496,48.70931],[-113.41324,48.71294],[-113.4153,48.71702],[-113.4153,48.72608],[-113.42937,48.74193],[-113.44517,48.74962],[-113.44791,48.74962],[-113.45993,48.73695],[-113.46233,48.73151],[-113.46817,48.72743],[-113.47744,48.71453],[-113.49152,48.70886],[-113.50731,48.69866],[-113.52619,48.69141],[-113.52722,48.68869],[-113.52894,48.68847],[-113.53237,48.69277],[-113.54156,48.69498],[-113.55572,48.69147],[-113.55743,48.68892],[-113.5667,48.68461],[-113.57048,48.68461],[-113.57391,48.68099],[-113.59623,48.67827],[-113.59657,48.67668],[-113.61108,48.67379],[-113.65116,48.6773],[-113.65871,48.6807],[-113.65142,48.67736],[-113.61245,48.67356],[-113.59863,48.67583],[-113.59537,48.67849],[-113.57657,48.68002],[-113.57022,48.68427],[-113.56533,48.68467],[-113.55786,48.68847],[-113.55572,48.69124],[-113.54241,48.69504],[-113.53323,48.69351],[-113.52739,48.68875],[-113.52559,48.69113],[-113.5098,48.69697],[-113.49229,48.70852],[-113.47744,48.71464],[-113.46851,48.72704],[-113.46336,48.73066],[-113.45538,48.74164],[-113.4468,48.74996],[-113.42929,48.74351],[-113.42877,48.7473],[-113.42628,48.75053],[-113.41693,48.75902],[-113.41324,48.76818],[-113.41324,48.77656],[-113.40723,48.79001],[-113.41272,48.80856],[-113.41942,48.81625],[-113.41993,48.81986],[-113.41684,48.82518],[-113.41736,48.84371],[-113.43246,48.85579],[-113.43641,48.85681],[-113.44019,48.85128],[-113.44963,48.84924],[-113.46096,48.83885],[-113.46971,48.83862],[-113.47572,48.83602],[-113.49031,48.83388],[-113.5025,48.83444],[-113.50988,48.83184],[-113.54147,48.82981],[-113.55143,48.82698],[-113.56602,48.82574],[-113.57889,48.82235],[-113.61391,48.80777],[-113.62369,48.80539],[-113.63228,48.80585],[-113.64601,48.80358],[-113.65133,48.80132],[-113.66283,48.80019],[-113.66833,48.79759]]}},{"type":"Feature","properties":{"day":177,"label":"Day 177","description":"Into Idaho","miles":200.9},"geometry":{"type":"LineString","coordinates":[[-113.99809,48.48396],[-114.00066,48.4843],[-114.00186,48.48009],[-113.99689,48.47042],[-113.99912,48.46416],[-114.01646,48.45266],[-114.02882,48.44913],[-114.0386,48.44264],[-114.04255,48.43512],[-114.04238,48.42624],[-114.04942,48.41371],[-114.04409,48.40539],[-114.04083,48.39456],[-114.04221,48.39057],[-114.0453,48.38795],[-114.05491,48.38533],[-114.07396,48.38556],[-114.08169,48.38373],[-114.09559,48.38818],[-114.10315,48.38567],[-114.11825,48.38453],[-114.14898,48.36389],[-114.16254,48.36366],[-114.17713,48.36731],[-114.18142,48.37108],[-114.24099,48.37085],[-114.24133,48.31928],[-114.27618,48.24937],[-114.27721,48.21438],[-114.29266,48.20923],[-114.29541,48.20557],[-114.3251,48.20031],[-114.33317,48.20031],[-114.33952,48.19687],[-114.37265,48.19699],[-114.41179,48.18291],[-114.41952,48.17822],[-114.43445,48.16128],[-114.43994,48.15257],[-114.45883,48.13574],[-114.46329,48.11706],[-114.46861,48.1111],[-114.47445,48.10525],[-114.49144,48.09643],[-114.50432,48.09264],[-114.53178,48.09104],[-114.55461,48.09826],[-114.58345,48.10285],[-114.60096,48.11442],[-114.6195,48.11396],[-114.62174,48.11362],[-114.62757,48.10755],[-114.63512,48.10273],[-114.65178,48.09803],[-114.66826,48.07865],[-114.70482,48.04917],[-114.71169,48.03769],[-114.71529,48.03574],[-114.78413,48.03092],[-114.80885,48.02587],[-114.82086,48.02736],[-114.83665,48.04297],[-114.84558,48.04423],[-114.89004,48.03884],[-114.91768,48.03046],[-114.9412,48.03264],[-114.95527,48.02725],[-114.97827,48.02369],[-115.00523,48.02702],[-115.01038,48.0261],[-115.01518,48.01944],[-115.01776,48.01864],[-115.02377,48.01967],[-115.02634,48.0222],[-115.04368,48.02438],[-115.07011,48.03482],[-115.07887,48.04091],[-115.09192,48.0463],[-115.13414,48.07968],[-115.14702,48.08519],[-115.16024,48.0876],[-115.16813,48.08553],[-115.1865,48.08828],[-115.19508,48.08691],[-115.19869,48.08404],[-115.21328,48.07934],[-115.22083,48.08072],[-115.23577,48.07418],[-115.25019,48.07051],[-115.26804,48.06879],[-115.27062,48.06581],[-115.27096,48.06041],[-115.2792,48.05525],[-115.28074,48.04928],[-115.28555,48.04538],[-115.34254,48.02518],[-115.34924,48.02529],[-115.364,48.03482],[-115.37258,48.06191],[-115.37258,48.06764],[-115.37653,48.07189],[-115.38494,48.09379],[-115.3894,48.09585],[-115.39541,48.09608],[-115.3985,48.09815],[-115.42871,48.12519],[-115.43249,48.13459],[-115.44296,48.14856],[-115.44365,48.15727],[-115.44863,48.17582],[-115.44296,48.18211],[-115.44434,48.19218],[-115.44863,48.19607],[-115.46116,48.21404],[-115.48107,48.22902],[-115.48519,48.25017],[-115.49721,48.26846],[-115.50682,48.27645],[-115.50991,48.28091],[-115.52193,48.30512],[-115.51729,48.3469],[-115.52107,48.35089],[-115.53188,48.35636],[-115.53411,48.35899],[-115.54871,48.37997],[-115.54871,48.38613],[-115.55815,48.38943],[-115.59986,48.41086],[-115.60982,48.42305],[-115.62973,48.42988],[-115.63969,48.43649],[-115.66097,48.44401],[-115.69531,48.44674],[-115.73135,48.44674],[-115.76946,48.45266],[-115.77976,48.44833],[-115.80276,48.44492],[-115.81272,48.44514],[-115.82508,48.44127],[-115.85907,48.4374],[-115.87383,48.44309],[-115.87589,48.44765],[-115.88345,48.45107],[-115.89306,48.45858],[-115.90713,48.48157],[-115.91881,48.49386],[-115.91984,48.50046],[-115.9528,48.5332],[-115.97305,48.56479],[-115.9758,48.57206],[-115.98198,48.57752],[-115.98507,48.58569],[-115.99297,48.59523],[-116.02867,48.61317],[-116.03073,48.61975],[-116.05442,48.63745],[-116.06163,48.64811],[-116.06094,48.65242],[-116.06403,48.65559],[-116.0733,48.65854],[-116.08154,48.66625],[-116.08566,48.67192],[-116.09219,48.68733],[-116.11622,48.69481],[-116.13648,48.72291],[-116.13991,48.72517],[-116.14849,48.7263],[-116.15364,48.72585],[-116.15982,48.722],[-116.1684,48.72223],[-116.1842,48.73242],[-116.18969,48.73242],[-116.20239,48.72698],[-116.2072,48.72676],[-116.24496,48.73151],[-116.29852,48.73174],[-116.30367,48.72472],[-116.31088,48.71974],[-116.30333,48.71113],[-116.3102,48.70795],[-116.30848,48.7066],[-116.31363,48.70252],[-116.30985,48.69685],[-116.3102,48.69504],[-116.31569,48.693],[-116.31569,48.68733],[-116.33629,48.67464],[-116.33766,48.67147],[-116.33697,48.6624],[-116.35139,48.64402],[-116.34727,48.63314],[-116.35208,48.61929],[-116.36307,48.60885],[-116.37577,48.60272],[-116.39156,48.56911],[-116.40701,48.54775],[-116.44409,48.51774],[-116.44443,48.5091],[-116.44718,48.50319],[-116.4592,48.48771],[-116.47739,48.45289],[-116.49696,48.42282],[-116.52718,48.40824],[-116.53061,48.40049],[-116.54022,48.39],[-116.54743,48.37358],[-116.54812,48.32955],[-116.54627,48.32667],[-116.54623,48.30909],[-116.54366,48.30909]]}},{"type":"Feature","properties":{"day":178,"label":"Day 178","description":"Into Washington","miles":169.8},"geometry":{"type":"LineString","coordinates":[[-116.54297,48.30929],[-116.5464,48.30906],[-116.54614,48.30198],[-116.54915,48.29256],[-116.55293,48.28908],[-116.55344,48.27302],[-116.54769,48.27302],[-116.54786,48.2708],[-116.54323,48.27028],[-116.53859,48.26543],[-116.53885,48.23611],[-116.54091,48.22948],[-116.55808,48.21461],[-116.55945,48.20958],[-116.57009,48.19859],[-116.59035,48.18783],[-116.59206,48.18532],[-116.59344,48.17479],[-116.59996,48.15807],[-116.6003,48.13402],[-116.6106,48.12393],[-116.62331,48.09643],[-116.63429,48.07785],[-116.63532,48.07166],[-116.64356,48.05537],[-116.64425,48.04802],[-116.6415,48.03884],[-116.64803,48.02346],[-116.67412,48.00187],[-116.67893,47.99383],[-116.68339,47.99153],[-116.69643,47.989],[-116.69746,47.98716],[-116.69952,47.91358],[-116.78673,47.82215],[-116.7881,47.81777],[-116.79153,47.75733],[-116.79188,47.6989],[-116.80767,47.69983],[-116.85368,47.70837],[-116.89075,47.70953],[-116.90414,47.71276],[-116.95118,47.71207],[-116.95942,47.71438],[-117.00234,47.7093],[-117.02259,47.70052],[-117.05109,47.69544],[-117.08714,47.68134],[-117.10568,47.67672],[-117.11083,47.67024],[-117.1328,47.66539],[-117.17846,47.66562],[-117.22481,47.67417],[-117.26635,47.67533],[-117.2945,47.67163],[-117.31373,47.66331],[-117.32677,47.65382],[-117.39029,47.65382],[-117.39415,47.65232],[-117.40342,47.65215],[-117.4114,47.65319],[-117.41106,47.6603],[-117.42342,47.66018],[-117.42325,47.6618],[-117.42668,47.66238],[-117.42668,47.65261],[-117.44393,47.64966],[-117.48024,47.6344],[-117.50427,47.64296],[-117.78683,47.64365],[-117.82116,47.65822],[-117.86579,47.67001],[-117.89738,47.66932],[-117.95403,47.65799],[-118.12981,47.65752],[-118.1432,47.65406],[-118.16002,47.65359],[-118.21735,47.64296],[-118.30421,47.64272],[-118.31451,47.64457],[-118.34507,47.65822],[-118.35159,47.66446],[-118.36945,47.6744],[-118.3794,47.68458],[-118.47038,47.73378],[-118.47862,47.74856],[-118.50643,47.75871],[-118.52806,47.75894],[-118.54385,47.7631],[-118.66299,47.75617],[-118.70178,47.75802],[-118.72238,47.76379],[-118.72238,47.77094],[-118.85353,47.88389],[-118.86143,47.89241],[-118.86177,47.9],[-118.86726,47.90369],[-118.87825,47.90691],[-118.90743,47.92048],[-118.91979,47.92186],[-118.94417,47.9168],[-118.9476,47.91772],[-118.94932,47.92439],[-118.96168,47.92554],[-118.97472,47.93061],[-118.9864,47.93314],[-119.00116,47.93452],[-119.01086,47.93958],[-119.00056,47.94257],[-118.98914,47.94924],[-118.98983,47.95475],[-118.99206,47.95648],[-118.98502,47.96188],[-118.99172,47.95659],[-118.98974,47.95452],[-118.98897,47.94947],[-118.99249,47.94694],[-119.00253,47.94182],[-119.00983,47.94021],[-119.01446,47.93676],[-119.02073,47.93687],[-119.02923,47.93406],[-119.03395,47.9348]]}},{"type":"Feature","properties":{"day":179,"label":"Day 179","description":"Across Washington","miles":243.6},"geometry":{"type":"LineString","coordinates":[[-119.03378,47.93463],[-119.04579,47.92796],[-119.07618,47.89091],[-119.08871,47.88458],[-119.09283,47.87986],[-119.09386,47.87445],[-119.09145,47.87099],[-119.09832,47.85971],[-119.10948,47.85383],[-119.1227,47.84289],[-119.13814,47.82457],[-119.14776,47.82053],[-119.15325,47.81615],[-119.15909,47.81431],[-119.16286,47.81062],[-119.18398,47.79955],[-119.21762,47.75871],[-119.22226,47.75087],[-119.23668,47.73725],[-119.24234,47.73401],[-119.26208,47.7145],[-119.27341,47.67267],[-119.2614,47.63243],[-119.26208,47.63012],[-119.29127,47.61612],[-119.33178,47.6263],[-119.38362,47.59667],[-119.3874,47.59598],[-119.39735,47.59806],[-119.41349,47.5888],[-119.42173,47.57977],[-119.43684,47.57259],[-119.44679,47.5712],[-119.45366,47.56541],[-119.46842,47.54687],[-119.46808,47.5427],[-119.48559,47.53598],[-119.49932,47.52184],[-119.50172,47.51558],[-119.50138,47.51024],[-119.51065,47.49471],[-119.5158,47.47522],[-119.5134,47.45711],[-119.49932,47.42716],[-119.49554,47.42251],[-119.49005,47.40625],[-119.48628,47.40253],[-119.48319,47.39114],[-119.48422,47.38115],[-119.54361,47.33138],[-119.57931,47.28272],[-119.58034,47.27923],[-119.57897,47.27364],[-119.58034,47.27084],[-119.60472,47.24475],[-119.83131,47.10425],[-119.85157,47.08906],[-119.86153,47.08462],[-119.87869,47.06989],[-119.93843,47.02755],[-119.95457,47.00882],[-119.97242,47.00367],[-119.97414,46.99969],[-119.96761,46.9833],[-119.96727,46.96526],[-119.96246,46.95823],[-119.96281,46.9505],[-119.95869,46.93315],[-119.95113,46.9233],[-119.94976,46.91791],[-119.94633,46.91322],[-119.95422,46.89093],[-119.95697,46.87146],[-119.93774,46.84352],[-119.93912,46.83601],[-119.91921,46.81369],[-119.92333,46.80123],[-119.92504,46.80029],[-119.92436,46.79183],[-119.93019,46.7568],[-119.91749,46.74433],[-119.91646,46.6942],[-119.89449,46.66381],[-119.86084,46.63883],[-119.85329,46.63482],[-119.80213,46.63341],[-119.73656,46.64708],[-119.7266,46.63294],[-119.72694,46.61266],[-119.73518,46.61077],[-119.73621,46.60818],[-119.72763,46.60299],[-119.72797,46.57751],[-119.79183,46.56901],[-119.80282,46.56334],[-119.80969,46.55768],[-119.82033,46.55319],[-119.85775,46.53855],[-119.88075,46.53407],[-119.87732,46.5284],[-119.8732,46.52627],[-119.87698,46.50997],[-119.89208,46.50028],[-119.90101,46.49745],[-119.912,46.48634],[-119.91612,46.48634],[-119.93053,46.47641],[-119.93809,46.45844],[-119.93706,46.4336],[-119.94701,46.41514],[-119.95079,46.39549],[-119.97826,46.36659],[-119.97826,46.30686],[-120.03971,46.30639],[-120.04692,46.30947],[-120.05928,46.3199],[-120.08434,46.32844],[-120.11936,46.33105],[-120.13344,46.33816],[-120.16365,46.33887],[-120.20004,46.35735],[-120.22304,46.37939],[-120.24159,46.39194],[-120.23935,46.38921],[-120.24056,46.39217],[-120.22253,46.37986],[-120.19815,46.3557],[-120.18133,46.34799],[-120.17893,46.34551],[-120.18322,46.34408],[-120.19026,46.33579],[-120.19318,46.33614],[-120.19129,46.33519],[-120.18288,46.34479],[-120.17738,46.34586],[-120.1676,46.34041],[-120.15421,46.33804],[-120.13361,46.33757],[-120.12211,46.33176],[-120.08177,46.32785],[-120.05705,46.3186],[-120.04349,46.30734],[-119.97156,46.30568],[-119.92796,46.27187],[-119.89637,46.26451],[-119.87028,46.25169],[-119.81741,46.23792],[-119.8011,46.22664],[-119.79149,46.2226],[-119.75458,46.2207],[-119.74428,46.21488],[-119.74737,46.21369],[-119.74857,46.20609],[-119.72712,46.20847],[-119.72523,46.20716],[-119.72368,46.20229],[-119.71767,46.19944],[-119.71304,46.20051],[-119.70669,46.20479],[-119.70446,46.18851],[-119.70051,46.18732],[-119.60335,46.18601],[-119.6006,46.17745],[-119.60266,45.97072],[-119.60129,45.96595],[-119.60266,45.95974],[-119.60266,45.93826],[-119.43924,45.94828],[-119.4104,45.95831],[-119.40491,45.95592],[-119.40216,45.94876],[-119.33556,45.94542],[-119.31976,45.91677],[-119.30534,45.91868],[-119.28955,45.85941],[-119.29092,45.8398]]}},{"type":"Feature","properties":{"day":180,"label":"Day 180","description":"To Mt Hood","miles":297.5},"geometry":{"type":"LineString","coordinates":[[-119.29024,45.83478],[-119.31084,45.83502],[-119.31118,45.81779],[-119.31873,45.80942],[-119.32148,45.79937],[-119.32182,45.7862],[-119.32354,45.78357],[-119.66034,45.84076],[-119.88281,45.82162],[-120.0119,45.79865],[-120.0634,45.77519],[-120.11078,45.76752],[-120.14442,45.75746],[-120.16983,45.74932],[-120.20004,45.72248],[-120.28175,45.70666],[-120.3566,45.69994],[-120.39299,45.69131],[-120.40878,45.69179],[-120.48775,45.68747],[-120.5159,45.69611],[-120.55229,45.72392],[-120.56465,45.73111],[-120.59692,45.73974],[-120.62508,45.73974],[-120.6443,45.73638],[-120.65323,45.72775],[-120.66559,45.72488],[-120.68207,45.71289],[-120.6958,45.70714],[-120.71777,45.70378],[-120.73906,45.69515],[-120.78301,45.68316],[-120.82695,45.67404],[-120.86678,45.65773],[-120.89287,45.63949],[-120.91827,45.63421],[-120.94162,45.65053],[-120.94917,45.65389],[-120.96909,45.64573],[-120.98282,45.64285],[-120.99106,45.64669],[-121.06041,45.64813],[-121.09611,45.63613],[-121.11259,45.61884],[-121.11946,45.61452],[-121.12839,45.60539],[-121.15448,45.60059],[-121.17302,45.59915],[-121.18607,45.60539],[-121.20117,45.60779],[-121.21422,45.627],[-121.20873,45.64237],[-121.2204,45.66397],[-121.287,45.67692],[-121.29112,45.6822],[-121.30623,45.69323],[-121.32065,45.69563],[-121.32614,45.69227],[-121.35292,45.69659],[-121.36253,45.69371],[-121.37833,45.69563],[-121.39481,45.68604],[-121.4257,45.68604],[-121.43188,45.687],[-121.4463,45.69467],[-121.4566,45.69563],[-121.49231,45.70954],[-121.50982,45.7105],[-121.51977,45.71313],[-121.54552,45.71289],[-121.56784,45.70714],[-121.57814,45.70714],[-121.58878,45.70498],[-121.61762,45.7045],[-121.62895,45.69971],[-121.66637,45.69659],[-121.68217,45.69371],[-121.69315,45.68796],[-121.70208,45.68747],[-121.7141,45.68724],[-121.71925,45.68963],[-121.74019,45.69227],[-121.78173,45.69011],[-121.78585,45.69251],[-121.80405,45.69683],[-121.82602,45.69707],[-121.83254,45.69587],[-121.84559,45.68172],[-121.8861,45.66877],[-121.89503,45.66349],[-121.90395,45.65293],[-121.92902,45.64309],[-121.93657,45.63829],[-121.96043,45.63097],[-122.00026,45.61332],[-122.02686,45.61044],[-122.04763,45.60071],[-122.05055,45.59686],[-122.04781,45.5935],[-122.05107,45.5965],[-122.04798,45.59975],[-122.04334,45.60071],[-122.04111,45.60335],[-122.03047,45.60875],[-122.02,45.61164],[-122.00043,45.61308],[-121.96077,45.63097],[-121.93279,45.63925],[-121.90687,45.65137],[-121.88696,45.66853],[-121.85074,45.68004],[-121.8425,45.68484],[-121.83237,45.69575],[-121.80782,45.69719],[-121.78053,45.69059],[-121.75512,45.69023],[-121.73727,45.69263],[-121.73126,45.69071],[-121.7189,45.69035],[-121.71392,45.68747],[-121.7074,45.68676],[-121.69573,45.68771],[-121.68388,45.69347],[-121.67032,45.69527],[-121.66655,45.69719],[-121.62929,45.69971],[-121.61762,45.70438],[-121.5711,45.70702],[-121.54587,45.71229],[-121.52183,45.71277],[-121.50982,45.71025],[-121.50175,45.71061],[-121.50433,45.71001],[-121.50175,45.70414],[-121.50639,45.70102],[-121.50364,45.69671],[-121.50536,45.69479],[-121.50484,45.69191],[-121.50776,45.6882],[-121.50673,45.68292],[-121.51325,45.67092],[-121.51377,45.65257],[-121.51188,45.64585],[-121.51428,45.64189],[-121.51274,45.63193],[-121.51583,45.6276],[-121.52819,45.62436],[-121.53746,45.62448],[-121.53728,45.61764],[-121.5414,45.61788],[-121.54209,45.6138],[-121.53952,45.6126],[-121.53952,45.60887],[-121.53591,45.60599],[-121.5378,45.60371],[-121.54638,45.60059],[-121.5505,45.59494],[-121.54982,45.58701],[-121.55651,45.57055],[-121.56784,45.55685],[-121.56784,45.52295],[-121.56544,45.51693],[-121.56406,45.50538],[-121.56097,45.50153],[-121.56303,45.49432],[-121.56132,45.48685],[-121.562,45.47073],[-121.56715,45.46519],[-121.57368,45.46471],[-121.58157,45.46061],[-121.5826,45.44978],[-121.58157,45.44616],[-121.57608,45.44183],[-121.57436,45.4252],[-121.56921,45.42086],[-121.57059,45.41556],[-121.56921,45.40423],[-121.57162,45.397],[-121.56956,45.39435],[-121.56681,45.37771],[-121.56818,45.3437],[-121.57333,45.33646],[-121.59702,45.32294],[-121.62792,45.32029],[-121.64028,45.31667],[-121.64372,45.31329],[-121.64337,45.31039],[-121.65264,45.30918],[-121.65882,45.31401],[-121.66088,45.31305],[-121.66397,45.3058],[-121.67101,45.30411],[-121.67616,45.29977],[-121.67118,45.29131],[-121.67084,45.28709],[-121.67667,45.28322],[-121.68474,45.28358],[-121.68646,45.28491],[-121.68646,45.28998],[-121.688,45.29131],[-121.69762,45.28914],[-121.70517,45.28431],[-121.70946,45.28334],[-121.72405,45.28383],[-121.73538,45.29059],[-121.73384,45.29952],[-121.74122,45.30158],[-121.73658,45.30291],[-121.73487,45.30604],[-121.73092,45.3058],[-121.72834,45.3017],[-121.71804,45.30447],[-121.71719,45.30592],[-121.70105,45.30617],[-121.70723,45.30858],[-121.70654,45.31413],[-121.71058,45.32041],[-121.70817,45.32113],[-121.70448,45.31872],[-121.7038,45.32065],[-121.70792,45.32512],[-121.71109,45.32524],[-121.70792,45.32681],[-121.70826,45.33049],[-121.70886,45.32868],[-121.71075,45.32856],[-121.71109,45.32524],[-121.708,45.32494],[-121.70405,45.32023],[-121.70491,45.3189],[-121.70792,45.32101],[-121.71049,45.32005],[-121.70723,45.3148],[-121.70646,45.31087],[-121.70792,45.30949],[-121.70148,45.3061],[-121.71693,45.30629],[-121.71822,45.30454],[-121.72706,45.30182],[-121.73358,45.30665],[-121.7365,45.30297],[-121.74122,45.30146],[-121.78087,45.30303],[-121.79117,45.30641],[-121.79272,45.30773],[-121.791,45.31039],[-121.79194,45.31196],[-121.80087,45.31184],[-121.81992,45.30321],[-121.82216,45.30303],[-121.82439,45.3058],[-121.82971,45.30659],[-121.83555,45.31015],[-121.87065,45.3052],[-121.89426,45.31317],[-121.90026,45.31685],[-121.91228,45.33109],[-121.92533,45.33809],[-121.98163,45.35432],[-121.99639,45.36011],[-122.01253,45.37006],[-122.04738,45.37964],[-122.06248,45.37946],[-122.08137,45.37579],[-122.11003,45.37759],[-122.14196,45.36722],[-122.15801,45.36656],[-122.1999,45.37464],[-122.2217,45.37579],[-122.22719,45.38091],[-122.24959,45.39544],[-122.27071,45.39761],[-122.29903,45.40767],[-122.3465,45.43472],[-122.37534,45.45447],[-122.39508,45.47223],[-122.39954,45.48691],[-122.41387,45.50183],[-122.41465,45.51194],[-122.41241,45.51567],[-122.41302,45.53016],[-122.41834,45.53197],[-122.41834,45.5372],[-122.39465,45.53924],[-122.39053,45.5408],[-122.39053,45.54447],[-122.34401,45.54158],[-122.32375,45.5384],[-122.30444,45.53948],[-122.29474,45.54158],[-122.25165,45.54219],[-122.19955,45.54904],[-122.192,45.55162],[-122.15132,45.57404],[-122.10308,45.58137],[-122.06634,45.59536],[-122.04394,45.60119],[-122.04789,45.59987],[-122.0509,45.59662],[-122.04866,45.59458]]}},{"type":"Feature","properties":{"day":183,"label":"Day 183","description":"Into Portland","miles":50.4},"geometry":{"type":"LineString","coordinates":[[-122.04901,45.59578],[-122.05081,45.5968],[-122.06257,45.59128],[-122.07493,45.5896],[-122.11707,45.57758],[-122.12814,45.57536],[-122.14514,45.57494],[-122.15664,45.57127],[-122.17973,45.55439],[-122.19655,45.54796],[-122.20436,45.54213],[-122.23277,45.53587],[-122.23002,45.53509],[-122.23174,45.53485],[-122.23011,45.53383],[-122.23466,45.53281],[-122.23929,45.53641],[-122.23912,45.53798],[-122.24135,45.5393],[-122.24367,45.53828],[-122.2441,45.53978],[-122.25165,45.53191],[-122.2659,45.53323],[-122.2756,45.5298],[-122.29028,45.53233],[-122.28985,45.53618],[-122.28436,45.53882],[-122.28796,45.53996],[-122.28676,45.54086],[-122.29491,45.54189],[-122.3059,45.53942],[-122.32684,45.53852],[-122.34349,45.54189],[-122.38984,45.54525],[-122.40443,45.54459],[-122.41834,45.53978],[-122.43207,45.54189],[-122.44966,45.53942],[-122.4846,45.54255],[-122.50606,45.54231],[-122.55403,45.54748],[-122.55747,45.54633],[-122.55901,45.54405],[-122.56047,45.53641],[-122.56854,45.53155],[-122.58948,45.53539],[-122.60545,45.52746],[-122.6094,45.52746],[-122.61927,45.53377],[-122.62287,45.53389],[-122.62296,45.51212],[-122.6451,45.512],[-122.64519,45.50478],[-122.6227,45.50466],[-122.62322,45.52361],[-122.65162,45.52301],[-122.65042,45.52439],[-122.68416,45.52299],[-122.68006,45.52183],[-122.68006,45.52292],[-122.66072,45.5229],[-122.6607,45.52508],[-122.66441,45.52679],[-122.66562,45.53371],[-122.67883,45.5482],[-122.67875,45.58269],[-122.6845,45.59728],[-122.68184,45.60677],[-122.67733,45.61224],[-122.68718,45.61671]]}},{"type":"Feature","properties":{"day":185,"label":"Day 185","description":"around portland","miles":39.8},"geometry":{"type":"LineString","coordinates":[[-122.68742,45.61692],[-122.68004,45.61326],[-122.68081,45.61182],[-122.67935,45.61134],[-122.68699,45.59014],[-122.6869,45.57722],[-122.70862,45.57716],[-122.73196,45.58539],[-122.75153,45.58912],[-122.75737,45.59302],[-122.75351,45.59494],[-122.73402,45.59026],[-122.7366,45.58623],[-122.70999,45.5774],[-122.6748,45.57716],[-122.67553,45.54775],[-122.67506,45.56268],[-122.63064,45.56277],[-122.63068,45.56638],[-122.63068,45.53515],[-122.66171,45.53509],[-122.6618,45.52286],[-122.70291,45.5243],[-122.71183,45.52292],[-122.70686,45.52352],[-122.70681,45.51856],[-122.7066,45.52358],[-122.71149,45.52295],[-122.70231,45.52427],[-122.6963,45.5234],[-122.69634,45.52628],[-122.69437,45.52625],[-122.69424,45.52328],[-122.67338,45.52316],[-122.69016,45.52304],[-122.67514,45.51901],[-122.6766,45.5163],[-122.67557,45.51591],[-122.67227,45.52322],[-122.65673,45.52283],[-122.65669,45.51221],[-122.65652,45.52087],[-122.6536,45.52364],[-122.66081,45.52364],[-122.66059,45.53524],[-122.66793,45.53518],[-122.67875,45.54829],[-122.67858,45.58209],[-122.68441,45.59716],[-122.68188,45.60689],[-122.67716,45.61194],[-122.68772,45.61689]]}},{"type":"Feature","properties":{"day":187,"label":"Day 187","description":"Into Seattle","miles":174.5},"geometry":{"type":"LineString","coordinates":[[-122.68887,45.61734],[-122.67772,45.61176],[-122.67875,45.612],[-122.673,45.6216],[-122.66167,45.63661],[-122.66201,45.65101],[-122.6675,45.66685],[-122.66373,45.67332],[-122.66441,45.68676],[-122.65308,45.70954],[-122.65514,45.72008],[-122.65446,45.7244],[-122.67677,45.79697],[-122.70424,45.85535],[-122.70699,45.86754],[-122.71488,45.87615],[-122.73068,45.88571],[-122.75814,45.93157],[-122.80655,45.96189],[-122.84328,46.00078],[-122.86388,46.05632],[-122.86697,46.06132],[-122.86766,46.08323],[-122.88723,46.11989],[-122.89032,46.12394],[-122.89822,46.12798],[-122.8989,46.13108],[-122.89787,46.14559],[-122.90165,46.15582],[-122.90474,46.17151],[-122.89238,46.19837],[-122.89204,46.21381],[-122.88345,46.253],[-122.90955,46.29737],[-122.91504,46.31682],[-122.91367,46.32227],[-122.90886,46.32891],[-122.90543,46.35522],[-122.90852,46.36517],[-122.89925,46.3988],[-122.89032,46.40614],[-122.88929,46.40969],[-122.89135,46.41987],[-122.88311,46.4757],[-122.87659,46.49296],[-122.87659,46.56476],[-122.90852,46.60771],[-122.95246,46.64284],[-122.97203,46.65156],[-122.97684,46.65627],[-122.98027,46.66899],[-122.971,46.68195],[-122.96963,46.6942],[-122.97581,46.71185],[-122.97684,46.72974],[-122.97443,46.7368],[-123.01117,46.79559],[-122.97203,46.86113],[-122.95967,46.89985],[-122.94628,46.92213],[-122.93083,46.97604],[-122.91573,46.9943],[-122.90611,47.01023],[-122.90611,47.0217],[-122.89513,47.02708],[-122.88757,47.03527],[-122.87487,47.03714],[-122.86938,47.04065],[-122.8553,47.04018],[-122.84122,47.0451],[-122.82234,47.0472],[-122.80655,47.05632],[-122.72965,47.06802],[-122.71488,47.06825],[-122.673,47.08275],[-122.65892,47.08415],[-122.6215,47.09327],[-122.59747,47.10262],[-122.58957,47.10285],[-122.56966,47.11103],[-122.51472,47.14116],[-122.47902,47.16311],[-122.46563,47.17758],[-122.4622,47.19111],[-122.46117,47.20604],[-122.46288,47.22819],[-122.46048,47.23076],[-122.44709,47.23006],[-122.42958,47.23356],[-122.41928,47.23799],[-122.4028,47.23938],[-122.39628,47.24195],[-122.37259,47.24032],[-122.33688,47.24218],[-122.33036,47.2564],[-122.31628,47.27061],[-122.30942,47.28109],[-122.295,47.3216],[-122.29294,47.34604],[-122.29637,47.35464],[-122.29019,47.38231],[-122.29225,47.40555],[-122.28916,47.41763],[-122.27157,47.43169],[-122.26985,47.43087],[-122.27543,47.42658],[-122.27792,47.42141],[-122.28144,47.41856],[-122.28255,47.41554],[-122.28144,47.4131],[-122.27938,47.412],[-122.26212,47.41252],[-122.27946,47.41206],[-122.28264,47.41554],[-122.27474,47.42733],[-122.27002,47.43082],[-122.27148,47.43163],[-122.26376,47.45526],[-122.26513,47.46384],[-122.27097,47.47707],[-122.27131,47.48357],[-122.26444,47.48937],[-122.26513,47.49215],[-122.2823,47.50793],[-122.28916,47.51906],[-122.295,47.53436],[-122.31079,47.54826],[-122.31697,47.55174],[-122.32178,47.56054],[-122.31869,47.58023],[-122.32083,47.59407],[-122.32676,47.59227],[-122.32796,47.59031],[-122.33697,47.59042],[-122.33603,47.60101],[-122.34263,47.60784],[-122.34006,47.60883],[-122.34517,47.61314],[-122.341,47.61059],[-122.34225,47.60946],[-122.3401,47.60732],[-122.34126,47.60689],[-122.33585,47.60078]]}},{"type":"Feature","properties":{"day":190,"label":"Day 190","description":"Around Seattle","miles":95.9},"geometry":{"type":"LineString","coordinates":[[-122.25466,47.37766],[-122.26719,47.37592],[-122.27234,47.37801],[-122.27715,47.38278],[-122.278,47.38847],[-122.28058,47.39091],[-122.29105,47.39184],[-122.29242,47.40532],[-122.28762,47.41961],[-122.27148,47.43111],[-122.26358,47.45584],[-122.27165,47.48148],[-122.26925,47.48531],[-122.26461,47.48844],[-122.26496,47.49157],[-122.27955,47.50526],[-122.29088,47.52219],[-122.29569,47.53459],[-122.3089,47.54687],[-122.31697,47.55162],[-122.32178,47.55973],[-122.31886,47.57977],[-122.32092,47.59424],[-122.33637,47.59274],[-122.33551,47.60142],[-122.3386,47.60396],[-122.31646,47.61322],[-122.32075,47.61415],[-122.32126,47.61068],[-122.33276,47.60616],[-122.33826,47.61322],[-122.34564,47.61774],[-122.34392,47.61878],[-122.34358,47.63578],[-122.3477,47.64411],[-122.34753,47.65036],[-122.35044,47.65082],[-122.3477,47.65093],[-122.34152,47.65568],[-122.32264,47.65568],[-122.32264,47.63671],[-122.32796,47.62826],[-122.32847,47.61808],[-122.33105,47.61068],[-122.32779,47.60454],[-122.32109,47.59887],[-122.32006,47.59436],[-122.3295,47.59239],[-122.32985,47.55313],[-122.32092,47.55348],[-122.30204,47.53725],[-122.29792,47.53331],[-122.28556,47.50955],[-122.28676,47.50746],[-122.29139,47.50723],[-122.29792,47.51836],[-122.29036,47.50653],[-122.28212,47.50758],[-122.2641,47.49053],[-122.27251,47.48253],[-122.26393,47.46059],[-122.26994,47.43262],[-122.28676,47.421],[-122.29174,47.40904],[-122.29036,47.38208],[-122.29637,47.35522],[-122.29277,47.34615],[-122.29466,47.323],[-122.30976,47.28074],[-122.31697,47.27003],[-122.33088,47.25652],[-122.33517,47.2437],[-122.34324,47.24148],[-122.35783,47.2409],[-122.39645,47.24183],[-122.41653,47.23869],[-122.44537,47.23029],[-122.45825,47.23146],[-122.46254,47.22983],[-122.46357,47.22551],[-122.46134,47.20359],[-122.46237,47.18995],[-122.46563,47.17769],[-122.4852,47.15844],[-122.57069,47.11056],[-122.58923,47.1039],[-122.6088,47.09969],[-122.6203,47.09373],[-122.67403,47.08193],[-122.71402,47.06802],[-122.73102,47.0679],[-122.80672,47.05667],[-122.82148,47.0472],[-122.84019,47.04545],[-122.85307,47.041],[-122.86852,47.04065],[-122.8759,47.03644],[-122.88877,47.0348],[-122.89907,47.02509],[-122.9068,47.0217],[-122.90628,47.00976],[-122.91229,47.00004],[-122.91641,46.99992]]}},{"type":"Feature","properties":{"day":191,"label":"Day 191","description":"To Olympic National Park","miles":171.9},"geometry":{"type":"LineString","coordinates":[[-122.9159,46.99992],[-122.91212,47.00004],[-122.90646,47.01023],[-122.90611,47.01982],[-122.91367,47.02556],[-122.92791,47.02614],[-122.94954,47.03667],[-122.96877,47.04252],[-122.98508,47.04241],[-123.00756,47.05609],[-123.01821,47.05855],[-123.02439,47.05784],[-123.03091,47.05328],[-123.05117,47.04673],[-123.05683,47.04147],[-123.07245,47.04112],[-123.10541,47.03234],[-123.11829,47.0334],[-123.12756,47.03971],[-123.14215,47.04626],[-123.15468,47.05574],[-123.17717,47.05948],[-123.20206,47.05703],[-123.21837,47.05071],[-123.23416,47.05059],[-123.2448,47.0465],[-123.25802,47.04439],[-123.26506,47.04626],[-123.27518,47.0541],[-123.29012,47.05352],[-123.33338,47.03773],[-123.35003,47.01971],[-123.35432,47.01713],[-123.38608,47.00531],[-123.40256,47.00121],[-123.42522,46.99583],[-123.44067,46.99524],[-123.45457,46.99852],[-123.49079,47.00028],[-123.55791,46.98318],[-123.59396,46.97861],[-123.61284,46.97334],[-123.62572,46.97662],[-123.65507,46.97651],[-123.7397,46.97112],[-123.75498,46.9785],[-123.76425,46.97943],[-123.76871,46.98142],[-123.78021,46.98189],[-123.79068,46.97838],[-123.813,46.97697],[-123.82639,46.97041],[-123.83223,46.97522],[-123.88235,46.97568],[-123.88784,46.97978],[-123.88596,46.98072],[-123.88596,46.99267],[-123.89402,46.99302],[-123.89763,46.99653],[-123.90278,46.99805],[-123.9069,47.00613],[-123.91188,47.01069],[-123.91531,47.01678],[-123.92286,47.03293],[-123.92149,47.03644],[-123.92544,47.04884],[-123.92578,47.0548],[-123.93076,47.06194],[-123.92956,47.06942],[-123.91205,47.07994],[-123.90501,47.0866],[-123.90467,47.09373],[-123.90673,47.10273],[-123.90518,47.10635],[-123.89591,47.11056],[-123.89814,47.11862],[-123.89368,47.12306],[-123.89746,47.13556],[-123.89008,47.14233],[-123.87909,47.16206],[-123.88853,47.17548],[-123.95325,47.19765],[-123.96955,47.22038],[-123.96938,47.22295],[-123.95891,47.23262],[-123.94621,47.23612],[-123.93076,47.2444],[-123.91085,47.28156],[-123.91119,47.28831],[-123.9081,47.29565],[-123.90793,47.32591],[-123.90638,47.33429],[-123.90707,47.34278],[-123.90947,47.3465],[-123.90827,47.35197],[-123.91102,47.35511],[-123.91153,47.3622],[-123.89574,47.38185],[-123.88853,47.40277],[-123.876,47.42158],[-123.87772,47.44167],[-123.87651,47.45073],[-123.88063,47.45653],[-123.88767,47.45711],[-123.89145,47.45909],[-123.90501,47.45793],[-123.91273,47.4599],[-123.92252,47.46791],[-123.93385,47.4802],[-123.97745,47.48067],[-124.02226,47.47394],[-124.02706,47.4715],[-124.05333,47.47638],[-124.105,47.49099],[-124.11032,47.49563],[-124.11495,47.49691],[-124.1201,47.49633],[-124.14688,47.50306],[-124.15358,47.5034],[-124.17795,47.5143],[-124.18499,47.51952],[-124.18705,47.52346],[-124.19632,47.5252],[-124.19924,47.52984],[-124.20164,47.53076],[-124.26481,47.54166],[-124.26928,47.54201],[-124.2873,47.53725],[-124.3206,47.51616],[-124.33382,47.51929],[-124.33777,47.52798],[-124.33313,47.53586],[-124.33399,47.53934],[-124.33983,47.54548],[-124.35682,47.55475],[-124.37141,47.60663],[-124.37828,47.62086],[-124.38,47.63278],[-124.38532,47.6418],[-124.38738,47.65799],[-124.39356,47.66331],[-124.39699,47.67198],[-124.40592,47.68619],[-124.40935,47.6892],[-124.41381,47.70872],[-124.4109,47.71161],[-124.41364,47.71334],[-124.4133,47.71507],[-124.40077,47.72154],[-124.38961,47.72385],[-124.38463,47.72859],[-124.38103,47.72893],[-124.37485,47.73297],[-124.35528,47.73609],[-124.33811,47.74521],[-124.3261,47.74902],[-124.32232,47.75133],[-124.32026,47.75675],[-124.30996,47.76425],[-124.29588,47.77014],[-124.28644,47.77221],[-124.28026,47.77648],[-124.27751,47.78144],[-124.27391,47.7826],[-124.2667,47.78087],[-124.25331,47.78202],[-124.24953,47.78779],[-124.25177,47.7924],[-124.25177,47.80128],[-124.24971,47.80647],[-124.25108,47.80866],[-124.25039,47.81096],[-124.25571,47.809],[-124.25898,47.81027],[-124.26498,47.82284],[-124.26378,47.82664],[-124.26601,47.83079],[-124.27631,47.83678],[-124.28472,47.84842],[-124.30773,47.85245],[-124.31116,47.85429],[-124.32215,47.85475],[-124.32386,47.85775],[-124.33107,47.85971],[-124.33519,47.86397],[-124.33811,47.87145],[-124.34875,47.87767],[-124.35734,47.88861],[-124.35648,47.89425],[-124.38171,47.89632],[-124.38515,47.9015],[-124.39253,47.90771],[-124.39424,47.91255],[-124.40935,47.92796],[-124.40935,47.93072],[-124.40592,47.93337],[-124.38755,47.93923],[-124.38566,47.9413],[-124.38566,47.95475],[-124.40111,47.96453],[-124.40334,47.96763],[-124.42514,47.96257],[-124.43407,47.96418],[-124.44214,47.96349],[-124.44832,47.95682],[-124.46051,47.95303],[-124.46274,47.94073],[-124.4993,47.9237],[-124.52282,47.91784],[-124.53484,47.913],[-124.54067,47.90507],[-124.54445,47.90334],[-124.55011,47.90391],[-124.55921,47.89931],[-124.57569,47.89782],[-124.5841,47.89908],[-124.58805,47.89413],[-124.60024,47.89033],[-124.60779,47.89079],[-124.61689,47.89874],[-124.62462,47.89805],[-124.63002,47.90426],[-124.63105,47.9034],[-124.62977,47.90207]]}},{"type":"Feature","properties":{"day":192,"label":"Day 192","description":"Olympic National Park","miles":59.7},"geometry":{"type":"LineString","coordinates":[[-124.62959,47.90207],[-124.62977,47.90443],[-124.62436,47.89822],[-124.61638,47.89839],[-124.60711,47.89074],[-124.60024,47.89039],[-124.58788,47.89419],[-124.58402,47.89897],[-124.57432,47.89782],[-124.55861,47.89931],[-124.54994,47.90369],[-124.54316,47.90328],[-124.53458,47.91283],[-124.55011,47.91715],[-124.60273,47.91835],[-124.62719,47.92273],[-124.63036,47.92094],[-124.63886,47.92066],[-124.64444,47.93492],[-124.65234,47.94326],[-124.64521,47.93624],[-124.63818,47.92054],[-124.63088,47.92071],[-124.62693,47.9225],[-124.60281,47.91835],[-124.55003,47.91715],[-124.53432,47.91295],[-124.52445,47.9179],[-124.50213,47.92244],[-124.47038,47.93641],[-124.46317,47.94073],[-124.46128,47.95199],[-124.45098,47.95493],[-124.44094,47.96355],[-124.43433,47.96412],[-124.4272,47.96263],[-124.40343,47.96757],[-124.40042,47.96366],[-124.38772,47.95705],[-124.38549,47.9543],[-124.38541,47.94193],[-124.38721,47.93946],[-124.40695,47.93291],[-124.40927,47.93089],[-124.40969,47.92813],[-124.39476,47.91318],[-124.39218,47.90748],[-124.38463,47.9011],[-124.3818,47.89655],[-124.37571,47.89471],[-124.35691,47.89419],[-124.35579,47.89338],[-124.35725,47.88815],[-124.34798,47.87732],[-124.3382,47.87145],[-124.33459,47.86305],[-124.33159,47.8604],[-124.32421,47.85798],[-124.3218,47.85493],[-124.28455,47.84819],[-124.27614,47.8369],[-124.26584,47.83079],[-124.2637,47.82583],[-124.2625,47.82998],[-124.24996,47.83367],[-124.24207,47.83338],[-124.21477,47.82745],[-124.20113,47.82278],[-124.18345,47.82249],[-124.16748,47.81604],[-124.13006,47.81702],[-124.12062,47.81511],[-124.11624,47.81788],[-124.11246,47.81748],[-124.10397,47.81287],[-124.10233,47.80924],[-124.09392,47.80814],[-124.08079,47.81004],[-124.06242,47.81569],[-124.0359,47.81713],[-124.02346,47.82042],[-124.01633,47.82053],[-123.9923,47.8282],[-123.9887,47.83459],[-123.98028,47.83171],[-123.97582,47.83442],[-123.97247,47.84018],[-123.95179,47.85291],[-123.95007,47.85545],[-123.94321,47.85913],[-123.93505,47.86068]]}},{"type":"Feature","properties":{"day":194,"label":"Day 194","description":"To Port Angeles","miles":162.4},"geometry":{"type":"LineString","coordinates":[[-124.62942,47.90161],[-124.62994,47.90461],[-124.6241,47.89805],[-124.61655,47.89874],[-124.60741,47.89102],[-124.60075,47.89028],[-124.59734,47.88658],[-124.58769,47.88737],[-124.58526,47.88441],[-124.58784,47.87858],[-124.57842,47.87406],[-124.58796,47.87846],[-124.58563,47.88596],[-124.58767,47.88726],[-124.59743,47.88654],[-124.60065,47.89029],[-124.58805,47.89416],[-124.58466,47.89882],[-124.57406,47.89787],[-124.55835,47.89937],[-124.54951,47.90369],[-124.54316,47.90322],[-124.53449,47.91283],[-124.52462,47.91761],[-124.50188,47.92244],[-124.48754,47.92802],[-124.46317,47.94061],[-124.46162,47.95142],[-124.45081,47.95493],[-124.44179,47.9632],[-124.43493,47.96418],[-124.42652,47.96251],[-124.40351,47.96751],[-124.40188,47.98102],[-124.39442,47.98602],[-124.38995,47.99532],[-124.38944,48.01106],[-124.39167,48.0153],[-124.38635,48.03379],[-124.37141,48.04699],[-124.35253,48.05582],[-124.33039,48.0541],[-124.31236,48.05973],[-124.30481,48.06672],[-124.28095,48.06994],[-124.27803,48.07429],[-124.26395,48.08404],[-124.26361,48.09092],[-124.26722,48.09436],[-124.26069,48.10353],[-124.25177,48.11133],[-124.22379,48.12107],[-124.21967,48.12703],[-124.2152,48.13001],[-124.2116,48.13562],[-124.21589,48.13745],[-124.22035,48.14272],[-124.21589,48.14673],[-124.22052,48.15028],[-124.22035,48.15441],[-124.20834,48.15704],[-124.20799,48.16357],[-124.20439,48.16689],[-124.2104,48.16929],[-124.21452,48.17467],[-124.2152,48.18131],[-124.23357,48.19962],[-124.24988,48.20649],[-124.25005,48.21118],[-124.24816,48.21301],[-124.25245,48.21827],[-124.25434,48.2297],[-124.25812,48.23554],[-124.25486,48.24205],[-124.25606,48.24594],[-124.25966,48.24983],[-124.26018,48.2544],[-124.27391,48.25337],[-124.28284,48.25748],[-124.29726,48.25851],[-124.30275,48.2608],[-124.34704,48.26743],[-124.34858,48.27028],[-124.35373,48.27143],[-124.3618,48.27759],[-124.36729,48.27737],[-124.3697,48.27988],[-124.37931,48.28399],[-124.39476,48.28708],[-124.41742,48.30181],[-124.43579,48.30603],[-124.44197,48.309],[-124.44763,48.31631],[-124.46943,48.32361],[-124.47081,48.32556],[-124.4854,48.33183],[-124.49089,48.33183],[-124.49587,48.33662],[-124.50171,48.33754],[-124.50823,48.34199],[-124.52025,48.34564],[-124.52213,48.34746],[-124.53707,48.34895],[-124.54737,48.35305],[-124.55664,48.35956],[-124.56282,48.35819],[-124.56162,48.3615],[-124.57209,48.36355],[-124.58822,48.37005],[-124.60093,48.36902],[-124.61105,48.36594],[-124.62187,48.36674],[-124.62719,48.37016],[-124.63509,48.36264],[-124.63612,48.35568],[-124.64144,48.35237],[-124.65225,48.35169],[-124.66805,48.3461],[-124.68092,48.34758],[-124.68899,48.3461],[-124.69122,48.34929],[-124.6907,48.35203],[-124.69877,48.35579],[-124.6974,48.35899],[-124.69843,48.36229],[-124.72195,48.37313],[-124.72074,48.3786],[-124.71458,48.37932],[-124.71593,48.38492],[-124.72355,48.3838],[-124.72595,48.38572],[-124.7235,48.3838],[-124.71594,48.38497],[-124.71499,48.37903],[-124.72044,48.37855],[-124.72289,48.37435],[-124.71461,48.36877],[-124.70851,48.36788],[-124.69847,48.36201],[-124.69723,48.35879],[-124.69847,48.35548],[-124.69092,48.35203],[-124.68929,48.34632],[-124.68045,48.34772],[-124.66817,48.3459],[-124.65178,48.35151],[-124.64268,48.35177],[-124.63599,48.35642],[-124.635,48.36235],[-124.62766,48.36859],[-124.61414,48.36594],[-124.58908,48.37016],[-124.57174,48.36321],[-124.56265,48.36161],[-124.56162,48.36104],[-124.56265,48.35796],[-124.55544,48.35864],[-124.54737,48.35385],[-124.54823,48.35271],[-124.54462,48.3526],[-124.53552,48.34826],[-124.52539,48.34849],[-124.50703,48.34142],[-124.50102,48.3372],[-124.49501,48.33651],[-124.49141,48.33217],[-124.48317,48.33103],[-124.47647,48.32841],[-124.4696,48.32339],[-124.44832,48.3162],[-124.44145,48.30866],[-124.41725,48.3017],[-124.40231,48.29267],[-124.39939,48.28925],[-124.37845,48.28399],[-124.36695,48.27702],[-124.36163,48.27737],[-124.36094,48.27565],[-124.34893,48.27051],[-124.34738,48.268],[-124.30275,48.2608],[-124.29502,48.25794],[-124.28215,48.25771],[-124.27923,48.25451],[-124.27271,48.25337],[-124.26327,48.25314],[-124.26001,48.25486],[-124.25966,48.24903],[-124.25589,48.24571],[-124.25503,48.24137],[-124.25777,48.23725],[-124.25709,48.23291],[-124.25434,48.23039],[-124.25417,48.22227],[-124.2485,48.21278],[-124.24988,48.2098],[-124.24868,48.205],[-124.23357,48.19985],[-124.22241,48.18749],[-124.2164,48.18383],[-124.21452,48.17708],[-124.20971,48.16895],[-124.20456,48.16689],[-124.20799,48.16357],[-124.20696,48.15819],[-124.22001,48.15486],[-124.2207,48.15292],[-124.2207,48.15109],[-124.21623,48.14719],[-124.22052,48.14284],[-124.21658,48.13768],[-124.21211,48.13505],[-124.2152,48.13001],[-124.21932,48.12829],[-124.2219,48.1221],[-124.25331,48.11087],[-124.26722,48.09471],[-124.26361,48.09115],[-124.26327,48.08485],[-124.27751,48.07395],[-124.2806,48.06971],[-124.27202,48.07005],[-124.2267,48.06477],[-124.19478,48.06294],[-124.12542,48.0611],[-124.08594,48.06822],[-123.97556,48.07303],[-123.95788,48.07762],[-123.95016,48.07257],[-123.93282,48.07154],[-123.91497,48.06718],[-123.9081,48.06271],[-123.89849,48.06133],[-123.89282,48.05881],[-123.88424,48.05892],[-123.88166,48.05571],[-123.8772,48.05491],[-123.87394,48.05238],[-123.86347,48.05032],[-123.8451,48.04859],[-123.8415,48.05123],[-123.8257,48.05227],[-123.80596,48.04905],[-123.79755,48.05181],[-123.79618,48.05445],[-123.77987,48.05996],[-123.77626,48.06328],[-123.77712,48.06535],[-123.77352,48.07039],[-123.77403,48.07315],[-123.77094,48.07533],[-123.73472,48.08186],[-123.7306,48.08714],[-123.72477,48.08794],[-123.70674,48.08404],[-123.70194,48.07911],[-123.68151,48.07406],[-123.63808,48.07189],[-123.601,48.06408],[-123.58624,48.06603],[-123.57628,48.06535],[-123.57542,48.07005],[-123.56924,48.07292],[-123.56237,48.08049],[-123.55774,48.08301],[-123.55997,48.08691],[-123.55877,48.08909],[-123.53834,48.09792],[-123.5313,48.09998],[-123.49903,48.1033],[-123.4477,48.10812],[-123.44238,48.10732],[-123.43414,48.11591],[-123.43174,48.11477]]}},{"type":"Feature","properties":{"day":195,"label":"Day 195","description":"Out of Olympic National Park","miles":195.5},"geometry":{"type":"LineString","coordinates":[[-123.43294,48.11694],[-123.43191,48.11866],[-123.41869,48.11293],[-123.42573,48.10571],[-123.42539,48.09757],[-123.42951,48.09471],[-123.42951,48.09092],[-123.43208,48.08771],[-123.43208,48.08462],[-123.4271,48.07647],[-123.43466,48.0712],[-123.43414,48.0689],[-123.42041,48.06041],[-123.41989,48.0533],[-123.42144,48.05204],[-123.41818,48.04435],[-123.42882,48.03987],[-123.43037,48.03735],[-123.42813,48.03436],[-123.42178,48.03149],[-123.41028,48.03081],[-123.39569,48.02173],[-123.39226,48.0222],[-123.39088,48.02036],[-123.38676,48.02116],[-123.37818,48.01427],[-123.3708,48.01266],[-123.37715,48.00738],[-123.37646,48.00462],[-123.37337,48.00394],[-123.37269,48.00187],[-123.37578,47.9975],[-123.37955,47.99612],[-123.39003,47.99567],[-123.39706,47.99268],[-123.40659,47.99193],[-123.41869,47.98544],[-123.42401,47.98716],[-123.43904,47.98711],[-123.44856,47.98314],[-123.45955,47.98446],[-123.46307,47.9863],[-123.46582,47.98544],[-123.46882,47.98119],[-123.47174,47.98044],[-123.47182,47.97855],[-123.47654,47.97734],[-123.47491,47.97384],[-123.48779,47.97355],[-123.48804,47.97113],[-123.48607,47.96918],[-123.49405,47.96947],[-123.48667,47.96912],[-123.4883,47.97366],[-123.48023,47.97292],[-123.475,47.97412],[-123.47637,47.97751],[-123.47165,47.97918],[-123.4635,47.98647],[-123.44891,47.98309],[-123.43852,47.98716],[-123.42393,47.98705],[-123.41921,47.98556],[-123.41062,47.98883],[-123.40711,47.99193],[-123.39732,47.99279],[-123.38831,47.99624],[-123.38007,47.99607],[-123.37526,47.99854],[-123.37295,48.00313],[-123.37604,48.00474],[-123.37672,48.00698],[-123.37123,48.01278],[-123.37844,48.01462],[-123.38754,48.02145],[-123.39063,48.0203],[-123.39183,48.02179],[-123.39535,48.02173],[-123.40659,48.02788],[-123.40694,48.02989],[-123.41981,48.03109],[-123.42831,48.03431],[-123.43062,48.03775],[-123.42693,48.04085],[-123.41947,48.04314],[-123.41809,48.04659],[-123.42127,48.05204],[-123.41981,48.05347],[-123.42075,48.05588],[-123.41964,48.05944],[-123.43483,48.06976],[-123.4344,48.07234],[-123.42779,48.07481],[-123.42771,48.07722],[-123.4314,48.08198],[-123.43208,48.08794],[-123.42899,48.09161],[-123.42899,48.09643],[-123.42453,48.09849],[-123.42659,48.10514],[-123.41835,48.11408],[-123.40324,48.10789],[-123.38608,48.10468],[-123.37097,48.10491],[-123.3593,48.10904],[-123.35724,48.10743],[-123.35724,48.10353],[-123.35484,48.10285],[-123.34934,48.10628],[-123.34591,48.10606],[-123.33836,48.10101],[-123.31604,48.09665],[-123.29063,48.0962],[-123.13511,48.07418],[-123.0946,48.07326],[-123.07468,48.07051],[-123.05924,48.06431],[-123.05031,48.05651],[-123.03142,48.04389],[-123.03074,48.037],[-123.00465,48.02024],[-122.99572,48.02438],[-122.9789,48.04642],[-122.96482,48.05032],[-122.92328,48.05009],[-122.8783,48.04091],[-122.86766,48.03195],[-122.86217,48.01634],[-122.86526,48.00531],[-122.88002,48.00026],[-122.88963,47.99222],[-122.89032,47.98969],[-122.88551,47.98647],[-122.88551,47.98142],[-122.88071,47.96464],[-122.88311,47.95222],[-122.8862,47.94717],[-122.8838,47.94165],[-122.88689,47.92094],[-122.88483,47.91151],[-122.87487,47.90391],[-122.86903,47.89425],[-122.86938,47.89218],[-122.87624,47.88596],[-122.87899,47.86477],[-122.88929,47.84773],[-122.88586,47.83321],[-122.87453,47.82468],[-122.87453,47.82238],[-122.90131,47.81753],[-122.91641,47.80578],[-122.92877,47.78433],[-122.92293,47.78041],[-122.91882,47.77371],[-122.90646,47.77325],[-122.89856,47.7691],[-122.89684,47.76125],[-122.89238,47.75271],[-122.8886,47.75156],[-122.87762,47.74348],[-122.88242,47.73609],[-122.88826,47.71415],[-122.89169,47.70814],[-122.89581,47.70607],[-122.89547,47.70191],[-122.89993,47.68781],[-122.90028,47.67625],[-122.90714,47.6714],[-122.91058,47.66608],[-122.92225,47.66169],[-122.92568,47.65498],[-122.9322,47.65198],[-122.93632,47.64689],[-122.93667,47.64319],[-122.94388,47.63625],[-122.94594,47.63092],[-122.95212,47.62699],[-122.96276,47.62375],[-122.96791,47.61936],[-122.9837,47.61426],[-122.98988,47.60477],[-122.9916,47.59783],[-123.00327,47.58671],[-123.0098,47.57537],[-123.01495,47.56981],[-123.01632,47.56541],[-123.0328,47.5522],[-123.04413,47.55058],[-123.04104,47.54061],[-123.04447,47.53366],[-123.05134,47.52926],[-123.05992,47.50236],[-123.10181,47.46361],[-123.10833,47.46152],[-123.11588,47.46268],[-123.11176,47.4592],[-123.11348,47.45642],[-123.11211,47.45084],[-123.11417,47.44527],[-123.12069,47.439],[-123.12103,47.43552],[-123.1255,47.4325],[-123.12481,47.42925],[-123.12927,47.4246],[-123.13271,47.41438],[-123.14129,47.40648],[-123.14301,47.39347],[-123.14575,47.39091],[-123.14644,47.38557],[-123.15365,47.3751],[-123.15949,47.37045],[-123.15777,47.36139],[-123.16017,47.35301],[-123.1612,47.33463],[-123.16738,47.323],[-123.17322,47.31648],[-123.18111,47.30019],[-123.1794,47.29134],[-123.15846,47.28202],[-123.15605,47.279],[-123.1461,47.25267],[-123.14163,47.24521],[-123.1303,47.23402],[-123.12756,47.22936],[-123.12756,47.224],[-123.1303,47.2191],[-123.12618,47.19974],[-123.12275,47.19555],[-123.10043,47.18248],[-123.09769,47.17455],[-123.0946,47.13579],[-123.10146,47.13042],[-123.11348,47.12575],[-123.11623,47.12061],[-123.12275,47.12014],[-123.13271,47.11149],[-123.13442,47.10706],[-123.17219,47.09911],[-123.19622,47.09958],[-123.20549,47.09654],[-123.21751,47.09724],[-123.21922,47.09514],[-123.223,47.09654],[-123.23227,47.08929],[-123.23261,47.08298],[-123.25218,47.07877],[-123.26317,47.07386],[-123.26866,47.06755],[-123.26557,47.05983],[-123.26557,47.05539],[-123.2872,47.05586],[-123.28686,47.05398],[-123.31295,47.0458],[-123.33183,47.03737],[-123.35312,47.01725],[-123.37303,47.00976],[-123.40393,47.00063],[-123.41148,47.00039],[-123.42419,46.99501],[-123.44204,46.99571],[-123.45921,46.99922],[-123.49216,47.00016],[-123.55568,46.9833],[-123.56976,46.98283],[-123.59379,46.97768],[-123.59757,46.97627],[-123.60443,46.96502],[-123.60306,46.95917],[-123.60958,46.95612],[-123.61233,46.95237],[-123.62194,46.94581],[-123.63979,46.94393],[-123.64666,46.94511],[-123.65799,46.93995],[-123.69713,46.93174],[-123.71258,46.9301],[-123.71738,46.92541],[-123.7191,46.91838],[-123.71738,46.91486],[-123.71807,46.90642],[-123.71361,46.8853],[-123.70606,46.87991],[-123.70777,46.87521],[-123.7064,46.87193],[-123.71086,46.86747],[-123.70915,46.86043],[-123.71704,46.85174],[-123.71944,46.84141],[-123.71944,46.82872],[-123.72837,46.8245],[-123.73009,46.81768],[-123.74622,46.80546],[-123.74554,46.79771],[-123.73798,46.79442],[-123.74107,46.79113],[-123.74039,46.77749],[-123.75378,46.76244],[-123.75412,46.75797],[-123.74348,46.73962],[-123.74725,46.73374],[-123.74039,46.72527],[-123.74382,46.71586],[-123.73936,46.70832],[-123.74039,46.70267],[-123.7373,46.69467],[-123.7397,46.69325],[-123.74691,46.69349],[-123.74622,46.69137]]}},{"type":"Feature","properties":{"day":196,"label":"Day 196","description":"Into Goonies Country","miles":64.6},"geometry":{"type":"LineString","coordinates":[[-123.74622,46.69114],[-123.74313,46.69396],[-123.73661,46.69373],[-123.72974,46.68901],[-123.72906,46.6836],[-123.73009,46.68195],[-123.73867,46.67936],[-123.74348,46.6803],[-123.74863,46.68525],[-123.76923,46.67347],[-123.78639,46.6697],[-123.79875,46.6631],[-123.81214,46.6664],[-123.84373,46.6982],[-123.84716,46.69891],[-123.87463,46.68478],[-123.87772,46.68407],[-123.88424,46.68572],[-123.89523,46.67983],[-123.91548,46.67771],[-123.92063,46.673],[-123.91891,46.66734],[-123.92097,46.65509],[-123.91823,46.64614],[-123.92338,46.62516],[-123.91445,46.61502],[-123.91926,46.59945],[-123.91685,46.59025],[-123.91617,46.5735],[-123.89317,46.54824],[-123.88596,46.52037],[-123.88664,46.4991],[-123.88836,46.49296],[-123.88802,46.47901],[-123.88149,46.47215],[-123.87016,46.4459],[-123.8554,46.43407],[-123.85609,46.42792],[-123.84098,46.40898],[-123.83446,46.39407],[-123.82759,46.39052],[-123.82141,46.38341],[-123.80218,46.37583],[-123.80218,46.37323],[-123.81523,46.3628],[-123.81248,46.33887],[-123.80012,46.33389],[-123.79738,46.32891],[-123.80218,46.31279],[-123.80012,46.30378],[-123.80939,46.29642],[-123.81145,46.29168],[-123.80751,46.28622],[-123.81128,46.28326],[-123.81712,46.27044],[-123.8336,46.26949],[-123.84029,46.26273],[-123.85197,46.25941],[-123.85334,46.25549],[-123.86141,46.24884],[-123.86656,46.24884],[-123.87068,46.24291],[-123.87531,46.24089],[-123.84853,46.1891],[-123.85454,46.18744],[-123.84613,46.19053],[-123.83686,46.19076],[-123.83497,46.18898],[-123.82261,46.18934],[-123.82287,46.18821],[-123.84647,46.19065],[-123.85943,46.18453],[-123.87051,46.17442],[-123.89669,46.16247],[-123.92424,46.1658],[-123.9257,46.16729],[-123.92544,46.17401],[-123.92939,46.17721],[-123.92964,46.19017],[-123.94647,46.19938],[-123.95513,46.19926],[-123.95659,46.18441],[-123.96277,46.18173],[-123.96749,46.1875]]}},{"type":"Feature","properties":{"day":197,"label":"Day 197","description":"Around Astoria","miles":16.2},"geometry":{"type":"LineString","coordinates":[[-123.97745,46.17484],[-123.97642,46.1752],[-123.97745,46.17864],[-123.96595,46.179],[-123.95668,46.18411],[-123.95531,46.19956],[-123.94672,46.19944],[-123.93076,46.19088],[-123.92956,46.17769],[-123.92527,46.17317],[-123.92509,46.1664],[-123.90655,46.16366],[-123.90501,46.1576],[-123.89093,46.16557],[-123.87136,46.17377],[-123.86141,46.18256],[-123.84664,46.19029],[-123.83613,46.19047],[-123.83463,46.18987],[-123.8357,46.18773],[-123.83021,46.18758],[-123.82862,46.18904],[-123.81553,46.18863],[-123.8042,46.19341],[-123.79961,46.19323],[-123.8,46.19136],[-123.80836,46.19154],[-123.81459,46.1888],[-123.82708,46.18812],[-123.82643,46.18221],[-123.82077,46.18239],[-123.81918,46.18025],[-123.8163,46.1812],[-123.81828,46.18129]]}},{"type":"Feature","properties":{"day":198,"label":"Day 198","description":"The Oregon Coast","miles":85.3},"geometry":{"type":"LineString","coordinates":[[-123.96818,46.18708],[-123.9632,46.18126],[-123.95668,46.18411],[-123.94964,46.17187],[-123.94758,46.16117],[-123.94252,46.14963],[-123.94089,46.14791],[-123.9366,46.14827],[-123.93248,46.14416],[-123.92853,46.12882],[-123.91651,46.09657],[-123.91548,46.08561],[-123.91754,46.07919],[-123.91102,46.01342],[-123.91102,46.01103],[-123.91445,46.00912],[-123.92406,45.98575],[-123.92681,45.9836],[-123.92784,45.97597],[-123.92372,45.96475],[-123.92372,45.96141],[-123.92612,45.95831],[-123.92647,45.9502],[-123.92269,45.94709],[-123.9196,45.93897],[-123.92715,45.9342],[-123.92921,45.9268],[-123.93677,45.92035],[-123.93883,45.91557],[-123.94672,45.91294],[-123.95393,45.90602],[-123.95359,45.89718],[-123.95943,45.88523],[-123.95771,45.87925],[-123.9584,45.86611],[-123.96286,45.85607],[-123.96046,45.84961],[-123.95874,45.83622],[-123.96046,45.83478],[-123.96114,45.81229],[-123.96698,45.79841],[-123.96286,45.79458],[-123.95565,45.77998],[-123.94569,45.77495],[-123.94398,45.77112],[-123.94981,45.76872],[-123.95256,45.76441],[-123.9584,45.76106],[-123.9584,45.7577],[-123.96389,45.75315],[-123.96046,45.74429],[-123.95325,45.74093],[-123.93642,45.73686],[-123.93059,45.73231],[-123.92921,45.71984],[-123.9275,45.71865],[-123.92475,45.72008],[-123.91136,45.71697],[-123.90415,45.71889],[-123.89488,45.71769],[-123.89145,45.70954],[-123.88664,45.70882],[-123.8839,45.70306],[-123.87703,45.69875],[-123.88218,45.68891],[-123.89145,45.68652],[-123.90449,45.68747],[-123.9117,45.68987],[-123.91891,45.68771],[-123.92372,45.6882],[-123.92441,45.67044],[-123.92338,45.66996],[-123.92887,45.66181],[-123.93127,45.65221],[-123.9402,45.64045],[-123.9481,45.58665],[-123.94535,45.58329],[-123.94604,45.57921],[-123.94226,45.56911],[-123.93162,45.55998],[-123.92406,45.5583],[-123.90999,45.5595],[-123.90346,45.56262],[-123.89111,45.56286],[-123.89214,45.5595],[-123.89866,45.55589],[-123.90518,45.54844],[-123.89934,45.53666],[-123.89831,45.52992],[-123.87737,45.51068],[-123.85025,45.496],[-123.84647,45.48974],[-123.84476,45.483],[-123.84441,45.45628],[-123.88321,45.45652],[-123.88596,45.46663],[-123.88905,45.47073],[-123.89214,45.47097],[-123.90106,45.47626],[-123.90415,45.48228],[-123.91548,45.48854],[-123.92097,45.49359],[-123.93505,45.49937],[-123.94466,45.50683],[-123.94844,45.50442],[-123.94535,45.49961],[-123.94672,45.49311],[-123.95737,45.48709],[-123.96561,45.48902],[-123.9723,45.48529],[-123.97865,45.48625],[-123.97093,45.48541],[-123.96492,45.48878],[-123.95822,45.48661],[-123.95273,45.49034],[-123.94981,45.48998],[-123.94672,45.49311],[-123.94552,45.49937],[-123.94827,45.5043],[-123.94226,45.50599],[-123.93436,45.49913],[-123.9184,45.49191],[-123.91239,45.48661],[-123.90776,45.48505],[-123.8966,45.47337],[-123.8887,45.47097],[-123.88527,45.45893],[-123.8839,45.45664],[-123.87995,45.45507],[-123.87754,45.44749],[-123.87926,45.44243],[-123.8954,45.43978],[-123.89917,45.43424],[-123.90484,45.43376],[-123.91823,45.42677],[-123.9426,45.43108],[-123.94426,45.43323]]}},{"type":"Feature","properties":{"day":199,"label":"Day 199","description":"To the Spruce Goose!","miles":80.8},"geometry":{"type":"LineString","coordinates":[[-123.94509,45.43397],[-123.94299,45.43123],[-123.91728,45.42713],[-123.90758,45.43267],[-123.89952,45.43412],[-123.89557,45.43942],[-123.8796,45.44267],[-123.87754,45.44725],[-123.87995,45.45507],[-123.87651,45.45712],[-123.87171,45.4558],[-123.8439,45.45652],[-123.84407,45.44917],[-123.82399,45.43303],[-123.82416,45.40978],[-123.80699,45.39893],[-123.8027,45.39387],[-123.80442,45.38181],[-123.80459,45.3618],[-123.80991,45.3583],[-123.80991,45.35275],[-123.82021,45.34177],[-123.83188,45.33875],[-123.83755,45.33332],[-123.83755,45.32367],[-123.84167,45.32017],[-123.83823,45.3163],[-123.83755,45.31124],[-123.83394,45.30423],[-123.83137,45.3017],[-123.82639,45.30109],[-123.82175,45.29518],[-123.82141,45.29023],[-123.8245,45.28274],[-123.82364,45.27996],[-123.82605,45.27754],[-123.82999,45.27706],[-123.83429,45.27428],[-123.83566,45.26969],[-123.83823,45.26764],[-123.84785,45.26812],[-123.84991,45.26401],[-123.84853,45.24661],[-123.85763,45.24468],[-123.86553,45.23706],[-123.86175,45.23017],[-123.859,45.22884],[-123.85883,45.2234],[-123.85694,45.22086],[-123.83892,45.20684],[-123.83669,45.19982],[-123.82725,45.19547],[-123.82055,45.1893],[-123.81798,45.18482],[-123.81987,45.18095],[-123.8063,45.1772],[-123.80373,45.16848],[-123.80424,45.16497],[-123.79978,45.15698],[-123.80115,45.15432],[-123.79875,45.15033],[-123.80081,45.1433],[-123.80304,45.1427],[-123.80287,45.14016],[-123.80648,45.13604],[-123.80733,45.12877],[-123.79309,45.1106],[-123.78862,45.10794],[-123.78982,45.10491],[-123.78759,45.10321],[-123.77867,45.10321],[-123.77472,45.10043],[-123.76923,45.10067],[-123.76682,45.09873],[-123.76408,45.09],[-123.76013,45.08794],[-123.75601,45.09098],[-123.75,45.09219],[-123.74125,45.09667],[-123.73987,45.09873],[-123.74176,45.10115],[-123.74245,45.10624],[-123.72683,45.11024],[-123.71464,45.10491],[-123.70091,45.10273],[-123.69267,45.09619],[-123.68769,45.09425],[-123.68202,45.09497],[-123.67327,45.09],[-123.66692,45.08952],[-123.65627,45.08407],[-123.641,45.08213],[-123.63756,45.08322],[-123.63224,45.08007],[-123.59705,45.07995],[-123.59516,45.07776],[-123.57645,45.07619],[-123.57697,45.07267],[-123.5737,45.06976],[-123.57611,45.0671],[-123.57199,45.062],[-123.5598,45.06152],[-123.53405,45.05109],[-123.50435,45.05085],[-123.48307,45.05921],[-123.46195,45.07255],[-123.37715,45.09461],[-123.33921,45.10212],[-123.31501,45.11642],[-123.24755,45.16994],[-123.21837,45.18942],[-123.19708,45.19123],[-123.1782,45.20091],[-123.14524,45.20103],[-123.14369,45.20478],[-123.14077,45.20478],[-123.14472,45.2049],[-123.14455,45.20103],[-123.17665,45.20055],[-123.18609,45.20974],[-123.19777,45.20998],[-123.19802,45.20478],[-123.21837,45.18912]]}},{"type":"Feature","properties":{"day":200,"label":"Day 200","description":"The Oregon Coast","miles":130.5},"geometry":{"type":"LineString","coordinates":[[-123.94398,45.43333],[-123.94509,45.43291],[-123.9426,45.43111],[-123.91737,45.42707],[-123.9081,45.43237],[-123.89875,45.43442],[-123.89505,45.43972],[-123.87909,45.44291],[-123.87763,45.44749],[-123.87986,45.45568],[-123.87712,45.457],[-123.84416,45.45628],[-123.84355,45.44851],[-123.82442,45.43436],[-123.82416,45.42683],[-123.80176,45.42683],[-123.79849,45.42309],[-123.80184,45.42279],[-123.80287,45.42081],[-123.80038,45.41978],[-123.79841,45.42273],[-123.8015,45.42689],[-123.82407,45.42683],[-123.82399,45.409],[-123.80759,45.39941],[-123.80313,45.39483],[-123.80459,45.38278],[-123.80356,45.36373],[-123.80424,45.36155],[-123.80871,45.35842],[-123.81214,45.34901],[-123.82072,45.34056],[-123.83102,45.33911],[-123.83823,45.33212],[-123.83686,45.32463],[-123.84167,45.31956],[-123.83755,45.31498],[-123.83755,45.31136],[-123.83308,45.30242],[-123.82519,45.29928],[-123.82244,45.29324],[-123.82381,45.27972],[-123.83514,45.2732],[-123.83549,45.27005],[-123.84716,45.26909],[-123.84956,45.26474],[-123.84991,45.25966],[-123.84853,45.24758],[-123.85403,45.24468],[-123.8578,45.24492],[-123.86604,45.23743],[-123.86089,45.23138],[-123.86433,45.22848],[-123.87051,45.22969],[-123.87257,45.22485],[-123.87531,45.22316],[-123.876,45.21276],[-123.88252,45.20841],[-123.89008,45.20599],[-123.89557,45.19559],[-123.90896,45.1847],[-123.91926,45.18373],[-123.92063,45.18107],[-123.92647,45.17841],[-123.92956,45.17502],[-123.93127,45.16437],[-123.93368,45.16243],[-123.95222,45.15638],[-123.95565,45.1542],[-123.95771,45.1496],[-123.96904,45.14379],[-123.96664,45.1341],[-123.97144,45.12659],[-123.96698,45.11933],[-123.98243,45.10164],[-123.9687,45.08807],[-123.95771,45.08152],[-123.94947,45.07958],[-123.94604,45.07401],[-123.94878,45.07158],[-123.94707,45.06819],[-123.94878,45.06018],[-123.95393,45.05703],[-123.95496,45.04418],[-123.95084,45.04151],[-123.95153,45.0369],[-123.95531,45.02816],[-123.97385,45.02064],[-123.97659,45.01336],[-123.979,45.01336],[-123.97831,45.00802],[-123.99033,44.99928],[-124.00509,44.99588],[-124.00646,44.99297],[-124.00509,44.98763],[-124.00715,44.98447],[-124.00715,44.98083],[-124.00955,44.98058],[-124.01779,44.96553],[-124.01814,44.96358],[-124.01402,44.96091],[-124.01402,44.95022],[-124.0202,44.94439],[-124.02363,44.93564],[-124.01402,44.92738],[-124.01402,44.92251],[-124.00509,44.91425],[-124.00784,44.89674],[-124.02638,44.88823],[-124.03118,44.88166],[-124.03908,44.85855],[-124.04594,44.84638],[-124.05899,44.82885],[-124.06551,44.82812],[-124.06071,44.80425],[-124.06517,44.79621],[-124.06551,44.78744],[-124.06998,44.78622],[-124.07272,44.78037],[-124.07015,44.77781],[-124.07152,44.77282],[-124.06637,44.76855],[-124.06277,44.76282],[-124.06294,44.7599],[-124.06019,44.75831],[-124.06019,44.75575],[-124.05264,44.74954],[-124.06534,44.74771],[-124.05418,44.74795],[-124.05573,44.74649],[-124.0583,44.71307],[-124.06054,44.70856],[-124.06363,44.68782],[-124.06071,44.67427],[-124.05384,44.66108],[-124.05281,44.654],[-124.05281,44.63617],[-124.06105,44.6286],[-124.05968,44.62493],[-124.05144,44.61736],[-124.05075,44.61222],[-124.06483,44.58778],[-124.06311,44.58338],[-124.0662,44.57995],[-124.07375,44.54155],[-124.07547,44.5254],[-124.0686,44.52148],[-124.07513,44.5183],[-124.08337,44.49357],[-124.07925,44.47471],[-124.07959,44.46736],[-124.07375,44.45363],[-124.07513,44.43599],[-124.06895,44.43035],[-124.06826,44.42495],[-124.08268,44.41466],[-124.09813,44.33097],[-124.10431,44.31279],[-124.09882,44.30862],[-124.10637,44.30272],[-124.10912,44.29707],[-124.10671,44.29265],[-124.11289,44.28872],[-124.11289,44.28577],[-124.10946,44.28478],[-124.10877,44.28208],[-124.11324,44.27569],[-124.1074,44.27003],[-124.10706,44.26659],[-124.1074,44.26315],[-124.1098,44.26167],[-124.10877,44.25897],[-124.11221,44.25086],[-124.10912,44.2238],[-124.11392,44.21814],[-124.11255,44.21125],[-124.1153,44.20731],[-124.11324,44.19476],[-124.11598,44.17753],[-124.11427,44.16546],[-124.1177,44.14748],[-124.11736,44.1391],[-124.1201,44.13738],[-124.12457,44.13812],[-124.12148,44.13565],[-124.12663,44.12284],[-124.12628,44.12037],[-124.11873,44.1184],[-124.12285,44.11323],[-124.12148,44.10189],[-124.11118,44.09128],[-124.10637,44.08068],[-124.10088,44.07353],[-124.10088,44.07007],[-124.09813,44.06465],[-124.10019,44.05651],[-124.0971,44.05256],[-124.09779,44.04688],[-124.09401,44.04688],[-124.09264,44.04515],[-124.0947,44.04417],[-124.09538,44.04762],[-124.09916,44.04713],[-124.10122,44.02072],[-124.10122,43.97898],[-124.10259,43.97478],[-124.10105,43.97453],[-124.10088,43.97219],[-124.10259,43.96934],[-124.10019,43.9691]]}},{"type":"Feature","properties":{"day":201,"label":"Day 201","description":"Down the Oregon Coast","miles":49.3},"geometry":{"type":"LineString","coordinates":[[-124.10088,43.96898],[-124.10654,43.96848],[-124.10585,43.96749],[-124.10328,43.96848],[-124.10397,43.96996],[-124.09985,43.97083],[-124.10105,43.97453],[-124.10294,43.97478],[-124.10877,43.967],[-124.10912,43.96366],[-124.10414,43.95687],[-124.10431,43.93993],[-124.10791,43.92213],[-124.12165,43.88367],[-124.12783,43.88268],[-124.13298,43.87043],[-124.14534,43.85384],[-124.15066,43.83614],[-124.14808,43.82487],[-124.15358,43.81694],[-124.15409,43.80839],[-124.14791,43.80344],[-124.14843,43.7934],[-124.15031,43.78882],[-124.14276,43.78436],[-124.14208,43.77989],[-124.14431,43.77394],[-124.14259,43.77109],[-124.12989,43.76899],[-124.12851,43.76328],[-124.12302,43.76118],[-124.12251,43.75609],[-124.12577,43.75473],[-124.12594,43.75225],[-124.11873,43.7484],[-124.11118,43.74059],[-124.11169,43.72918],[-124.10894,43.72174],[-124.10105,43.71864],[-124.0995,43.71305],[-124.10465,43.70337],[-124.11392,43.69717],[-124.14311,43.68898],[-124.16061,43.6747],[-124.16988,43.6742],[-124.174,43.67557],[-124.18345,43.66911],[-124.18757,43.66365],[-124.18739,43.65906],[-124.18997,43.6557],[-124.18928,43.64726],[-124.191,43.6439],[-124.1898,43.63931],[-124.18516,43.63458],[-124.1819,43.62266],[-124.1807,43.5978],[-124.18413,43.58773],[-124.19349,43.59025],[-124.19915,43.59398],[-124.20563,43.59373],[-124.20692,43.59245],[-124.20555,43.59068],[-124.20254,43.59326],[-124.19881,43.59335],[-124.18645,43.58819],[-124.1843,43.58689],[-124.18448,43.58244],[-124.18757,43.57859],[-124.19589,43.57411],[-124.20379,43.5654],[-124.21537,43.53698],[-124.21915,43.49229],[-124.22361,43.48033],[-124.22361,43.47136],[-124.22945,43.4584],[-124.22945,43.45504],[-124.22001,43.43884],[-124.22361,43.41951],[-124.22413,43.40704]]}},{"type":"Feature","properties":{"day":204,"label":"Day 204","description":"Lighthouse Country","miles":54.2},"geometry":{"type":"LineString","coordinates":[[-124.2243,43.40754],[-124.21949,43.3942],[-124.22138,43.38534],[-124.21297,43.37498],[-124.21349,43.35789],[-124.20061,43.35427],[-124.19735,43.34728],[-124.19889,43.34178],[-124.19769,43.33779],[-124.20181,43.32755],[-124.20645,43.32493],[-124.20559,43.32281],[-124.20799,43.31294],[-124.21125,43.30757],[-124.21246,43.29882],[-124.22121,43.28945],[-124.23168,43.2912],[-124.25297,43.2867],[-124.25812,43.2837],[-124.26241,43.26833],[-124.27099,43.25671],[-124.2746,43.25496],[-124.28249,43.25558],[-124.28558,43.25383],[-124.28953,43.2367],[-124.3079,43.21656],[-124.30601,43.2068],[-124.30704,43.2048],[-124.31923,43.19329],[-124.32404,43.19166],[-124.33262,43.19241],[-124.33966,43.19091],[-124.34566,43.19291],[-124.3491,43.19229],[-124.39287,43.15749],[-124.3951,43.15423],[-124.39545,43.14383],[-124.39751,43.1397],[-124.39836,43.11953],[-124.41038,43.11941],[-124.41484,43.1159],[-124.41536,43.0502],[-124.41416,43.04769],[-124.41587,43.0374],[-124.41553,43.00239],[-124.42326,42.98267],[-124.4236,42.97677],[-124.43029,42.96333],[-124.43905,42.95378],[-124.443,42.947],[-124.44969,42.93167],[-124.45055,42.91985],[-124.45587,42.91168],[-124.46463,42.88225],[-124.46789,42.87936],[-124.4684,42.87282],[-124.46669,42.86338],[-124.4696,42.86074],[-124.47733,42.84073],[-124.47939,42.83091],[-124.48282,42.82776],[-124.48196,42.8119],[-124.48437,42.80661],[-124.52471,42.82336],[-124.52454,42.83293],[-124.53363,42.83645],[-124.53638,42.83985],[-124.54136,42.84123],[-124.54943,42.8367],[-124.54702,42.83481]]}},{"type":"Feature","properties":{"day":208,"label":"Day 208","description":"Back to California","miles":89.9},"geometry":{"type":"LineString","coordinates":[[-124.55149,42.83255],[-124.55406,42.83607],[-124.5496,42.8367],[-124.54428,42.84048],[-124.54136,42.84149],[-124.53569,42.83935],[-124.53346,42.8367],[-124.52454,42.83267],[-124.52368,42.83091],[-124.52557,42.82953],[-124.52436,42.82361],[-124.48454,42.80661],[-124.48626,42.79729],[-124.49415,42.78835],[-124.49793,42.76604],[-124.49741,42.74512],[-124.48523,42.74121],[-124.48179,42.73806],[-124.47355,42.73617],[-124.46634,42.72444],[-124.46703,42.71965],[-124.46154,42.71536],[-124.45725,42.70388],[-124.45278,42.69783],[-124.45313,42.69392],[-124.44866,42.69114],[-124.4466,42.68736],[-124.44488,42.68635],[-124.43562,42.689],[-124.43218,42.68698],[-124.42772,42.68685],[-124.42635,42.68382],[-124.42137,42.6842],[-124.41896,42.68243],[-124.42034,42.67247],[-124.41107,42.66009],[-124.40746,42.65],[-124.40901,42.64633],[-124.40008,42.6332],[-124.39682,42.61691],[-124.39184,42.61046],[-124.39167,42.60592],[-124.39854,42.59985],[-124.39922,42.5948],[-124.39253,42.58721],[-124.39236,42.58051],[-124.38961,42.57811],[-124.38995,42.57571],[-124.38429,42.5632],[-124.39407,42.55169],[-124.39751,42.5398],[-124.41055,42.51121],[-124.40952,42.50539],[-124.41793,42.48172],[-124.41896,42.46032],[-124.43064,42.43309],[-124.43029,42.43068],[-124.42772,42.42903],[-124.41364,42.42992],[-124.41347,42.4232],[-124.41673,42.42168],[-124.42068,42.41421],[-124.42343,42.3867],[-124.41845,42.36615],[-124.4121,42.35474],[-124.41793,42.34598],[-124.41708,42.34307],[-124.41261,42.33989],[-124.41227,42.33634],[-124.4236,42.32987],[-124.41639,42.32378],[-124.41467,42.31959],[-124.41639,42.31692],[-124.41347,42.30931],[-124.40935,42.30639],[-124.41107,42.30194],[-124.40523,42.29077],[-124.40506,42.27998],[-124.39785,42.25533],[-124.39201,42.24999],[-124.39133,42.23602],[-124.38618,42.23335],[-124.37845,42.2228],[-124.37262,42.21987],[-124.37159,42.21771],[-124.37502,42.2139],[-124.37296,42.20767],[-124.37399,42.20004],[-124.35991,42.1849],[-124.35768,42.17231],[-124.35974,42.16862],[-124.35785,42.16277],[-124.36008,42.15691],[-124.35905,42.14966],[-124.35236,42.14559],[-124.35236,42.13999],[-124.34978,42.13604],[-124.3503,42.13273],[-124.34824,42.12917],[-124.34944,42.1256],[-124.34858,42.11185],[-124.32901,42.08752],[-124.31013,42.07402],[-124.29554,42.05579],[-124.28163,42.05261],[-124.27202,42.0549],[-124.2655,42.05452],[-124.21915,42.01665],[-124.21005,42.00441],[-124.20765,41.98935],[-124.20336,41.98387],[-124.2025,41.96281],[-124.20456,41.9549],[-124.20216,41.95132],[-124.18894,41.94289],[-124.16851,41.93434],[-124.1474,41.93064],[-124.13641,41.92029],[-124.13675,41.88158],[-124.12851,41.87902],[-124.12457,41.87506],[-124.12336,41.87071],[-124.11839,41.867],[-124.11701,41.86419],[-124.12079,41.85077],[-124.11272,41.84156],[-124.10809,41.83964],[-124.10448,41.83389],[-124.10328,41.82736],[-124.09779,41.82148],[-124.09264,41.81687],[-124.08354,41.81419],[-124.07873,41.80996],[-124.08457,41.79896],[-124.07805,41.79371],[-124.07204,41.79295],[-124.07187,41.79422],[-124.07375,41.79448]]}},{"type":"Feature","properties":{"day":209,"label":"Day 209","description":"Oregon Caves","miles":67.9},"geometry":{"type":"LineString","coordinates":[[-124.07169,41.79416],[-124.07152,41.79295],[-124.05951,41.79128],[-124.05822,41.79237],[-124.05865,41.79717],[-124.05607,41.80133],[-124.05341,41.80267],[-124.0523,41.80779],[-124.04594,41.80894],[-124.04388,41.81431],[-124.03908,41.81585],[-124.03599,41.82173],[-124.03187,41.8225],[-124.03256,41.83018],[-124.0353,41.83043],[-124.03599,41.83964],[-124.02363,41.83913],[-124.02123,41.84348],[-124.01711,41.84399],[-124.01127,41.84233],[-124.00389,41.84373],[-123.9941,41.8422],[-123.98054,41.84527],[-123.96887,41.84527],[-123.94861,41.83747],[-123.94072,41.83619],[-123.92527,41.8445],[-123.89368,41.8532],[-123.89042,41.85614],[-123.88304,41.85857],[-123.87548,41.85895],[-123.86415,41.86483],[-123.85712,41.86317],[-123.85179,41.87224],[-123.8451,41.87288],[-123.8427,41.87557],[-123.83806,41.86879],[-123.83377,41.86726],[-123.83137,41.86918],[-123.83257,41.87109],[-123.83137,41.87838],[-123.82759,41.87825],[-123.82622,41.88375],[-123.82004,41.88209],[-123.81849,41.88349],[-123.80802,41.8849],[-123.80064,41.88988],[-123.79223,41.89014],[-123.79291,41.8918],[-123.78639,41.89576],[-123.78279,41.8941],[-123.77043,41.89844],[-123.76888,41.90062],[-123.7682,41.90815],[-123.77043,41.91211],[-123.7682,41.91799],[-123.76442,41.92016],[-123.75858,41.92859],[-123.75738,41.92795],[-123.75549,41.9374],[-123.7512,41.94008],[-123.74331,41.95209],[-123.74743,41.96702],[-123.74004,41.97481],[-123.73198,41.97519],[-123.72116,41.97915],[-123.71841,41.98361],[-123.71773,41.99101],[-123.72906,42.0127],[-123.72992,42.02583],[-123.72734,42.03042],[-123.7215,42.03412],[-123.72065,42.04266],[-123.71601,42.05082],[-123.71069,42.05516],[-123.70794,42.06102],[-123.68357,42.09236],[-123.67447,42.11771],[-123.6652,42.1335],[-123.65044,42.15246],[-123.64632,42.16366],[-123.6446,42.18045],[-123.65095,42.19966],[-123.65009,42.1933],[-123.64443,42.18325],[-123.64683,42.16277],[-123.62915,42.15679],[-123.62125,42.14826],[-123.60203,42.1475],[-123.58418,42.15004],[-123.57576,42.15297],[-123.56958,42.15831],[-123.55431,42.15844],[-123.54572,42.15526],[-123.54092,42.15691],[-123.53096,42.15628],[-123.51997,42.16213],[-123.50882,42.16468],[-123.50143,42.16442],[-123.49731,42.16607],[-123.48272,42.16506],[-123.45921,42.14088],[-123.45715,42.14043],[-123.46131,42.13671],[-123.46376,42.12859],[-123.4577,42.12551],[-123.45543,42.12582],[-123.45758,42.12573],[-123.4617,42.12913],[-123.45882,42.12907],[-123.45715,42.12687],[-123.44144,42.12538],[-123.43934,42.12407],[-123.43951,42.11933],[-123.43633,42.11854],[-123.432,42.12009],[-123.43187,42.11787],[-123.42642,42.11417],[-123.4105,42.11188],[-123.40835,42.10898],[-123.40488,42.10768],[-123.41651,42.10653],[-123.41247,42.09981],[-123.40749,42.09864]]}},{"type":"Feature","properties":{"day":210,"label":"Day 210","description":"To the Avenue of the Giants","miles":135.8},"geometry":{"type":"LineString","coordinates":[[-124.07298,41.79339],[-124.07796,41.79397],[-124.08405,41.79813],[-124.08397,41.8012],[-124.08114,41.80568],[-124.09315,41.81144],[-124.10989,41.81137],[-124.11195,41.80984],[-124.1153,41.8115],[-124.12757,41.8106],[-124.12705,41.80766],[-124.1316,41.80894],[-124.13907,41.80453],[-124.14568,41.80446],[-124.15023,41.80254],[-124.15358,41.79762],[-124.18551,41.77586],[-124.18902,41.77016],[-124.19692,41.76344],[-124.19812,41.75883],[-124.19246,41.75236],[-124.18559,41.7523],[-124.17624,41.74589],[-124.14808,41.73328],[-124.13976,41.72399],[-124.13547,41.71451],[-124.12688,41.71053],[-124.13169,41.70842],[-124.13023,41.70605],[-124.12594,41.70522],[-124.11761,41.69554],[-124.10654,41.6906],[-124.10731,41.68522],[-124.11298,41.68375],[-124.11401,41.68137],[-124.11289,41.66644],[-124.11624,41.65926],[-124.11547,41.65214],[-124.11255,41.64572],[-124.11538,41.64245],[-124.11555,41.63392],[-124.11263,41.63026],[-124.10946,41.6175],[-124.10603,41.61525],[-124.10285,41.60607],[-124.1001,41.60338],[-124.09985,41.59497],[-124.091,41.58508],[-124.08208,41.58271],[-124.07435,41.57751],[-124.06706,41.56511],[-124.05556,41.55465],[-124.04878,41.53865],[-124.03436,41.52362],[-124.02938,41.51513],[-124.02852,41.51141],[-124.03144,41.508],[-124.0329,41.50286],[-124.04303,41.49623],[-124.05058,41.48672],[-124.05084,41.4837],[-124.03144,41.45797],[-124.03135,41.45469],[-124.0208,41.44582],[-124.0226,41.43468],[-124.02157,41.4334],[-124.0147,41.42831],[-123.99736,41.42239],[-123.99788,41.41692],[-124.00269,41.41364],[-124.00329,41.41158],[-124.002,41.4072],[-123.99633,41.40514],[-123.99307,41.40063],[-123.99487,41.38885],[-123.99462,41.37649],[-123.99041,41.37108],[-123.99178,41.36708],[-123.98938,41.36296],[-123.99256,41.35851],[-124.0026,41.35974],[-124.01135,41.358],[-124.0147,41.35465],[-124.02929,41.3466],[-124.0335,41.33983],[-124.03101,41.3377],[-124.02998,41.32881],[-124.03865,41.32236],[-124.04414,41.31276],[-124.04543,41.31037],[-124.0444,41.30322],[-124.04972,41.30089],[-124.05444,41.29644],[-124.05899,41.28722],[-124.06199,41.28471],[-124.07667,41.28477],[-124.08345,41.28735],[-124.09306,41.28168],[-124.09796,41.26542],[-124.09573,41.25871],[-124.08706,41.24987],[-124.08791,41.24613],[-124.08491,41.242],[-124.0832,41.23406],[-124.08637,41.22657],[-124.09701,41.22037],[-124.10628,41.21786],[-124.10809,41.21579],[-124.11083,41.20229],[-124.10989,41.19577],[-124.11109,41.195],[-124.10757,41.18783],[-124.10834,41.18647],[-124.10551,41.17794],[-124.10276,41.17613],[-124.10182,41.16942],[-124.10431,41.16631],[-124.12148,41.15895],[-124.13504,41.1508],[-124.13761,41.14085],[-124.1401,41.13852],[-124.15203,41.13484],[-124.15632,41.12514],[-124.15606,41.1135],[-124.16001,41.10827],[-124.15847,41.10426],[-124.15984,41.10309],[-124.15692,41.0954],[-124.151,41.08983],[-124.13967,41.06169],[-124.14293,41.06078],[-124.14302,41.05826],[-124.13958,41.06201],[-124.12757,41.05612],[-124.11555,41.04292],[-124.10723,41.0277],[-124.10671,41.01747],[-124.11229,41.00225],[-124.11753,40.97931],[-124.1159,40.96849],[-124.11624,40.9379],[-124.11109,40.92668],[-124.09367,40.91799],[-124.08045,40.89152],[-124.07968,40.88588],[-124.08259,40.87757],[-124.08302,40.86933],[-124.08234,40.83115],[-124.08526,40.8255],[-124.09083,40.82167],[-124.12336,40.80549],[-124.15692,40.80549],[-124.17512,40.80147],[-124.17512,40.79685],[-124.18619,40.7795],[-124.19014,40.77684],[-124.19169,40.76728],[-124.18963,40.75987],[-124.19023,40.75662],[-124.19795,40.74628],[-124.21366,40.73269],[-124.21572,40.72007],[-124.21503,40.71454],[-124.21022,40.7083],[-124.20859,40.70231],[-124.20507,40.69964],[-124.20361,40.69632],[-124.20087,40.68161],[-124.2049,40.65994],[-124.21177,40.65258],[-124.20868,40.6432],[-124.21623,40.62757],[-124.21615,40.62477],[-124.15933,40.59499],[-124.15203,40.58417],[-124.14946,40.57687],[-124.14465,40.5444],[-124.14456,40.54192],[-124.1504,40.53292],[-124.151,40.52567],[-124.14525,40.52045],[-124.12637,40.51328],[-124.12113,40.50858],[-124.10585,40.50505],[-124.09985,40.50186],[-124.09779,40.49168],[-124.09993,40.47385],[-124.09049,40.46308],[-124.06929,40.45844],[-124.0638,40.4542],[-124.0486,40.45341],[-124.04002,40.44747],[-124.03933,40.44257],[-124.0359,40.43983],[-124.02423,40.44068],[-124.0159,40.44375],[-124.00672,40.44375],[-123.99779,40.43695],[-123.98801,40.43499],[-123.98286,40.42748],[-123.98166,40.42045],[-123.97835,40.41575],[-123.96247,40.41271],[-123.94814,40.39726],[-123.94711,40.39863],[-123.94981,40.40075],[-123.95235,40.40677],[-123.96282,40.41614],[-123.96745,40.4167],[-123.96231,40.41703],[-123.96435,40.41697]]}},{"type":"Feature","properties":{"day":212,"label":"Day 212","description":"Into Wine Country","miles":172.7},"geometry":{"type":"LineString","coordinates":[[-123.96646,40.41807],[-123.96646,40.41676],[-123.9632,40.41663],[-123.95428,40.4084],[-123.95204,40.40369],[-123.94672,40.39833],[-123.93368,40.3952],[-123.93059,40.39245],[-123.92527,40.38238],[-123.92458,40.37441],[-123.92578,40.37244],[-123.92029,40.36551],[-123.91926,40.36159],[-123.93333,40.34327],[-123.93814,40.33935],[-123.92527,40.32757],[-123.92664,40.31985],[-123.90364,40.30493],[-123.89437,40.30165],[-123.89471,40.29603],[-123.89883,40.29328],[-123.89797,40.28725],[-123.89454,40.2845],[-123.89008,40.28359],[-123.88716,40.27704],[-123.87651,40.27141],[-123.87136,40.26682],[-123.86862,40.26748],[-123.86364,40.27337],[-123.86381,40.27756],[-123.86175,40.28267],[-123.85471,40.28123],[-123.84973,40.26866],[-123.84579,40.26577],[-123.8439,40.26119],[-123.8415,40.25949],[-123.82158,40.25569],[-123.82055,40.25411],[-123.82313,40.24979],[-123.82038,40.24154],[-123.82399,40.23787],[-123.82416,40.22948],[-123.82141,40.22227],[-123.81472,40.21913],[-123.80905,40.21939],[-123.80476,40.22306],[-123.79583,40.22162],[-123.78914,40.2224],[-123.78588,40.22004],[-123.78674,40.211],[-123.78502,40.20523],[-123.7797,40.20405],[-123.773,40.19631],[-123.76905,40.19461],[-123.76974,40.18845],[-123.77489,40.18136],[-123.78073,40.17848],[-123.78107,40.16851],[-123.79515,40.15657],[-123.79583,40.15119],[-123.80768,40.14214],[-123.80836,40.13912],[-123.80716,40.13427],[-123.79909,40.1281],[-123.7924,40.113],[-123.79703,40.10092],[-123.79549,40.09646],[-123.79068,40.09134],[-123.78965,40.07781],[-123.79085,40.07426],[-123.78811,40.06677],[-123.78365,40.0631],[-123.78365,40.06086],[-123.79137,40.05574],[-123.79274,40.0514],[-123.78433,40.04667],[-123.77523,40.03511],[-123.77987,40.03208],[-123.78536,40.03419],[-123.7924,40.03445],[-123.79412,40.02354],[-123.79034,40.01841],[-123.79171,40.01513],[-123.79068,40.01092],[-123.78742,40.00553],[-123.78279,40.00263],[-123.78759,39.9979],[-123.78931,39.99067],[-123.80167,39.9837],[-123.80218,39.97936],[-123.79755,39.9687],[-123.78159,39.95831],[-123.7797,39.95304],[-123.78107,39.94975],[-123.77747,39.94041],[-123.76013,39.92777],[-123.76116,39.9229],[-123.76648,39.91908],[-123.76699,39.91685],[-123.76013,39.91461],[-123.75772,39.90987],[-123.75807,39.90605],[-123.75378,39.90737],[-123.74966,39.90631],[-123.75,39.90315],[-123.75429,39.90183],[-123.75463,39.90065],[-123.75086,39.89802],[-123.75086,39.8963],[-123.75429,39.89512],[-123.75412,39.89314],[-123.74777,39.88998],[-123.74777,39.88774],[-123.73747,39.88682],[-123.7318,39.87826],[-123.72047,39.87707],[-123.71395,39.87879],[-123.71,39.87378],[-123.71447,39.86732],[-123.71601,39.85929],[-123.7203,39.85863],[-123.71567,39.85836],[-123.71876,39.85336],[-123.71807,39.85178],[-123.69696,39.84453],[-123.67893,39.83372],[-123.67395,39.83003],[-123.67275,39.8266],[-123.66863,39.82594],[-123.65971,39.8295],[-123.65559,39.82831],[-123.64889,39.8324],[-123.63138,39.83464],[-123.62074,39.83266],[-123.61061,39.82805],[-123.59928,39.82897],[-123.59345,39.82594],[-123.58847,39.82792],[-123.58332,39.8266],[-123.57782,39.82831],[-123.57199,39.82726],[-123.56495,39.82264],[-123.56375,39.81763],[-123.55431,39.80933],[-123.54899,39.80906],[-123.54384,39.80392],[-123.54246,39.79139],[-123.54435,39.78704],[-123.54229,39.7811],[-123.54607,39.77187],[-123.54349,39.76765],[-123.54332,39.76408],[-123.53663,39.75748],[-123.53697,39.75537],[-123.53285,39.7497],[-123.51465,39.74033],[-123.51345,39.73399],[-123.50641,39.72924],[-123.49852,39.71511],[-123.49148,39.71049],[-123.48822,39.70613],[-123.48289,39.68737],[-123.47637,39.68117],[-123.47551,39.67152],[-123.47757,39.66002],[-123.47637,39.64853],[-123.46744,39.63332],[-123.46281,39.63094],[-123.46247,39.62698],[-123.46504,39.61984],[-123.45903,39.61468],[-123.45852,39.60992],[-123.45354,39.60185],[-123.45474,39.59841],[-123.45337,39.59206],[-123.43878,39.57579],[-123.43826,39.57222],[-123.43534,39.57023],[-123.43208,39.5566],[-123.42522,39.55091],[-123.42298,39.54376],[-123.41818,39.54125],[-123.4168,39.53662],[-123.41217,39.53476],[-123.40548,39.53595],[-123.40221,39.52788],[-123.39844,39.52417],[-123.3926,39.52165],[-123.38676,39.51146],[-123.37646,39.50113],[-123.36307,39.49172],[-123.36033,39.48616],[-123.36359,39.47821],[-123.3629,39.47211],[-123.35054,39.46456],[-123.34797,39.45051],[-123.3581,39.4346],[-123.35792,39.42824],[-123.35381,39.42466],[-123.35415,39.40967],[-123.34969,39.40211],[-123.34917,39.39455],[-123.33904,39.37863],[-123.33492,39.37624],[-123.32359,39.37412],[-123.31552,39.36589],[-123.31552,39.36178],[-123.32256,39.3497],[-123.31123,39.33815],[-123.30368,39.3339],[-123.30437,39.33111],[-123.30128,39.32792],[-123.30145,39.31717],[-123.29784,39.31225],[-123.30025,39.30667],[-123.29956,39.30495],[-123.29355,39.30017],[-123.286,39.29924],[-123.27587,39.29326],[-123.27175,39.29313],[-123.26506,39.28901],[-123.25768,39.27838],[-123.246,39.27147],[-123.23467,39.26854],[-123.22334,39.26243],[-123.21339,39.25472],[-123.20652,39.24276],[-123.20875,39.23531],[-123.20618,39.21709],[-123.20377,39.21084],[-123.20944,39.1986],[-123.2127,39.17226],[-123.19897,39.16201],[-123.1945,39.12047],[-123.19588,39.11581],[-123.19536,39.10915],[-123.20463,39.12287],[-123.20515,39.13685],[-123.19433,39.13592],[-123.19605,39.13432],[-123.19433,39.11967],[-123.19656,39.11648],[-123.19485,39.10755],[-123.1794,39.07891],[-123.16206,39.06172],[-123.11777,39.00118],[-123.11726,38.99731],[-123.11897,38.99437],[-123.1176,38.98463],[-123.11468,38.97743],[-123.11709,38.97156],[-123.11228,38.96101],[-123.10558,38.95487],[-123.08361,38.94806],[-123.07863,38.94125],[-123.06696,38.93805],[-123.0558,38.9271],[-123.05838,38.91748],[-123.05306,38.91147],[-123.05752,38.90493],[-123.05563,38.90199],[-123.05718,38.89718],[-123.0534,38.8909],[-123.0546,38.88408],[-123.05323,38.88141],[-123.0455,38.8774],[-123.04499,38.87232],[-123.03846,38.85762],[-123.03074,38.85201],[-123.03005,38.84947],[-123.02679,38.84733],[-123.0261,38.84198],[-123.02113,38.84024],[-123.02044,38.83503],[-123.0146,38.83088],[-123.01529,38.82272],[-123.01168,38.81029],[-123.0134,38.80132],[-123.00945,38.78326],[-122.99486,38.7672],[-122.97443,38.75863],[-122.96482,38.74953],[-122.94645,38.73909],[-122.94182,38.72945],[-122.92654,38.72114],[-122.9171,38.71123],[-122.89753,38.70186],[-122.88414,38.69301],[-122.88122,38.68806],[-122.88019,38.67372],[-122.87556,38.66125],[-122.87144,38.6587],[-122.86938,38.64999],[-122.86079,38.65857],[-122.85496,38.66125],[-122.84277,38.66098],[-122.83075,38.65736]]}},{"type":"Feature","properties":{"day":213,"label":"Day 213","description":"Almost Home","miles":37.5},"geometry":{"type":"LineString","coordinates":[[-122.82955,38.6587],[-122.83848,38.6579],[-122.84637,38.66139],[-122.8529,38.66112],[-122.85805,38.65978],[-122.86903,38.652],[-122.868,38.6461],[-122.8735,38.64047],[-122.87453,38.63645],[-122.87247,38.63189],[-122.87178,38.61312],[-122.868,38.60319],[-122.8474,38.59165],[-122.77908,38.51325],[-122.73445,38.48101],[-122.72621,38.46327],[-122.72587,38.45009],[-122.71523,38.43235],[-122.71557,38.37558],[-122.71214,38.36804],[-122.71282,38.32792],[-122.71557,38.31338],[-122.70184,38.29586],[-122.65926,38.26433],[-122.62493,38.24546],[-122.61635,38.23306],[-122.61043,38.23319],[-122.61223,38.23002]]}}]}
